customerID,tenure,MonthlyCharges,TotalCharges,call_duration_sec,wait_time_sec,repeat_contacts_7d,usage_change_score,label,gender,SeniorCitizen,Partner,Dependents,PhoneService,billing_issue_flag,Actual_Churn,Predicted_Churn,Churn_Probability,MultipleLines,InternetService,OnlineSecurity,OnlineBackup,DeviceProtection,TechSupport,StreamingTV,StreamingMovies,Contract,PaperlessBilling,PaymentMethod,issue_category,contact_number,customer_name,summary_text
0106-GHRQR,16,71.4,1212.1,170,30,1,0.5,0,True,False,True,False,False,False,0.0,1.0,0.5650680834683729,Yes,DSL,No,Yes,Yes,No,No,Yes,Month-to-month,Yes,Electronic check,품질,1048926633,김서현,"고객이 인터넷 끊김 문제를 상담사에게 문의하였고, 점검 후 문제가 해결되었다."
0942-KOWSM,30,80.8,2369.3,288,35,0,0.778,0,True,False,True,False,False,False,0.0,0.0,0.0279696415575861,No phone service,DSL,No,Yes,Yes,Yes,Yes,Yes,Two year,Yes,Electronic check,해지,1013317181,윤하린,"고객이 요금 인상 문제로 해지를 고려 중이며, 상담사는 대안 검토와 해지 조건을 안내했다."
2070-FNEXE,7,76.45,503.6,366,31,3,0.418,0,True,False,True,False,False,False,1.0,1.0,0.7024536359264798,No phone service,Fiber optic,Yes,Yes,No,No,No,No,Month-to-month,Yes,Electronic check,품질,1005250309,최예준,"고객이 회의 중 끊김 문제로 상담 요청을 하였고, 상담사는 문제 해결을 위한 체크리스트와 해결 방안을 제시하며 요금제 적합성도 검토하기로 하였다."
1097-FSPVW,42,54.55,2455.05,138,209,4,0.5,1,True,False,True,False,False,False,0.0,0.0,0.0094996104617378,No phone service,DSL,Yes,Yes,Yes,No,No,No,Month-to-month,Yes,Credit card (automatic),요금,1002995900,임지우,고객이 청구 금액 변동에 대해 문의하자 상담사는 원인 확인 후 요금제 변경과 보상 조치를 제안했다.
8039-EQPIM,69,60.25,4055.5,602,188,2,1.0,1,True,False,True,False,False,False,0.0,0.0,0.0143886311890184,No phone service,DSL,Yes,Yes,Yes,Yes,Yes,Yes,Two year,Yes,Electronic check,해지,1086256274,오도윤,"고객이 번호 이동 문의를 하며 상담사는 요금 청구 내역을 확인하고, 요금제 변경이나 할인 적용을 제안하며 처리 결과를 문자로 안내하겠다고 말함."
0709-TVGUR,9,74.55,622.9,380,110,3,1.0,0,True,False,True,False,False,False,1.0,1.0,0.9704245754383892,Yes,Fiber optic,No,Yes,No,No,No,No,Month-to-month,Yes,Electronic check,해지,1095415466,황지호,고객이 파이버 인터넷 끊김 문제로 불만을 표하며 해지를 요청했다.
2858-EIMXH,53,95.85,5016.25,338,20,0,0.641,0,True,False,True,False,False,False,0.0,1.0,0.7896767707917356,Yes,Fiber optic,No,Yes,No,No,Yes,Yes,One year,Yes,Credit card (automatic),품질,1033269933,정지민,"고객이 회의 중 인터넷 끊김 문제를 상담사에게 문의하고, 상담사는 원인 확인 및 해결 방법을 안내하며 접수번호를 전달했다."
4163-KIUHY,35,25.6,901.25,0,0,0,0.0,1,True,False,True,False,False,False,0.0,0.0,0.051456928515821,Yes,No,No internet service,No internet service,No internet service,No internet service,No internet service,No internet service,Month-to-month,Yes,Electronic check,해당 없음,1024202757,권지우,요약할 내용이 없습니다.
2254-DLXRI,1,79.15,79.15,309,60,3,1.0,0,True,False,True,False,False,False,0.0,1.0,0.8195528733858395,Yes,Fiber optic,No,Yes,No,No,No,No,Month-to-month,Yes,Mailed check,장애,1080421388,안지우,"고객이 TV 끊김 문제를 상담사에게 보고하자, 상담사는 품질 점검과 임시 데이터 제공을 검토하겠다고 응답했다."
9274-CNFMO,4,74.95,308.7,353,34,3,0.421,0,True,False,True,False,False,False,1.0,1.0,0.8874396641613119,Yes,Fiber optic,No,Yes,No,No,No,No,Month-to-month,Yes,Electronic check,요금,1071671549,박서연,"고객이 모바일세이브 5G 청구액 증가에 대해 상담 요청을 하였고, 상담사는 요금제 변경을 제안하며 진행 사항을 문자로 안내하기로 했다."
7241-AJHFS,32,87.65,2766.4,398,26,2,0.588,0,True,False,True,False,False,False,0.0,0.0,0.3926690169431766,Yes,Fiber optic,Yes,Yes,No,Yes,No,No,Month-to-month,Yes,Electronic check,품질,1096278651,이하은,"고객이 Fiber optic 서비스의 끊김 문제로 상담을 요청하였고, 상담사는 점검 후 기사 방문 예약과 요금제 재계산 계획을 안내하였다."
4800-VHZKI,1,19.9,19.9,142,5,2,0.36,1,True,False,True,False,False,False,1.0,0.0,0.1254608195400791,No phone service,No,No internet service,No internet service,No internet service,No internet service,No internet service,No internet service,Month-to-month,Yes,Mailed check,요금,1061881609,안하은,고객이 모바일세이브 5G의 청구금액 증가에 대해 문의하자 상담사가 요금제를 점검하고 적합한 요금제로 변경 시 절감을 제안하며 진행 사항을 문자로 알리겠다고 안내했다.
7481-ATQQS,49,90.85,4515.85,726,231,3,0.69,1,True,False,True,False,False,False,1.0,1.0,0.9832895759184692,Yes,Fiber optic,No,Yes,Yes,No,No,Yes,Month-to-month,Yes,Credit card (automatic),요금,1013878416,서시우,"고객이 높은 요금 문제를 상담원에게 문의하자, 상담원은 부가서비스 자동 갱신을 확인하고 취소 및 환불 여부를 검토하기로 했다."
1866-RZZQS,41,98.4,4187.75,423,69,1,1.0,0,True,False,True,False,False,False,1.0,1.0,0.8955412934295175,Yes,Fiber optic,No,Yes,Yes,No,Yes,Yes,Month-to-month,Yes,Electronic check,해지,1084008327,임주원,"고객이 번호 이동에 대해 문의하자 상담사가 요금제 변경 및 할인 적용을 제안하며, 처리 결과를 문자로 안내하겠다고 설명했다."
2180-DXNEG,12,96.0,1062.1,370,51,3,0.731,0,True,False,True,False,False,False,1.0,1.0,0.8768064098681441,No phone service,Fiber optic,No,Yes,Yes,No,Yes,Yes,Month-to-month,Yes,Electronic check,품질,1089467966,안지호,"고객이 Fiber optic 회의 중 끊김 문제를 상담사에게 문의하고, 상담사가 문제 해결을 위한 절차를 안내하며 진행하기로 함."
9170-CCKOU,17,90.2,1454.15,1115,120,2,0.84,1,True,False,True,False,False,False,1.0,1.0,0.9736734761638448,Yes,Fiber optic,Yes,Yes,Yes,No,No,No,Month-to-month,Yes,Credit card (automatic),요금,1077630440,서서연,"고객이 이번 달 높은 요금에 대해 문의하자 상담사가 부가서비스 자동 갱신이 원인이라고 설명하고, 해제 및 환불 여부를 확인하기로 했다."
9880-TDQAC,72,60.0,4264.0,333,5,0,0.662,0,True,False,True,False,False,False,0.0,0.0,0.0709481422804076,No phone service,DSL,No,Yes,Yes,Yes,Yes,Yes,Two year,Yes,Electronic check,품질,1082575868,윤시우,"고객이 DSL로 회의 중 끊김 문제를 상담하였고, 상담사는 문제 확인 후 기사 방문 예약 및 요금제 재검토를 안내하였다."
4727-MCYZG,1,55.55,55.55,180,40,1,0.5,1,True,False,True,False,False,False,0.0,0.0,0.0511986861386738,No phone service,DSL,No,Yes,No,No,No,Yes,Month-to-month,Yes,Mailed check,장애,1093297510,이하윤,"고객이 DSL 설치 후 인터넷 문제가 발생했으나, 모뎀 전원을 껐다 켜고 정상 작동함."
5868-YTYKS,1,20.25,20.25,1299,154,2,0.79,0,True,False,True,False,False,False,0.0,1.0,0.8914014291804789,No phone service,No,No internet service,No internet service,No internet service,No internet service,No internet service,No internet service,Month-to-month,Yes,Mailed check,해지,1088091065,최서준,고객이 서비스 해지를 원했지만 상담사가 개선 방안을 제안하고 고객은 검토 후 결정하겠다고 답했다.
4338-EYCER,21,54.6,1125.2,288,79,4,0.48,0,True,False,True,False,False,False,0.0,0.0,0.0045214273199967,No phone service,DSL,No,Yes,No,No,Yes,No,Month-to-month,Yes,Electronic check,품질,1088756771,안하준,고객은 저녁마다 인터넷 속도가 느려짐을 호소하며 방문 점검을 요청했다.
3675-EQOZA,5,20.65,93.55,545,18,2,1.0,0,True,False,True,False,False,False,0.0,0.0,0.4101138652169027,No phone service,No,No internet service,No internet service,No internet service,No internet service,No internet service,No internet service,Month-to-month,Yes,Electronic check,장애,1027745950,윤예준,"고객이 인터넷 문제를 상담사에게 문의하며, 상담사는 원격 점검과 문자 안내를 약속한다."
9496-IVVRP,11,51.0,581.7,687,249,4,0.49,1,True,False,True,False,False,False,0.0,0.0,0.0789132186633403,No phone service,DSL,Yes,Yes,No,No,No,No,Month-to-month,Yes,Electronic check,요금,1033722727,한예준,고객이 요금 인상에 대한 확인과 조정을 요청하자 상담사가 해제와 환불 가능성을 확인하겠다고 응답했다.
5348-CAGXB,12,89.55,1021.75,274,51,4,0.554,1,True,False,True,False,False,False,0.0,1.0,0.9300306607306416,Yes,Fiber optic,No,Yes,Yes,No,Yes,No,Month-to-month,Yes,Electronic check,요금,1020695496,최하윤,고객이 청구금액 증가를 문의하자 상담사가 요금제 적합성 점검 후 변경 시 절감 가능성을 안내하며 진행하겠다고 말함.
4277-UDIEF,24,81.0,1923.85,774,203,4,0.42,1,True,False,True,False,False,False,0.0,0.0,0.1007637831863048,Yes,DSL,Yes,Yes,No,Yes,Yes,Yes,Month-to-month,Yes,Electronic check,요금,1088393356,권서준,고객이 요금 증가에 불만을 제기하자 상담사가 요금제 변경과 환불 가능성을 확인하겠다고 응답했다.
5049-GLYVG,1,20.6,20.6,339,25,1,0.237,0,True,False,True,False,False,False,1.0,0.0,0.3085630114819932,No phone service,No,No internet service,No internet service,No internet service,No internet service,No internet service,No internet service,Month-to-month,Yes,Mailed check,품질,1061624144,오서현,"고객이 회의 중 끊김 문제를 상담사에게 문의하였고, 상담사는 원인 파악 후 기사 방문 예약과 요금제 재검토를 제안했다."
4104-PVRPS,24,53.6,1315.35,232,6,0,0.42,0,True,False,True,False,False,False,0.0,0.0,0.1414288478382687,No phone service,DSL,Yes,Yes,No,Yes,No,No,Month-to-month,Yes,Mailed check,해지,1030780618,오연우,고객이 월사용 계약 해지를 고려하며 상담사에게 약정과 위약금에 대한 정보를 요청한 대화.
5206-HPJKM,17,55.5,934.15,523,148,1,0.0,1,True,False,True,False,False,False,0.0,0.0,0.0222005392942734,No phone service,DSL,Yes,Yes,No,No,No,No,Month-to-month,Yes,Credit card (automatic),품질,1020710806,한지유,"고객의 데이터 속도 문제에 대해 상담사가 해결 방법을 안내하고, 임시 보상과 속도 제한 해제를 검토하기로 함."
0674-EYYZV,1,54.65,54.65,140,9,3,0.459,0,True,False,True,False,False,False,0.0,1.0,0.7873388336947891,No phone service,DSL,No,Yes,No,No,Yes,No,Month-to-month,Yes,Electronic check,요금,1089151725,오연우,고객이 UHD 셋톱의 예상보다 높은 청구금액에 대해 문의하자 상담사가 청구 내역과 요금제 등을 확인하고 조정할 것을 약속했다.
9780-FKVVF,6,59.15,336.7,416,9,2,0.5,0,True,False,True,False,False,False,0.0,0.0,0.1764690888094566,No phone service,DSL,Yes,Yes,No,No,No,Yes,Month-to-month,Yes,Electronic check,장애,1010115816,서지호,"고객이 인터넷 문제를 상담사에게 문의하자, 상담사는 원인 파악 후 임시 데이터 제공을 검토하겠다고 답변함."
2359-KLTEK,41,94.9,3848.0,800,95,2,0.79,0,True,False,True,False,False,False,0.0,0.0,0.0083744239663103,No phone service,Fiber optic,No,Yes,Yes,No,Yes,Yes,Month-to-month,Yes,Electronic check,품질,1086206981,오지호,고객이 저녁 시간에 속도 저하 문제를 제기하자 상담사가 채널 변경과 모뎀 재설정 후 기사 방문 점검을 예약하기로 함.
5294-DMSFH,29,87.8,2621.75,587,17,3,0.5,1,True,False,True,False,False,False,0.0,0.0,0.1985993097943333,No phone service,Fiber optic,No,Yes,No,No,Yes,Yes,Month-to-month,Yes,Credit card (automatic),해지,1017864304,서하린,"고객이 약정 만료로 해지를 원하자, 상담사가 문제 해결과 해지 보류 혜택을 안내하며 진행을 도와주겠다고 말했다."
4833-QTJNO,67,83.85,5588.8,442,30,1,0.608,1,True,False,True,False,False,False,0.0,0.0,0.16944418667228,Yes,Fiber optic,Yes,Yes,No,No,No,No,Month-to-month,Yes,Electronic check,품질,1014831913,신지호,"고객이 인천 연수구에서 Fiber optic 끊김 문제를 상담하였고, 상담사는 문제 해결을 위한 점검과 조치를 안내하며 진행 사항을 문자로 안내하겠다고 설명했다."
8587-XYZSF,67,50.55,3260.1,420,19,0,0.362,1,True,False,True,False,False,False,0.0,0.0,0.0342866327968118,No phone service,DSL,No,Yes,No,Yes,No,No,Two year,Yes,Electronic check,장애,1039330723,김서연,고객이 인터넷 장애로 상담을 요청하자 상담사가 문제를 점검하고 임시 LTE 백업 연결을 제공하며 요금제를 재평가하기로 했다.
7905-NJMXS,7,64.2,475.0,190,40,1,0.5,1,True,False,True,False,False,False,0.0,0.0,0.1461546167807385,Yes,DSL,Yes,Yes,No,Yes,No,No,Month-to-month,Yes,Electronic check,품질,1088520766,서도윤,"고객이 느린 인터넷 문제로 상담사와 대화했으나, 빠른 서비스는 비용이 비싸서 기존 서비스를 유지하기로 결정했다."
2810-FTLEM,16,50.15,762.25,204,17,0,0.187,0,True,False,True,False,False,False,1.0,1.0,0.8063789697353148,No phone service,DSL,Yes,Yes,No,No,No,No,Month-to-month,Yes,Electronic check,해지,1066353942,권민준,고객이 품질 문제로 해지를 고려하고 상담사는 대안을 제시하며 해지 접수 및 위약금 정보를 안내했다.
4737-AQCPU,72,72.1,5016.65,0,0,0,0.5,1,True,False,True,False,False,False,0.0,0.0,0.0039607653563774,Yes,DSL,Yes,Yes,Yes,Yes,No,No,Two year,Yes,Credit card (automatic),해당 없음,1080242288,신지우,대화 내용이 없으므로 요약할 수 없습니다.
2676-SSLTO,49,66.15,3199.0,578,41,4,0.25,0,True,False,True,False,False,False,0.0,0.0,0.0029035270587738,Yes,DSL,No,Yes,No,Yes,Yes,No,Two year,Yes,Electronic check,품질,1099185368,김하은,"고객은 저녁 속도 저하 문제를 상담사에게 이야기하고, 상담사는 채널 변경과 모뎀 재설정을 제안한 후 방문 점검 예약을 도와주기로 했다."
6641-XRPSU,34,70.0,2416.1,376,9,2,0.536,1,True,False,True,False,False,False,1.0,0.0,0.36011876175311,No phone service,Fiber optic,No,Yes,No,No,No,No,Month-to-month,Yes,Credit card (automatic),장애,1043509084,김지민,"고객이 인터넷 장애로 상담 요청을 했고, 상담사가 지역 장애를 확인한 후 LTE 백업 연결과 요금제 적합성 검토를 안내하며 진행 사항을 문자로 보낼 것이라고 설명했다."
3005-NFMTA,55,98.8,5617.75,343,57,0,0.648,0,True,False,True,False,False,False,1.0,1.0,0.7802964956438238,Yes,Fiber optic,Yes,Yes,No,No,Yes,Yes,Month-to-month,Yes,Electronic check,해지,1031397791,임하린,고객이 요금 상승으로 해지를 고민하자 상담사가 대안을 제시하며 문제 해결을 도와주기로 했다.
1676-MQAOA,72,75.1,5336.35,574,110,3,0.25,0,True,False,True,False,False,False,0.0,0.0,0.0009961214784852,No phone service,DSL,Yes,Yes,Yes,Yes,Yes,No,Two year,Yes,Electronic check,품질,1039813267,서지유,"고객은 속도 저하에 대해 상담사에게 도움을 요청하고, 상담사는 채널 변경과 모뎀 재설정을 제안한 후 기사 방문 점검을 예약하기로 한다."
4374-YMUSQ,34,116.25,3899.05,454,38,0,0.951,1,True,False,True,False,False,False,0.0,0.0,0.4425655110945646,Yes,Fiber optic,Yes,Yes,Yes,Yes,Yes,Yes,One year,Yes,Credit card (automatic),장애,1088790679,정시우,고객이 인터넷 장애로 상담을 요청하자 상담사는 지역 장애를 확인하고 LTE 백업 연결을 제공하며 요금제 재검토와 진행 상황을 문자로 안내하겠다고 설명했다.
4201-JMNGR,1,55.8,55.8,703,84,6,0.5,0,True,False,True,False,False,False,1.0,1.0,0.7242824348765871,No phone service,DSL,Yes,Yes,Yes,No,No,No,Month-to-month,Yes,Electronic check,장애,1057577580,장지우,"고객이 인터넷 중단 문제를 상담사에게 문의하였고, 상담사는 원격 점검과 청구 전담팀 검토를 약속하며 문제 해결을 진행하겠다고 안내하였다."
4112-LUEIZ,10,89.5,863.1,130,169,1,1.0,0,True,False,True,False,False,False,1.0,1.0,0.7506871892793048,No phone service,Fiber optic,No,Yes,No,No,Yes,Yes,Month-to-month,Yes,Electronic check,요금,1029993455,황하린,고객이 청구 금액의 변동에 대해 문의하자 상담사가 문제를 점검하고 해결 방법을 제시했습니다.
3920-HIHMQ,26,49.5,1265.65,415,26,1,0.549,0,True,False,True,False,False,False,0.0,0.0,0.1297853276919898,Yes,DSL,No,Yes,No,No,No,No,Month-to-month,Yes,Mailed check,장애,1058714396,신예준,"고객이 인터넷 문제로 상담을 요청하였고, 상담사는 지역 장애가 확인되어 LTE 백업 연결과 요금제 적합성 검토를 안내하며 진행 사항을 문자로 알리기로 했다."
0423-UDIJQ,9,49.2,447.9,644,163,4,0.42,1,True,False,True,False,False,False,0.0,0.0,0.0791400970846557,No phone service,DSL,No,Yes,No,Yes,No,No,Month-to-month,Yes,Mailed check,요금,1010687833,장서현,고객이 요금 청구에 대해 문의하자 상담사가 요금제 변경을 확인하고 해제 및 환불 가능성을 안내했습니다.
2452-KDRRH,67,101.4,6841.05,1027,120,4,1.0,1,True,False,True,False,False,False,0.0,0.0,0.0863482774827095,Yes,Fiber optic,No,Yes,Yes,No,Yes,Yes,Month-to-month,Yes,Credit card (automatic),장애,1033140093,오시우,"고객이 와이파이 문제를 상담사에게 문의하고, 상담사는 문제 해결을 위해 방문 기사를 예약하기로 함."
2314-TNDJQ,72,55.65,3880.05,454,85,1,0.762,0,True,False,True,False,False,False,0.0,0.0,0.0060855395891786,No phone service,DSL,Yes,Yes,Yes,Yes,No,Yes,Two year,Yes,Credit card (automatic),장애,1031317393,신시우,"고객이 인터넷 장애로 상담 요청을 하자, 상담사가 장애 상태를 점검하고 복구 예상 시간 및 보상 조치를 안내했다."
9025-ZRPVR,9,18.95,185.6,689,64,5,1.0,0,True,False,True,False,False,False,1.0,1.0,0.6730176683121284,No phone service,No,No internet service,No internet service,No internet service,No internet service,No internet service,No internet service,Month-to-month,Yes,Mailed check,해지,1064520966,신지유,고객이 약정 만료로 해지를 원하자 상담사가 문제 해결을 위해 요금제 변경 및 현장 점검을 제안했다.
3831-YCPUO,72,109.5,7854.9,267,37,0,0.953,0,True,False,True,False,False,False,0.0,0.0,0.0295809930895598,No phone service,Fiber optic,Yes,Yes,Yes,Yes,Yes,Yes,Two year,Yes,Credit card (automatic),요금,1064215684,박하윤,"고객이 청구금액 과다에 대해 상담 요청을 했고, 상담사는 요금제, 사용량, 부가서비스 등을 확인 후 조정을 약속했다."
6734-GMPVK,5,105.3,550.6,0,0,0,0.5,1,True,False,True,False,False,False,0.0,1.0,0.7802642003524696,Yes,Fiber optic,No,Yes,Yes,No,Yes,Yes,Month-to-month,Yes,Electronic check,해당 없음,1071236142,임도윤,대화 내용이 없음을 알리는 짧은 메시지입니다.
4640-UHDOS,13,55.95,734.35,358,5,4,0.289,0,True,False,True,False,False,False,1.0,1.0,0.7504493191202711,No phone service,DSL,No,Yes,No,No,No,Yes,Month-to-month,Yes,Electronic check,품질,1082917033,최서현,"고객이 회의 중 DSL 연결 문제를 상담하며, 상담사가 문제 해결을 위한 단계별 확인과 조치를 안내했다."
0221-WMXNQ,4,75.35,273.4,466,17,3,0.621,0,True,False,True,False,False,False,0.0,1.0,0.664817923832264,No phone service,Fiber optic,Yes,Yes,No,No,No,No,Month-to-month,Yes,Electronic check,품질,1027947082,한하린,"고객이 회의 중 끊김 문제로 상담을 요청하였고, 상담사는 문제 해결을 위해 기사 방문 예약과 요금제 적합성 재검토를 안내했다."
0570-BFQHT,9,80.55,653.9,1031,154,6,0.0,0,True,False,True,False,False,False,0.0,1.0,0.8972713866107728,No phone service,Fiber optic,No,Yes,Yes,No,No,No,Month-to-month,Yes,Electronic check,요금,1055591192,서서현,"고객이 이중 청구를 의심하며 상담사와 문제 해결을 위한 대화를 나누고, 소액결제 차단 설정을 제안받았다."
5196-SGOAK,1,75.7,75.7,248,37,3,0.431,0,True,False,True,False,False,False,1.0,1.0,0.9514715034968212,No phone service,Fiber optic,No,Yes,No,No,No,No,Month-to-month,Yes,Electronic check,요금,1004975412,임서연,고객이 안심요금 청구액 증가에 대해 문의하자 상담사가 요금제와 사용 패턴을 분석하고 적합한 요금제 변경을 제안했다.
7277-KAMWT,13,20.0,268.45,212,21,1,0.37,0,True,False,True,False,False,False,0.0,0.0,0.0148850898441702,No phone service,No,No internet service,No internet service,No internet service,No internet service,No internet service,No internet service,Two year,Yes,Credit card (automatic),해지,1088172162,서서준,"고객이 서비스 품질 문제로 해지를 고려 중이며, 상담사는 대안 제시와 함께 해지 절차 및 위약금에 대해 안내했다."
2668-TZSPS,1,20.45,20.45,828,117,7,0.5,1,True,False,True,False,False,False,0.0,0.0,0.0474251102028885,No phone service,No,No internet service,No internet service,No internet service,No internet service,No internet service,No internet service,Month-to-month,Yes,Mailed check,요금,1009766825,신서연,고객이 이중 청구를 의심하자 상담사는 문제 해결을 위해 요금제 변경을 제안하며 추가 할인 혜택을 안내했다.
2379-GYFLQ,46,94.9,4422.95,311,39,2,0.742,1,True,False,True,False,False,False,0.0,0.0,0.3001639816623584,Yes,Fiber optic,No,Yes,Yes,No,Yes,No,One year,Yes,Credit card (automatic),요금,1057907741,서하은,고객이 청구금액에 대한 확인을 요청하자 상담사가 요금제와 사용량을 분석하고 적합한 요금제로 변경 시 절감 가능성을 안내하며 진행 사항을 문자로 알리겠다고 약속하였다.
6400-BWQKW,6,79.05,434.5,277,18,5,0.383,0,True,False,True,False,False,False,1.0,1.0,0.8589852192282994,Yes,Fiber optic,Yes,Yes,No,No,No,No,Month-to-month,Yes,Electronic check,해지,1065862031,장연우,"고객은 품질 문제로 서비스 해지를 고려하며 상담을 요청했고, 상담사는 해지 전 가능한 대안과 혜택을 안내하였다."
0485-ZBSLN,65,24.75,1715.1,1165,151,2,0.56,0,True,False,True,False,False,False,0.0,0.0,0.1436189119816627,Yes,No,No internet service,No internet service,No internet service,No internet service,No internet service,No internet service,Two year,Yes,Credit card (automatic),해지,1010904005,안서현,고객이 서비스 해지를 원하자 상담사가 개선 방안을 제안하며 고객은 제안서를 받고 결정하겠다고 응답했다.
5982-XMDEX,65,26.5,1698.55,940,197,2,0.34,1,True,False,True,False,False,False,0.0,0.0,0.006699872153793,Yes,No,No internet service,No internet service,No internet service,No internet service,No internet service,No internet service,Two year,Yes,Electronic check,요금,1008869849,서서준,고객은 요금 문제를 문의하고 상담사는 요금제 변경 사항을 확인 후 조치를 약속했다.
1396-QWFBJ,21,74.05,1565.7,486,40,1,0.0,0,True,False,True,False,False,False,1.0,1.0,0.6224414095766794,No phone service,Fiber optic,No,Yes,No,No,No,No,Month-to-month,Yes,Electronic check,품질,1056337642,김서준,"고객이 영상 버퍼링 문제를 상담사에게 문의하자, 상담사는 네트워크 초기화 방법을 안내하고 기술 지원팀과 연결할 수 있음을 알렸다."
3557-HTYWR,47,74.05,3496.3,788,119,4,0.6,1,True,False,True,False,False,False,0.0,0.0,0.0360486364122238,Yes,DSL,Yes,Yes,No,Yes,No,Yes,Two year,Yes,Mailed check,요금,1055068337,장예준,고객이 요금 상승에 대해 문의하자 상담사가 요금제 변경을 확인하고 취소 및 환불 가능성을 안내하기로 했다.
7548-SEPYI,5,96.25,512.45,350,70,1,1.0,0,True,False,True,False,False,False,1.0,1.0,0.9219174728030286,No phone service,Fiber optic,No,Yes,No,No,Yes,Yes,Month-to-month,Yes,Electronic check,해지,1042218361,장시우,고객은 요금이 비싸고 서비스에 불만을 품고 있어 해지를 요청했다.
2974-GGUXS,36,91.95,3301.05,484,29,4,0.739,0,True,False,True,False,False,False,0.0,1.0,0.6395162262203961,Yes,Fiber optic,No,Yes,No,No,Yes,No,Month-to-month,Yes,Credit card (automatic),품질,1095077445,정시우,"고객이 Fiber optic 회선의 끊김 문제에 대해 문의하자 상담사가 원인 점검과 해결 방안을 안내하고, 진행 사항을 문자로 알려주기로 했다."
6762-NSODU,46,19.4,958.15,360,22,1,0.445,0,True,False,True,False,False,False,0.0,0.0,0.021987099471394,No phone service,No,No internet service,No internet service,No internet service,No internet service,No internet service,No internet service,Two year,Yes,Credit card (automatic),해지,1037016585,이하준,"고객이 서비스 품질 문제로 해지를 고려하며 약정과 위약금에 대해 문의하자, 상담사는 해지 전 혜택과 요금 조정 등의 대안을 제안하고 접수번호를 안내했다."
9103-TCIHJ,15,55.7,899.8,896,152,2,0.8,0,True,False,True,False,False,False,1.0,1.0,0.9476177480608624,Yes,DSL,Yes,Yes,No,No,No,No,Month-to-month,Yes,Mailed check,해지,1036317438,안하준,고객이 서비스 해지를 고려하다 상담사의 개선 제안을 듣고 결정 유보.
2672-OJQZP,1,44.75,44.75,815,211,3,0.87,1,True,False,True,False,False,False,0.0,0.0,0.4095031823249763,No phone service,DSL,No,Yes,No,No,No,No,Month-to-month,Yes,Mailed check,요금,1035192786,서서준,고객이 요금 인상에 대해 항의하자 상담사가 조정 및 환불 가능성을 확인하기로 하였다.
9504-YAZWB,53,20.25,1048.45,235,33,5,0.5,0,True,False,True,False,False,False,0.0,0.0,0.0263806976195339,No phone service,No,No internet service,No internet service,No internet service,No internet service,No internet service,No internet service,Two year,Yes,Mailed check,품질,1075041876,김지우,"고객이 느린 데이터 속도에 대해 문제를 상담하며, 상담사가 해결 방법과 점검 일정을 제안하는 대화."
9995-HOTOH,63,59.0,3707.6,0,0,0,0.5,1,True,False,True,False,False,False,0.0,0.0,0.0404190216758294,No phone service,DSL,Yes,Yes,Yes,No,Yes,Yes,Two year,Yes,Electronic check,해당 없음,1003303059,조주원,내용이 없어서 요약할 수 없습니다.
9277-JOOMO,3,24.6,86.35,250,20,2,0.485,0,True,False,True,False,False,False,0.0,0.0,0.1839221705790854,Yes,No,No internet service,No internet service,No internet service,No internet service,No internet service,No internet service,Month-to-month,Yes,Mailed check,품질,1079688370,최지유,"고객이 IPTV 끊김 문제로 상담을 요청하자, 상담사가 장비 상태 확인 후 기사 방문 예약과 함께 요금제 적합성을 재계산하겠다고 안내하였다."
2585-KTFRE,1,70.45,70.45,310,150,4,0.5,0,True,False,True,False,False,False,0.0,1.0,0.9570240152492892,No phone service,DSL,Yes,Yes,No,Yes,No,Yes,Month-to-month,Yes,Electronic check,해지,1094520859,신서연,고객이 인터넷 속도 문제로 화를 내며 환불과 해지를 요구하고 있다.
0917-EZOLA,72,104.15,7689.95,1184,204,4,1.0,0,True,False,True,False,False,False,1.0,0.0,0.0512188851573899,Yes,Fiber optic,No,Yes,Yes,No,Yes,Yes,Two year,Yes,Electronic check,장애,1050628131,조시우,고객이 인터넷 문제를 보고하자 상담사가 원격 점검과 현장 점검 가능성을 안내했다.
3207-OYBWH,57,95.25,5427.05,330,80,2,1.0,0,True,False,True,False,False,False,1.0,1.0,0.9039630009089986,Yes,Fiber optic,No,Yes,Yes,No,No,Yes,Month-to-month,Yes,Electronic check,해지,1087688857,이서현,"고객이 요금이 너무 비싸다며 해지를 요구하고, 상담사는 시니어 할인에 대해 설명중이다."
9564-KCLHR,1,51.25,51.25,812,219,4,0.83,0,True,False,True,False,False,False,1.0,1.0,0.9651436583259344,No phone service,DSL,No,Yes,No,Yes,No,No,Month-to-month,Yes,Mailed check,해지,1013605821,박지유,고객이 서비스 해지를 원하지만 상담사가 개선 방안을 제시하자 제안서를 받고 결정하겠다고 응답했다.
0680-DFNNY,15,101.1,1504.05,360,90,3,0.5,0,True,False,True,False,False,False,1.0,1.0,0.9687466040236308,Yes,Fiber optic,No,Yes,Yes,No,Yes,Yes,Month-to-month,Yes,Electronic check,해지,1095365664,오예준,고객이 15개월 사용한 요금이 100달러 넘자 화를 내며 해지를 요청했다.
2307-FYNNL,65,109.05,7108.2,0,0,0,1.0,1,True,False,True,False,False,False,0.0,0.0,0.1610724314649256,Yes,Fiber optic,Yes,Yes,Yes,Yes,Yes,Yes,Two year,Yes,Electronic check,해당 없음,1002669680,안예준,대화 내용은 특정 정보가 없음을 이야기하고 있다.
4229-CZMLL,6,74.9,469.8,721,43,1,0.5,0,True,False,True,False,False,False,1.0,1.0,0.9210445777871996,Yes,Fiber optic,No,Yes,No,No,No,No,Month-to-month,Yes,Electronic check,요금,1099157326,조주원,고객이 청구 금액의 변화에 대해 문의하자 상담사가 프로모션 종료로 인한 문제를 설명하고 문자 청구서 전환을 제안했다.
6572-ADKRS,46,74.8,3548.3,195,11,1,0.603,1,True,False,True,False,False,False,0.0,0.0,0.3054276365461306,No phone service,Fiber optic,No,Yes,Yes,No,No,No,Month-to-month,Yes,Credit card (automatic),요금,1005672602,임주원,"고객이 예상보다 높은 요금 청구에 대해 문의하였고, 상담사는 요금제 조정으로 절감 가능성을 안내하며 진행 상황을 문자로 알리겠다고 했습니다."
8512-WIWYV,32,20.35,707.5,670,187,6,0.5,0,True,False,True,False,False,False,0.0,0.0,0.0755280757227852,No phone service,No,No internet service,No internet service,No internet service,No internet service,No internet service,No internet service,One year,Yes,Credit card (automatic),품질,1000507961,이지민,"고객이 영상 버퍼링 문제를 상담사에게 신고하고, 상담사는 네트워크 초기화를 권유하며 문제 해결을 돕기로 했다."
1087-UDSIH,3,19.6,59.75,970,243,2,0.95,0,True,False,True,False,False,False,1.0,1.0,0.6620048417069985,No phone service,No,No internet service,No internet service,No internet service,No internet service,No internet service,No internet service,Month-to-month,Yes,Mailed check,해지,1048692668,조지민,고객이 서비스 해지를 고려하자 상담사가 개선 방안을 제안하고 고객이 제안서를 받아보겠다고 결정했다.
0822-QGCXA,27,83.85,2310.2,437,69,2,0.61,0,True,False,True,False,False,False,0.0,0.0,0.4805242816847613,Yes,DSL,No,Yes,Yes,Yes,Yes,Yes,Month-to-month,Yes,Electronic check,품질,1029748319,정주원,"고객이 DSL 회선의 끊김 문제를 상담하며, 상담사는 점검 후 기사 방문 및 요금제 재검토를 예약했다."
8106-GWQOK,38,60.0,2193.2,1072,172,2,1.0,0,True,False,True,False,False,False,0.0,0.0,0.0826766137645381,No phone service,DSL,Yes,Yes,No,Yes,Yes,Yes,Two year,Yes,Electronic check,품질,1025688116,황서연,"고객이 데이터 속도 저하 문제를 상담사에게 문의하며, 상담사는 점검과 최적화 계획을 안내했다."
6583-QGCSI,50,88.05,4367.35,290,27,1,0.461,0,True,False,True,False,False,False,1.0,1.0,0.8249162051440468,Yes,Fiber optic,No,Yes,No,No,Yes,No,Month-to-month,Yes,Electronic check,해지,1085681016,서서현,"고객이 요금 인상으로 해지를 고려하며 약정과 위약금 문의를 하자, 상담사가 해지 전 대안을 제시하고 해지 절차를 안내했다."
3806-DXQOM,4,33.65,137.85,360,90,3,0.5,0,True,False,True,False,False,False,1.0,1.0,0.8753518885291474,No phone service,DSL,Yes,Yes,No,No,No,No,Month-to-month,Yes,Electronic check,해지,1046880709,윤지우,고객이 인터넷 속도 문제로 상담사와 대화 중 해지를 원한다고 말함.
8896-RAZCR,44,19.9,868.1,95,25,0,0.556,1,True,False,True,False,False,False,0.0,0.0,0.0105078357058313,No phone service,No,No internet service,No internet service,No internet service,No internet service,No internet service,No internet service,Two year,Yes,Mailed check,요금,1010978288,황하윤,"고객이 UHD 셋톱 이용 중 높은 청구금액에 대해 상담을 요청하자, 상담사는 요금제 변경으로 절감 가능성을 안내하고 진행 사항을 문자로 발송하겠다고 전했다."
7191-ADRGF,44,54.3,2390.45,334,26,2,0.38,0,True,False,True,False,False,False,0.0,0.0,0.0026664057522325,No phone service,DSL,No,Yes,Yes,No,Yes,Yes,Two year,Yes,Electronic check,품질,1042679920,정도윤,"고객이 저녁에 인터넷 속도 저하 문제를 상담하자, 상담사는 채널 변경과 모뎀 재설정 후 기사 방문 점검을 예약하겠다고 했고, 고객은 방문 예약을 요청했다."
5060-TQUQN,30,83.55,2570.2,338,18,2,0.789,0,True,False,True,False,False,False,0.0,0.0,0.1414106821651652,Yes,Fiber optic,No,Yes,No,Yes,No,No,Month-to-month,Yes,Electronic check,요금,1023355706,조서준,"고객이 청구 금액이 평소보다 높아 상담 요청하였고, 상담사는 문제 확인 후 부가서비스 해지와 요금 조정 가능성을 안내했다."
7242-QZLXF,1,25.3,25.3,109,9,1,0.485,0,True,False,True,False,False,False,1.0,0.0,0.3785453292342832,No phone service,DSL,No,Yes,No,No,No,No,Month-to-month,Yes,Electronic check,요금,1001556364,한서준,"고객이 기가라이트 500M 요금 청구액이 예상보다 높아 상담을 요청하였고, 상담사가 요금제 변경을 통해 절감 가능성을 안내하며 진행 상황을 문자로 알리겠다고 했습니다."
3177-LASXD,1,71.35,71.35,390,110,3,1.0,1,True,False,True,False,False,False,1.0,1.0,0.9118664329817354,No phone service,Fiber optic,No,Yes,No,No,No,No,Month-to-month,Yes,Electronic check,해지,1045799167,김지유,고객이 인터넷 설치 지연에 불만을 제기하며 즉시 계약 해지를 요구했다.
3679-XASPY,1,19.45,19.45,224,15,0,0.332,1,True,False,True,False,False,False,0.0,0.0,0.1712873123434287,No phone service,No,No internet service,No internet service,No internet service,No internet service,No internet service,No internet service,Month-to-month,Yes,Electronic check,요금,1017361028,이예준,고객이 청구금액이 평소보다 많다고 문의하자 상담사가 요금제와 부가 서비스 등을 확인하고 조정 가능성을 안내하며 진행 상황을 문자로 보낼 것이라고 말하였다.
0602-DDUML,57,69.75,3894.4,0,0,0,0.5,1,True,False,True,False,False,False,0.0,0.0,0.0102546407104585,No phone service,DSL,No,Yes,Yes,Yes,Yes,No,Two year,Yes,Mailed check,해당 없음,1000815376,조지호,"""해당 없음""이라는 대화 내용을 요약하면 ""관련된 내용이 없다.""입니다."
8970-ANWXO,23,73.75,1756.6,0,0,0,0.5,1,True,False,True,False,False,False,0.0,0.0,0.0672654012516626,Yes,DSL,No,Yes,No,Yes,Yes,Yes,One year,Yes,Mailed check,해당 없음,1010787895,조도윤,해당 내용이 없습니다.
6745-JEFZB,35,91.5,3236.35,106,25,2,0.613,0,True,False,True,False,False,False,0.0,0.0,0.4809424946819383,Yes,Fiber optic,No,Yes,No,Yes,Yes,No,Month-to-month,Yes,Credit card (automatic),해지,1081436210,박지우,"고객이 요금 인상으로 해지를 고려 중이며, 상담사가 대안 제공 및 해지 절차 안내를 진행했다."
9862-KJTYK,19,25.35,566.1,524,217,1,1.0,0,True,False,True,False,False,False,0.0,0.0,0.3545503142578273,No phone service,DSL,No,Yes,No,No,No,No,Month-to-month,Yes,Credit card (automatic),장애,1032426388,서연우,"고객이 TV 끊김 문제를 상담사에게 보고하고, 상담사는 지역 장애를 확인하며 임시 해결책을 제안했다."
1465-VINDH,10,102.1,1068.85,433,43,2,0.502,0,True,False,True,False,False,False,1.0,1.0,0.9278016325015456,Yes,Fiber optic,No,Yes,Yes,No,Yes,Yes,Month-to-month,Yes,Credit card (automatic),장애,1051828440,최서현,고객이 인터넷 장애로 도움을 요청하자 상담사가 문제 확인과 복구 예상 시간을 안내하며 요금제 재검토를 약속했다.
7203-OYKCT,72,104.95,7544.3,470,24,0,0.61,0,True,False,True,False,False,False,0.0,1.0,0.5887487572795871,Yes,Fiber optic,No,Yes,Yes,No,Yes,Yes,One year,Yes,Electronic check,품질,1024395343,서지민,"고객이 광 인터넷 끊김 문제로 상담을 요청하였고, 상담사는 검사 후 기사 방문 예약과 요금제 적합성 재계산 계획을 안내했다."
7235-NXZCP,2,74.85,156.4,159,6,4,0.442,0,True,False,True,False,False,False,1.0,1.0,0.8404513513989692,Yes,Fiber optic,No,Yes,No,No,No,No,Month-to-month,Yes,Mailed check,요금,1041150618,윤하준,고객이 청구금액 증가에 대한 상담을 요청하자 상담사가 문제를 확인하고 조정 가능성을 안내하며 진행 상황을 문자로 전달하기로 했다.
9367-OIUXP,4,20.7,73.05,70,10,1,0.0,1,True,False,True,False,False,False,0.0,0.0,0.0224126015851802,No phone service,No,No internet service,No internet service,No internet service,No internet service,No internet service,No internet service,Month-to-month,Yes,Mailed check,요금,1033076143,권지민,고객이 4개월 차 전화 요금 20.7달러가 맞는지 확인했으며 상담사가 확인해주었다.
4137-BTIKL,2,90.75,174.75,110,15,1,1.0,0,True,False,True,False,False,False,0.0,1.0,0.640485222179788,Yes,Fiber optic,Yes,Yes,No,No,No,Yes,Month-to-month,Yes,Mailed check,요금,1098419049,오서현,고객이 요금 확인을 요청하자 상담사가 확인하여 요금이 맞다고 답했다.
0378-XSZPU,58,60.3,3563.8,858,116,4,0.62,0,True,False,True,False,False,False,1.0,1.0,0.6650779201289713,No phone service,DSL,Yes,Yes,Yes,No,No,No,One year,Yes,Credit card (automatic),해지,1071534548,한지유,고객이 서비스 해지를 원하자 상담사가 개선 방안을 제시하고 고객이 이를 고려하기로 했다.
8272-ONJLV,12,95.7,1184.0,0,0,0,1.0,1,True,False,True,False,False,False,0.0,1.0,0.6011865454049392,No phone service,Fiber optic,No,Yes,Yes,No,Yes,Yes,One year,Yes,Electronic check,해당 없음,1018868311,최지유,대화 내용이 없음을 전달하는 요약입니다.
6447-GORXK,31,25.0,789.2,356,6,4,0.331,0,True,False,True,False,False,False,0.0,0.0,0.3009619807209457,No phone service,DSL,No,Yes,No,No,No,No,Month-to-month,Yes,Credit card (automatic),장애,1022410939,정하윤,"고객이 인터넷 장애에 대한 문의를 하고, 상담사가 장애 점검 및 복구 예상 시간을 안내하며 요금제 적합성을 확인하기로 했다."
0810-DHDBD,52,74.0,3877.65,416,9,1,0.465,0,True,False,True,False,False,False,0.0,0.0,0.0715854340147218,Yes,DSL,Yes,Yes,Yes,Yes,Yes,No,One year,Yes,Credit card (automatic),품질,1019564191,윤민준,"고객이 DSL 인터넷 끊김 문제로 상담을 요청하였고, 상담사가 문제 해결을 위해 필요한 조치를 안내하며 진행 상황을 문자로 알리기로 하였다."
1452-XRSJV,39,51.05,2066.0,347,5,3,0.192,0,True,False,True,False,False,False,0.0,1.0,0.8067145386210539,No phone service,DSL,Yes,Yes,No,No,No,No,Month-to-month,Yes,Credit card (automatic),품질,1074221724,오연우,"고객이 DSL 회선의 끊김 문제를 상담하며, 상담사는 신호 약화를 발견하고 기사 방문을 예약한 후 요금제 적합성도 검토하기로 했다."
7470-DYNOE,53,61.1,3357.9,317,27,1,0.519,1,True,False,True,False,False,False,0.0,0.0,0.223662790292652,No phone service,DSL,No,Yes,Yes,No,No,Yes,One year,Yes,Electronic check,품질,1049693226,김서현,"고객이 DSL 연결 문제로 상담사를 호출하였고, 상담사가 원인 확인 및 해결책을 제시하며 진행 사항을 문자로 안내하기로 했다."
5753-QQWPW,28,59.9,1654.7,310,95,2,0.39,0,True,False,True,False,False,False,0.0,0.0,0.0055250035124927,No phone service,DSL,Yes,Yes,No,Yes,No,No,One year,Yes,Electronic check,품질,1090181031,윤민준,고객은 저녁에 인터넷 속도가 저하되자 상담사가 채널 변경과 모뎀 재설정 후 방문 점검을 예약하기로 했다.
3677-TNKIO,14,71.0,914.0,364,204,4,1.0,0,True,False,True,False,False,False,1.0,1.0,0.7757481978957027,No phone service,Fiber optic,No,Yes,No,No,No,No,Month-to-month,Yes,Credit card (automatic),요금,1010006394,권지민,고객이 청구 금액에 대해 문의하자 상담사가 문제를 확인하고 해결 방안을 제시하며 문자로 안내하겠다고 약속했다.
0661-WCQNQ,22,56.25,1292.2,402,15,0,0.439,1,True,False,True,False,False,False,0.0,0.0,0.0506590808561658,No phone service,DSL,Yes,Yes,No,Yes,No,No,One year,Yes,Credit card (automatic),장애,1071979994,정서연,"고객이 인터넷 장애로 상담 요청을 하였고, 상담사는 상태 점검과 장애 복구 예상 시간을 안내하며 보상을 설명했다."
4607-CHPCA,25,90.4,2178.6,468,13,1,0.735,1,True,False,True,False,False,False,1.0,0.0,0.24883872045775,No phone service,Fiber optic,No,Yes,No,No,Yes,Yes,One year,Yes,Electronic check,장애,1038034276,이서현,고객이 인터넷 장애로 문의하자 상담사가 지역 장애를 확인하고 임시 LTE 백업을 제공하며 요금제 재조정을 안내함.
4425-OWHWB,20,19.35,433.75,0,0,0,0.0,1,True,False,True,False,False,False,0.0,0.0,0.0116013985195529,No phone service,No,No internet service,No internet service,No internet service,No internet service,No internet service,No internet service,One year,Yes,Credit card (automatic),해당 없음,1003167934,이지유,대화 내용이 없음을 전달하는 요약입니다.
8012-SOUDQ,43,90.25,3838.75,402,27,2,0.72,0,True,False,True,False,False,False,0.0,0.0,0.4117820888988314,Yes,Fiber optic,No,Yes,No,No,Yes,No,Month-to-month,Yes,Electronic check,품질,1072733019,권예준,"고객이 회의 중 끊김 문제로 상담을 요청하였고, 상담사는 문제 확인 및 해결을 위한 조치를 안내하며 진행 상황을 문자로 알려주기로 했다."
1623-NLDOT,42,33.55,1445.3,380,110,2,0.5,0,True,False,True,False,False,False,1.0,1.0,0.8653099067457468,No phone service,DSL,No,Yes,No,Yes,No,No,One year,Yes,Mailed check,해지,1059456396,신서현,고객이 DSL 속도에 불만을 제기하며 서비스 해지를 요청했다.
0608-JDVEC,50,19.8,1013.2,1069,81,4,0.0,1,True,False,True,False,False,False,0.0,0.0,0.0128911149693765,No phone service,No,No internet service,No internet service,No internet service,No internet service,No internet service,No internet service,Two year,Yes,Electronic check,요금,1009234739,권시우,고객이 청구 금액의 변동을 문의하자 상담사가 원인을 설명하고 해결 방안을 제시했다.
2193-SFWQW,72,111.95,8033.1,272,8,0,1.0,1,True,False,True,False,False,False,0.0,0.0,0.0261718556057141,No phone service,Fiber optic,Yes,Yes,Yes,Yes,Yes,Yes,Two year,Yes,Electronic check,요금,1058003662,장지호,"고객이 모바일세이브 5G 요금이 평소보다 높아 문의했으며, 상담사가 부가서비스 해지와 요금 조정을 진행하기로 했다."
3068-OMWZA,1,88.8,88.8,310,150,4,0.0,0,True,False,True,False,False,False,1.0,1.0,0.9848166147282076,Yes,Fiber optic,No,Yes,Yes,No,Yes,No,Month-to-month,Yes,Electronic check,해지,1068028312,권서연,고객이 과도한 요금에 화를 내며 서비스 취소를 요구하는 대화.
1951-IEYXM,72,90.6,6441.85,0,0,0,0.5,1,True,False,True,False,False,False,0.0,0.0,0.0081570661436576,Yes,DSL,Yes,Yes,Yes,Yes,Yes,Yes,Two year,Yes,Credit card (automatic),해당 없음,1068747766,서예준,대화 내용이 없으므로 요약할 수 없음.
5136-GFPMB,54,89.4,4869.5,142,49,1,0.907,0,True,False,True,False,False,False,0.0,0.0,0.3234493229352025,Yes,Fiber optic,No,Yes,Yes,No,No,Yes,Month-to-month,Yes,Credit card (automatic),요금,1088035290,한지민,고객이 기업용 베이직 요금 청구액 증가에 대해 문의하자 상담사가 요금제 변화와 적합한 요금제로 변경할 경우 절감 가능성을 안내했다.
9220-CXRSC,69,61.4,4059.85,608,151,6,1.0,0,True,False,True,False,False,False,0.0,0.0,0.0389155629653769,Yes,DSL,Yes,Yes,No,Yes,No,No,Two year,Yes,Credit card (automatic),장애,1059324922,서하윤,고객이 인터넷 오류를 신고하며 해결 방법을 문의하자 상담사가 지역 장애를 설명하고 기술 지원을 제공하겠다고 안내했다.
8457-XIGKN,20,19.6,356.15,714,105,2,0.46,1,True,False,True,False,False,False,0.0,0.0,0.0066242179229859,No phone service,No,No internet service,No internet service,No internet service,No internet service,No internet service,No internet service,Month-to-month,Yes,Credit card (automatic),장애,1058052583,윤하은,"고객은 인터넷 장애로 상담사에게 복구 시간을 문의했고, 상담사는 문자로 안내하겠다고 답했다."
3882-IYOIJ,60,115.25,6758.45,332,100,5,0.5,0,True,False,True,False,False,False,0.0,0.0,0.2164369461654825,Yes,Fiber optic,Yes,Yes,Yes,Yes,Yes,Yes,Two year,Yes,Credit card (automatic),요금,1039723865,황서현,고객이 이중 청구를 의심하자 상담사가 확인 후 안내하겠다고 하며 소액결제 차단 설정을 제안했다.
4827-DPADN,72,83.3,6042.7,381,104,2,0.41,0,True,False,True,False,False,False,0.0,0.0,0.0009817036520868,Yes,DSL,Yes,Yes,Yes,Yes,Yes,Yes,Two year,Yes,Electronic check,품질,1023786555,신연우,고객은 저녁마다 인터넷 속도 저하로 인해 불편함을 호소하며 상담사는 채널 변경과 모뎀 재설정을 제안하고 기사 방문 점검도 예약하기로 했다.
5777-KJIRB,40,50.25,2023.55,0,0,0,0.5,1,True,False,True,False,False,False,0.0,0.0,0.0186585966040324,No phone service,DSL,No,Yes,Yes,No,No,No,One year,Yes,Mailed check,해당 없음,1049752004,안지유,"""해당 없음""이라는 대화 내용을 요약할 수 없습니다."
4962-CHQPW,29,19.85,535.05,213,92,2,0.0,0,True,False,True,False,False,False,0.0,0.0,0.139049634686843,No phone service,No,No internet service,No internet service,No internet service,No internet service,No internet service,No internet service,One year,Yes,Mailed check,해지,1007925323,권지유,고객이 약정 만료로 해지하려 하자 상담사가 문제 해결을 위해 정보를 수집하고 대안을 제시하겠다고 알림.
4376-KFVRS,72,114.05,8468.2,414,25,1,0.857,1,True,False,True,False,False,False,0.0,0.0,0.1128015442843586,Yes,Fiber optic,Yes,Yes,Yes,Yes,Yes,Yes,Two year,Yes,Credit card (automatic),요금,1028705828,이지유,"고객이 기업용 프리미엄 요금 청구가 높아 상담을 요청하였고, 상담사는 요금 내역과 부가서비스를 확인하여 조정 가능성을 안내했다."
3606-SBKRY,31,50.05,1523.4,613,152,4,0.36,1,True,False,True,False,False,False,0.0,0.0,0.4621572688132658,No phone service,DSL,No,Yes,Yes,No,Yes,Yes,One year,Yes,Electronic check,요금,1023113125,임예준,고객이 요금 인상에 대해 문의하자 상담사는 요금제 변경 내역을 확인하고 환불 가능성을 검토하기로 했다.
1342-JPNKI,10,86.05,834.1,258,6,1,0.679,1,True,False,True,False,False,False,1.0,1.0,0.8075708081018126,Yes,Fiber optic,No,Yes,No,No,Yes,No,Month-to-month,Yes,Electronic check,요금,1091208998,황예준,고객이 UHD 셋톱의 청구금액 증가에 대한 문의를 하자 상담사가 요금제 적합성을 평가하고 최적의 요금제로 변경할 것을 제안하며 진행 사항을 문자로 안내하기로 했다.
3955-JBZZM,20,78.8,1641.3,627,24,3,0.32,0,True,False,True,False,False,False,0.0,0.0,0.0093419796562955,No phone service,Fiber optic,No,Yes,No,No,Yes,No,Month-to-month,Yes,Electronic check,품질,1089749271,윤하린,고객이 저녁에 인터넷 속도 문제를 제기하자 상담사가 채널 변경과 모뎀 재설정 후 기사 방문 점검을 예약해 주기로 했다.
6476-YHMGA,15,76.5,1155.6,322,16,0,0.763,0,True,False,True,False,False,False,0.0,0.0,0.18114473628542,No phone service,DSL,No,Yes,Yes,Yes,Yes,Yes,Month-to-month,Yes,Electronic check,해지,1067839939,권지유,고객이 품질 문제로 해지를 고려하며 약정/위약금을 문의하자 상담사가 대안을 제안하고 해지 접수를 안내했다.
0780-XNZFN,57,20.65,1125.6,265,28,0,0.166,1,True,False,True,False,False,False,0.0,0.0,0.170650949957655,No phone service,No,No internet service,No internet service,No internet service,No internet service,No internet service,No internet service,Two year,Yes,Electronic check,요금,1097475769,이하은,고객이 와이파이플러스의 상승한 청구액에 대해 문의하자 상담사가 부가서비스와 요금제 적합성을 확인하고 조정을 안내한다.
3130-ICDUP,2,80.55,188.1,360,90,3,1.0,0,True,False,True,False,False,False,0.0,1.0,0.9721014075553251,Yes,Fiber optic,Yes,Yes,No,No,No,No,Month-to-month,Yes,Credit card (automatic),해지,1056686871,안시우,고객이 인터넷의 잦은 끊김 문제로 불만을 표하며 해지를 원함.
2159-TURXX,5,20.05,95.55,156,24,0,0.473,0,True,False,True,False,False,False,0.0,0.0,0.177895309330589,No phone service,No,No internet service,No internet service,No internet service,No internet service,No internet service,No internet service,Month-to-month,Yes,Credit card (automatic),요금,1028731900,조하준,"고객이 와이파이플러스 청구금액 증가에 대해 상담 요청하자, 상담사는 요금제와 부가서비스를 점검하고 조정 가능성을 확인하겠다고 안내하며 접수번호를 전달했다."
5519-YLDGW,21,103.9,2254.2,1009,232,2,0.5,0,True,False,True,False,False,False,1.0,1.0,0.8350236824993931,Yes,Fiber optic,Yes,Yes,Yes,No,Yes,Yes,Month-to-month,Yes,Electronic check,해지,1067735812,정하린,"고객이 번호이동 문의 후 상담사는 요금 청구 내역을 확인하고 해결 방안을 제시하며, 기술 지원팀으로 연결 가능성을 언급했다."
1960-UOTYM,52,79.2,4016.3,209,33,0,0.604,0,True,False,True,False,False,False,0.0,0.0,0.104183823999331,No phone service,DSL,Yes,Yes,Yes,No,Yes,Yes,Two year,Yes,Electronic check,요금,1070767440,서하은,"고객이 청구금액 증가에 대해 상담 요청을 하였고, 상담사는 요금제 변경을 통해 절감할 수 있음을 안내했다."
6133-OZILE,18,35.2,607.3,737,116,4,0.41,1,True,False,True,False,False,False,0.0,0.0,0.4199005191068209,No phone service,DSL,No,Yes,Yes,Yes,No,No,Month-to-month,Yes,Electronic check,요금,1026611684,임지유,"고객이 평소보다 높은 요금에 대해 상담사에게 문의했고, 요금제 변경 확인 후 해제와 환불 가능성을 확인하기로 했다."
8383-SGHJU,33,59.4,1952.8,0,0,0,0.5,1,True,False,True,False,False,False,0.0,0.0,0.060525472825848,Yes,DSL,Yes,Yes,No,Yes,No,No,One year,Yes,Electronic check,해당 없음,1040138182,신주원,대화 내용이 없다는 것을 전달하는 요약입니다.
0565-JUPYD,63,104.5,6590.8,1134,91,3,0.44,0,True,False,True,False,False,False,0.0,0.0,0.0061552842812558,Yes,Fiber optic,Yes,Yes,Yes,Yes,Yes,No,One year,Yes,Credit card (automatic),품질,1085530123,최민준,"고객이 저녁 속도 저하 문제에 대해 상담사에게 도움을 요청하고, 방문 점검 예약을 하기로 함."
6907-NZZIJ,36,99.15,3615.6,854,207,3,0.76,1,True,False,True,False,False,False,1.0,1.0,0.992506226498132,Yes,Fiber optic,No,Yes,No,No,Yes,Yes,Month-to-month,Yes,Electronic check,요금,1041286430,윤하준,고객이 요금 상승에 대해 문의하자 상담사가 부가서비스 자동 갱신을 설명하고 환불 여부를 확인하기로 하였다.
6860-YRJZP,9,74.05,678.45,1193,25,5,0.0,1,True,False,True,False,False,False,0.0,0.0,0.4702049105830252,Yes,Fiber optic,No,Yes,No,No,No,No,Month-to-month,Yes,Electronic check,해지,1035483152,정서현,고객이 번호이동 문제를 문의하자 상담사가 네트워크 상태 점검과 해지 보류 조건의 추가 혜택을 제안했다.
2234-XADUH,72,103.2,7362.9,312,18,3,0.861,0,True,False,True,False,False,False,0.0,0.0,0.2005826717680146,Yes,Fiber optic,No,Yes,Yes,No,Yes,Yes,One year,Yes,Credit card (automatic),해지,1025371264,임서현,고객이 요금 인상으로 해지를 고려하고 상담사가 대안과 혜택을 안내하며 문제 해결을 도와주기로 했다.
8800-JOOCF,12,84.05,966.55,459,209,7,1.0,0,True,False,True,False,False,False,0.0,1.0,0.8883706877459723,Yes,Fiber optic,No,Yes,No,No,Yes,No,Month-to-month,Yes,Electronic check,요금,1004237727,윤서현,고객이 이중 청구 의심을 제기하자 상담사는 조회 후 문자로 처리 결과를 안내하겠다고 응답했다.
7526-IVLYU,3,19.65,68.35,114,13,1,0.599,0,True,False,True,False,False,False,0.0,0.0,0.028557066138922,No phone service,No,No internet service,No internet service,No internet service,No internet service,No internet service,No internet service,Month-to-month,Yes,Mailed check,요금,1037322621,황서준,고객이 기업용 프리미엄 요금 청구액이 unexpectedly 늘어난 것에 대해 문의하자 상담사가 문제를 확인하고 조정을 약속했다.
7163-OCEQI,22,78.65,1663.75,286,57,1,0.606,0,True,False,True,False,False,False,0.0,0.0,0.2694316642920381,Yes,DSL,No,Yes,Yes,Yes,Yes,Yes,One year,Yes,Mailed check,요금,1047118290,최시우,고객이 청구액에 대해 불편을 제기하자 상담사는 문제를 확인하고 부가서비스 해지 및 요금 조정 가능성을 안내하며 진행 상황을 문자로 알리기로 했다.
1644-IRKSF,33,93.8,3124.5,740,161,2,0.99,1,True,False,True,False,False,False,1.0,1.0,0.982347829013614,No phone service,Fiber optic,No,Yes,Yes,No,Yes,Yes,One year,Yes,Electronic check,요금,1068977207,임하린,"고객이 요금 인상을 문의하자 상담사는 부가서비스 자동 갱신을 확인하고, 취소와 환불 가능성을 안내하겠다고 응답했다."
8945-GRKHX,1,78.65,78.65,790,90,2,1.0,0,True,False,True,False,False,False,1.0,1.0,0.9764332302772056,No phone service,Fiber optic,No,Yes,No,No,No,Yes,Month-to-month,Yes,Electronic check,해지,1003407561,김시우,고객이 번호 이동 문제를 문의하자 상담사가 해지 보류 혜택과 기술 지원을 안내하며 상황을 확인하기로 했다.
6060-DRTNL,5,84.85,415.55,850,285,4,0.76,0,True,False,True,False,False,False,1.0,1.0,0.97922445132061,No phone service,Fiber optic,No,Yes,Yes,No,Yes,No,Month-to-month,Yes,Mailed check,해지,1000484648,최주원,고객이 서비스 해지를 원하지만 상담사가 개선 방안을 제시하며 고객이 고민해보겠다고 응답했다.
5186-EJEGL,9,69.5,653.25,967,144,7,0.0,0,True,False,True,False,False,False,0.0,1.0,0.561755425933834,No phone service,DSL,Yes,Yes,Yes,Yes,Yes,No,Month-to-month,Yes,Mailed check,장애,1061359892,한예준,고객이 인터넷 문제를 신고하자 상담사가 점검 후 임시 데이터 제공과 문자 안내를 약속했다.
7861-UVUFT,15,84.3,1308.4,320,50,3,0.0,1,True,False,True,False,False,False,1.0,1.0,0.6236108277535131,No phone service,Fiber optic,No,Yes,Yes,No,Yes,No,Month-to-month,Yes,Electronic check,해지,1056544562,한하린,고객이 인터넷 연결 문제로 불만을 토로하며 결국 서비스 해지를 요청했다.
2636-ALXXZ,1,69.6,69.6,729,232,3,1.0,0,True,False,True,False,False,False,1.0,1.0,0.960509507978768,No phone service,Fiber optic,No,Yes,No,No,No,No,Month-to-month,Yes,Electronic check,해지,1002905511,조지호,고객이 번호이동에 관한 문의를 하자 상담사가 문제를 확인하고 해결 방안을 제시하는 대화.
5696-QURRL,1,45.05,45.05,371,150,3,0.5,0,True,False,True,False,False,False,1.0,1.0,0.9323392824090938,No phone service,DSL,No,Yes,No,No,No,No,Month-to-month,Yes,Mailed check,요금,1045101029,황서연,고객이 청구 금액 이상에 대해 상담사와 대화하며 원인과 해결 방안을 문의하는 내용.
2111-DWYHN,1,21.1,21.1,420,18,0,0.232,0,True,False,True,False,False,False,0.0,1.0,0.564329127099263,No phone service,No,No internet service,No internet service,No internet service,No internet service,No internet service,No internet service,Month-to-month,Yes,Mailed check,품질,1028154054,한하윤,"고객이 끊김 문제를 상담사에게 문의하였고, 상담사는 연결 환경과 장비 상태를 점검하고 해결책을 제안한 후 진행 사항을 문자로 안내하기로 했다."
7815-PDTHL,35,20.2,684.4,219,9,1,0.25,0,True,False,True,False,False,False,0.0,0.0,0.0311816260739223,No phone service,No,No internet service,No internet service,No internet service,No internet service,No internet service,No internet service,Two year,Yes,Mailed check,해지,1004495645,윤도윤,"고객이 품질 문제로 해지를 고민하다 상담사와 대안을 논의하고, 요금 인하 옵션과 품질 점검을 안내받았다."
9972-EWRJS,67,19.25,1372.9,0,0,0,0.5,1,True,False,True,False,False,False,0.0,0.0,0.0123901085829473,No phone service,No,No internet service,No internet service,No internet service,No internet service,No internet service,No internet service,Two year,Yes,Electronic check,해당 없음,1092587494,최시우,대화 내용이 없음을 알리는 요약입니다.
6844-DZKRF,2,50.2,109.25,0,0,0,1.0,1,True,False,True,False,False,False,0.0,0.0,0.0817642182118513,No phone service,DSL,No,Yes,No,Yes,No,No,Month-to-month,Yes,Credit card (automatic),해당 없음,1008511235,정하은,요약할 대화 내용이 없습니다.
0725-CXOTM,36,89.65,3348.1,399,57,0,0.521,0,True,False,True,False,False,False,0.0,0.0,0.4001520604812197,Yes,DSL,Yes,Yes,Yes,Yes,Yes,Yes,One year,Yes,Credit card (automatic),해지,1084704911,장지호,고객이 요금 인상으로 해지를 고려하고 상담사가 대안 제시 및 진행 상황을 문자로 안내하기로 한 대화.
1866-ZSLJM,21,20.5,402.85,110,15,1,0.0,1,True,False,True,False,False,False,0.0,0.0,0.016188842465749,No phone service,No,No internet service,No internet service,No internet service,No internet service,No internet service,No internet service,Month-to-month,Yes,Credit card (automatic),요금,1088042127,이서준,고객이 전화 요금을 확인하자 상담사가 맞다고 확인했다.
7055-HNEOJ,3,55.8,154.55,160,30,1,0.5,0,True,False,True,False,False,False,0.0,1.0,0.5134329159138539,No phone service,DSL,No,Yes,Yes,Yes,No,No,Month-to-month,Yes,Mailed check,품질,1066237033,황하윤,고객이 인터넷 속도가 느리다고 불만을 제기하자 상담사가 신호 점검을 진행했다.
3996-ZNWYK,71,19.8,1388.45,479,58,4,0.46,0,True,False,True,False,False,False,0.0,0.0,0.0012461434610081,No phone service,No,No internet service,No internet service,No internet service,No internet service,No internet service,No internet service,Two year,Yes,Credit card (automatic),품질,1058655507,한서연,"고객은 저녁에 인터넷 속도 저하 문제를 상담사에게 보고하고, 상담사는 채널 변경과 모뎀 재설정 후 기사 방문 예약을 제안하여 고객이 예약하기로 했다."
7080-TNUWP,70,95.0,6602.9,310,222,2,0.0,0,True,False,True,False,False,False,0.0,0.0,0.3518793541861484,Yes,Fiber optic,No,Yes,Yes,No,Yes,No,One year,Yes,Electronic check,품질,1064260510,윤하린,"고객이 데이터 속도 문제를 상담사에게 보고하고, 상담사는 네트워크 초기화를 제안하며 추가 지원을 약속했다."
2675-DHUTR,58,98.9,5780.7,601,239,4,1.0,0,True,False,True,False,False,False,0.0,1.0,0.6325658816430745,Yes,Fiber optic,No,Yes,No,No,Yes,Yes,Month-to-month,Yes,Electronic check,장애,1095868976,안지유,"고객이 TV 끊김 문제를 상담하며, 상담사가 네트워크 점검과 해결 방법을 제안했다."
5018-LXQQG,30,66.3,1923.5,499,208,4,0.38,1,True,False,True,False,False,False,0.0,0.0,0.0744917802795778,No phone service,DSL,Yes,Yes,No,Yes,No,Yes,Month-to-month,Yes,Electronic check,요금,1068935664,오지유,고객이 요금이 높아진 것에 대해 이의를 제기하자 상담사가 요금제 변경 내역을 확인하고 조정을 약속했다.
9534-NSXEM,26,20.65,595.5,120,20,1,0.0,1,True,False,True,False,False,False,0.0,0.0,0.0090851619821506,No phone service,No,No internet service,No internet service,No internet service,No internet service,No internet service,No internet service,One year,Yes,Credit card (automatic),요금,1057369369,황하린,"고객이 요금 미납 확인을 요청했으며, 상담사는 미납이 없다고 답변했다."
6521-YYTYI,1,93.3,93.3,533,36,2,0.81,0,True,False,True,False,False,False,1.0,1.0,0.9437638739675148,Yes,Fiber optic,No,Yes,No,No,Yes,Yes,Month-to-month,Yes,Electronic check,장애,1059783067,이서준,"고객이 인터넷 장애로 인해 문의를 했고, 상담사가 문제를 확인하고 처리 절차를 안내하며 고객에게 진행 상황을 문자로 알리기로 했다."
7517-LDMPS,12,84.6,1017.35,297,6,1,0.5,0,True,False,True,False,False,False,0.0,1.0,0.6570922515205753,No phone service,Fiber optic,No,Yes,No,No,No,Yes,Month-to-month,Yes,Electronic check,요금,1070222190,한시우,"고객은 평소와 다른 청구 금액에 대해 문의하였고, 상담사는 요금 청구 내역을 확인하고 문자 청구서 전환을 제안하며 문제 해결을 약속했습니다."
0230-WEQUW,66,56.6,3789.2,361,29,1,0.325,0,True,False,True,False,False,False,0.0,0.0,0.0230284848183159,No phone service,DSL,Yes,Yes,Yes,Yes,Yes,No,Two year,Yes,Electronic check,품질,1060745980,정예준,"고객이 DSL 연결 문제로 상담을 요청하였고, 상담사는 문제 확인 후 기사 방문 예약과 요금제 재검토를 안내하였다."
0459-SPZHJ,63,83.5,5435.0,201,17,1,0.768,1,True,False,True,False,False,False,0.0,0.0,0.0232103231248183,Yes,DSL,Yes,Yes,Yes,No,Yes,Yes,Two year,Yes,Credit card (automatic),요금,1065668522,최지민,고객이 청구금액에 대한 확인을 요청하자 상담사가 부가서비스 해지 및 요금제 적합성을 검토하겠다고 답했다.
4335-UPJSI,24,19.75,498.1,0,0,0,0.0,1,True,False,True,False,False,False,0.0,0.0,0.0105154014362495,No phone service,No,No internet service,No internet service,No internet service,No internet service,No internet service,No internet service,Two year,Yes,Mailed check,해당 없음,1019039945,정지호,"""해당 없음""의 대화 내용은 구체적인 정보나 질문이 없어 요약할 수 없음."
9200-NLNPD,56,54.05,2959.8,302,57,4,0.34,0,True,False,True,False,False,False,0.0,0.0,0.0064667293347402,No phone service,DSL,No,Yes,Yes,Yes,Yes,Yes,One year,Yes,Electronic check,품질,1046564036,이서현,고객이 저녁마다 인터넷 속도 저하를 겪어 기사 방문 점검을 요청했다.
3950-VPYJB,57,59.6,3509.4,917,190,4,0.28,1,True,False,True,False,False,False,0.0,0.0,0.0134331005528553,No phone service,DSL,Yes,Yes,No,Yes,No,No,One year,Yes,Mailed check,요금,1081450783,신하은,고객이 요금 증가에 대해 문제를 제기하며 조정 요청을 하자 상담사가 처리 방안을 안내하기로 했다.
3887-PBQAO,45,25.9,1216.6,97,23,0,0.2,1,True,False,True,False,False,False,0.0,0.0,0.2455086047507817,Yes,No,No internet service,No internet service,No internet service,No internet service,No internet service,No internet service,One year,Yes,Credit card (automatic),요금,1005765539,박지유,고객이 청구금액에 대해 문의하자 상담사가 청구 내역과 부가서비스를 확인하고 조정 가능성을 안내하였다.
7551-DACSP,6,55.3,324.25,291,40,1,0.329,0,True,False,True,False,False,False,1.0,1.0,0.5411631535256702,No phone service,DSL,No,Yes,Yes,No,No,No,Month-to-month,Yes,Mailed check,품질,1099171353,권지호,"고객이 DSL 인터넷의 끊김 문제로 상담을 요청하자, 상담사가 문제 원인을 파악하고 기사 방문을 예약하며 요금제 적합성을 재검토하기로 했다."
5144-TVGLP,38,94.75,3653.0,508,45,2,0.0,0,True,False,True,False,False,False,0.0,1.0,0.8080523891570796,Yes,Fiber optic,No,Yes,No,No,Yes,Yes,Month-to-month,Yes,Electronic check,장애,1009468962,서시우,고객이 인터넷 오류를 신고하자 상담사가 원격 점검을 제안했다.
9705-IOVQQ,61,99.0,5969.3,0,0,0,1.0,1,True,False,True,False,False,False,0.0,0.0,0.2993931406550041,Yes,Fiber optic,No,Yes,No,No,Yes,Yes,One year,Yes,Electronic check,해당 없음,1073006146,권민준,대화 내용이 없음을 나타내는 요약입니다.
5186-PEIZU,35,19.25,617.65,0,0,0,0.0,1,True,False,True,False,False,False,0.0,0.0,0.017335797074029,No phone service,No,No internet service,No internet service,No internet service,No internet service,No internet service,No internet service,Month-to-month,Yes,Electronic check,해당 없음,1050090150,황서준,"""해당 없음""이라는 내용은 특정 주제나 질문이 없음을 나타냅니다."
7083-MIOPC,72,20.25,1566.9,102,9,0,0.495,1,True,False,True,False,False,False,0.0,0.0,0.0040151754402811,No phone service,No,No internet service,No internet service,No internet service,No internet service,No internet service,No internet service,Two year,Yes,Credit card (automatic),요금,1068749524,오하윤,"고객이 청구금액 증가로 상담 요청했고, 상담사가 요금제 변경을 제안하며 지원하기로 했다."
2828-SLQPF,19,45.0,865.85,914,39,6,0.0,1,True,False,True,False,False,False,0.0,0.0,0.0416320504687271,No phone service,DSL,No,Yes,No,No,No,No,Month-to-month,Yes,Electronic check,해지,1087915186,한도윤,"고객이 해지를 고려 중이며, 상담사는 추가 혜택과 임시 보상을 제안하며 문제 해결을 도와주겠다고 응답했다."
5232-NXPAY,47,74.45,3510.3,273,52,0,0.474,0,True,False,True,False,False,False,0.0,0.0,0.0386191022739228,No phone service,DSL,No,Yes,Yes,Yes,Yes,Yes,Two year,Yes,Mailed check,해지,1054847369,조주원,"고객이 서비스 품질 문제로 해지를 고려하며 상담을 요청했고, 상담사는 해지 전 대안을 제시하고 위약금 정보를 안내했다."
4753-PADAS,67,105.7,6816.95,271,38,2,0.823,0,True,False,True,False,False,False,0.0,1.0,0.6100634036397657,Yes,Fiber optic,No,Yes,Yes,No,Yes,Yes,One year,Yes,Electronic check,요금,1069795824,박주원,"고객이 이번 달 라이트 100M 요금이 평소보다 높아 문의하자, 상담사가 부가서비스 해지 및 요금 조정을 안내하고 진행 상황을 문자로 보내겠다고 약속했다."
0455-XFASS,3,69.55,200.2,314,38,0,0.588,1,True,False,True,False,False,False,0.0,1.0,0.725807818949875,No phone service,Fiber optic,No,Yes,No,No,No,No,Month-to-month,Yes,Electronic check,요금,1096620224,신서연,고객이 청구금액 증가에 대해 상담 요청하자 상담사는 요금제 적합성을 확인하고 적절한 요금제로 변경 시 절감 가능성을 안내했다.
8727-JQFHV,57,20.75,1123.15,553,116,0,0.21,1,True,False,True,False,False,False,0.0,0.0,0.0017937364039785,No phone service,No,No internet service,No internet service,No internet service,No internet service,No internet service,No internet service,Two year,Yes,Mailed check,장애,1082618081,임도윤,고객이 인터넷 장애 문제를 상담사와 논의하며 복구 예상 시간을 안내받기로 했다.
4587-VVTOX,6,105.3,545.2,866,151,2,0.5,0,True,False,True,False,False,False,1.0,1.0,0.913520616455924,Yes,Fiber optic,No,Yes,Yes,No,Yes,Yes,Month-to-month,Yes,Electronic check,요금,1043511945,권서연,고객이 청구 금액에 이상을 제기하자 상담사가 요금 내역을 확인하며 문제 해결 방안을 제시하는 대화.
5174-RNGBH,9,66.25,620.55,764,257,3,0.68,0,True,False,True,False,False,False,1.0,1.0,0.9478195875663172,No phone service,DSL,No,Yes,No,Yes,Yes,No,Month-to-month,Yes,Mailed check,해지,1033859106,장지호,고객이 서비스 해지를 원하지만 상담사가 개선 방안을 제시하며 고객의 결정을 기다리기로 했다.
9451-LPGOO,7,86.8,620.35,172,53,1,0.646,0,True,False,True,False,False,False,1.0,1.0,0.8806184758042512,Yes,Fiber optic,No,Yes,No,No,No,Yes,Month-to-month,Yes,Electronic check,요금,1075877427,황시우,고객이 청구 금액 증가에 대한 문의를 하며 상담사가 요금제 변경을 통해 절감할 수 있는 방법을 안내했다.
6956-SMUCM,3,99.0,287.4,388,12,3,0.713,0,True,False,True,False,False,False,1.0,1.0,0.5768291345041323,No phone service,Fiber optic,Yes,Yes,Yes,No,Yes,Yes,Month-to-month,Yes,Credit card (automatic),품질,1034859713,박하린,"고객이 Fiber optic 회의 중 끊김 문제로 상담을 요청했고, 상담사는 문제 해결을 위한 조치를 안내하며 진행 상황을 문자로 알려주기로 했다."
2483-XSSMZ,39,47.85,1886.4,361,9,1,0.594,1,True,False,True,False,False,False,0.0,0.0,0.0636435994234341,No phone service,DSL,Yes,Yes,No,No,No,No,One year,Yes,Electronic check,장애,1040605939,이연우,"고객이 인터넷 장애로 상담 요청을 하였고, 상담사가 문제를 확인하고 복구 예정 시간 및 보상에 대해 안내하였다."
4074-SJFFA,1,54.75,54.75,400,140,4,0.5,0,True,False,True,False,False,False,1.0,1.0,0.9563095575802242,No phone service,DSL,No,Yes,No,No,No,Yes,Month-to-month,Yes,Mailed check,해지,1017755887,한서연,고객이 인터넷 속도 문제로 불만을 제기하며 환불과 해지를 요청했다.
7969-FFOWG,65,19.9,1292.6,271,28,0,0.454,1,True,False,True,False,False,False,0.0,0.0,0.0111650251090367,No phone service,No,No internet service,No internet service,No internet service,No internet service,No internet service,No internet service,Two year,Yes,Mailed check,장애,1082847308,오서준,고객이 인터넷 장애로 문의하자 상담사가 문제를 확인하고 복구 예상 시간을 안내하며 요금제 조정을 제안했다.
6384-VMJHP,72,73.0,5265.2,140,25,1,0.5,1,True,False,True,False,False,False,0.0,0.0,0.0058127146877892,No phone service,DSL,Yes,Yes,Yes,Yes,No,Yes,Two year,Yes,Credit card (automatic),품질,1026135864,윤민준,"고객이 인터넷 속도 문제를 상담사에게 문의하자, 상담사가 신호를 재설정해줬다."
6061-GWWAV,41,70.2,2894.55,140,25,1,0.5,1,True,False,True,False,False,False,0.0,0.0,0.006999093904994,No phone service,DSL,Yes,Yes,Yes,No,Yes,No,One year,Yes,Mailed check,품질,1035882534,한서준,"고객이 인터넷 속도 문제를 상담사에게 문의하자, 상담사가 신호를 재설정한 후 감사 인사를 받았다."
2862-PFNIK,1,24.7,24.7,301,28,4,0.225,0,True,False,True,False,False,False,0.0,1.0,0.8445529875173721,No phone service,DSL,No,Yes,No,No,No,No,Month-to-month,Yes,Electronic check,품질,1099614138,박지유,"고객이 DSL 회의 중 끊김 문제를 상담사에게 문의하였고, 상담사는 모뎀 신호 약화 감지 후 기사 방문을 예약하고 이용 요금제 적합성을 재계산하겠다고 안내함."
7779-ORAEL,45,75.15,3480.35,446,40,1,0.592,0,True,False,True,False,False,False,0.0,0.0,0.0254911202644929,Yes,DSL,Yes,Yes,Yes,Yes,No,Yes,Two year,Yes,Credit card (automatic),품질,1094983796,신지유,고객이 DSL 회의 중 끊김 문제로 상담을 요청하자 상담사가 문제 해결을 위해 장비 상태와 연결 환경을 점검하고 최적화 방안을 제시하며 진행 상황을 알리기로 했다.
2387-KDZQY,17,20.1,279.5,0,0,0,0.0,1,True,False,True,False,False,False,0.0,0.0,0.0113911968603483,No phone service,No,No internet service,No internet service,No internet service,No internet service,No internet service,No internet service,One year,Yes,Mailed check,해당 없음,1017386772,안하윤,대화 내용이 없음을 나타냄.
9866-OCCKE,72,109.75,8075.35,918,21,1,0.38,1,True,False,True,False,False,False,0.0,0.0,0.001353701923304,Yes,Fiber optic,Yes,Yes,Yes,Yes,Yes,Yes,Two year,Yes,Mailed check,장애,1036024241,황서준,"고객이 인터넷 문제로 문의하자 상담사가 지역 장애로 인한 복구 작업 중이며, ETA와 임시 조치를 문자로 안내하겠다고 답변했다."
5515-AKOAJ,54,100.1,5440.9,431,38,2,0.632,0,True,False,True,False,False,False,1.0,1.0,0.8066755661924707,Yes,Fiber optic,No,Yes,No,Yes,Yes,Yes,Month-to-month,Yes,Electronic check,품질,1097752231,안서연,고객이 Fiber optic 끊김 문제로 문의하자 상담사가 확인 후 기사 방문과 요금제 재검토를 약속했다.
9965-YOKZB,9,83.85,790.15,1184,213,4,0.67,1,True,False,True,False,False,False,1.0,1.0,0.9862661550433364,Yes,Fiber optic,No,Yes,No,No,No,Yes,Month-to-month,Yes,Electronic check,요금,1005286603,이지민,"고객은 요금이 높아진 것에 대해 상담사에게 확인 요청하며, 상담사는 요금제 변경 내역을 안내하고 해제 및 환불 가능성을 확인하기로 했다."
8905-IAZPF,69,95.65,6744.2,169,11,0,0.835,1,True,False,True,False,False,False,0.0,0.0,0.1681296234440487,No phone service,Fiber optic,No,Yes,No,No,Yes,Yes,One year,Yes,Credit card (automatic),요금,1037323962,조시우,"고객은 기가프리미엄 1G 요금이 평소보다 많이 나와 상담을 요청했고, 상담사는 부가서비스 해지와 요금 조정을 진행하며 상세 확인 후 진행 사항을 문자로 안내하겠다고 말했다."
8873-TMKGR,29,19.1,529.5,1161,118,2,1.0,1,True,False,True,False,False,False,0.0,0.0,0.0077979841524349,No phone service,No,No internet service,No internet service,No internet service,No internet service,No internet service,No internet service,One year,Yes,Mailed check,요금,1096704432,윤주원,고객의 요금 인상이 불만족스러워 상담사와 문제 해결을 논의하는 대화.
4176-RELJR,67,25.1,1672.15,535,161,7,0.0,1,True,False,True,False,False,False,0.0,0.0,0.0039712368764916,Yes,No,No internet service,No internet service,No internet service,No internet service,No internet service,No internet service,Two year,Yes,Credit card (automatic),품질,1053309083,한하준,"고객은 강남역 인근에서 통화가 자주 끊긴다고 문의했고, 상담사는 문제를 확인하고 해결 방안을 문자로 안내하겠다고 답변했다."
3785-NRHYR,1,19.65,19.65,210,5,1,0.288,0,True,False,True,False,False,False,0.0,0.0,0.1987250881851855,No phone service,No,No internet service,No internet service,No internet service,No internet service,No internet service,No internet service,Month-to-month,Yes,Mailed check,요금,1088283461,장하준,"고객이 패밀리 결합 요금이 예상보다 높아진 문제를 상담사에게 확인하고, 상담사는 조정 및 요금제 적합성을 검토하기로 했다."
1265-BCFEO,71,80.45,5662.25,140,25,1,0.5,1,True,False,True,False,False,False,0.0,0.0,0.0152391974184554,Yes,DSL,No,Yes,Yes,Yes,Yes,Yes,Two year,Yes,Electronic check,품질,1040881478,최지호,"고객이 인터넷 속도 문제를 상담사에게 문의하자, 상담사가 신호를 재설정해주고 고객이 감사 인사를 전하는 대화."
3569-JFODW,72,90.95,6652.45,421,179,7,0.5,0,True,False,True,False,False,False,0.0,0.0,0.0493641546292763,Yes,DSL,Yes,Yes,Yes,Yes,Yes,Yes,Two year,Yes,Credit card (automatic),장애,1091698625,신연우,고객이 와이파이 문제를 보고하자 상담사가 점검 및 재부팅 방법을 안내하고 현장 점검 일정 예약을 제안했다.
4770-QAZXN,13,19.45,232.1,398,19,2,0.321,0,True,False,True,False,False,False,0.0,0.0,0.1734987593989311,No phone service,No,No internet service,No internet service,No internet service,No internet service,No internet service,No internet service,Month-to-month,Yes,Credit card (automatic),품질,1039897895,한지우,"고객이 회의 중 끊김 문제로 상담을 요청하였고, 상담사는 문제 해결을 위해 점검 및 기사 방문 예약을 안내했습니다."
5566-SOEZD,27,80.65,2209.75,1011,39,2,0.42,0,True,False,True,False,False,False,0.0,0.0,0.0068500399697664,No phone service,Fiber optic,Yes,Yes,No,No,No,No,One year,Yes,Credit card (automatic),품질,1061822153,이하은,"고객은 저녁에 인터넷 속도 저하 문제를 호소하였고, 상담사는 채널 변경 및 모뎀 재설정 후 필요 시 기사 방문 점검을 예약하기로 했습니다."
9444-JTXHZ,1,76.2,76.2,158,13,2,0.265,0,True,False,True,False,False,False,1.0,1.0,0.9541045287378472,No phone service,Fiber optic,No,Yes,Yes,No,No,No,Month-to-month,Yes,Electronic check,요금,1088962770,황지유,"고객이 청구금액이 예상보다 높아 상담을 요청하였고, 상담사는 요금제 변경을 통해 절감할 수 있다고 안내했다."
6198-PNNSZ,56,109.8,6109.65,463,28,0,0.763,1,True,False,True,False,False,False,0.0,0.0,0.3867517166111682,Yes,Fiber optic,Yes,Yes,Yes,No,Yes,Yes,One year,Yes,Electronic check,장애,1045069941,한연우,"고객이 인터넷 장애로 상담에 전화하자, 상담사가 장애를 확인하고 임시 LTE 백업 연결과 요금제 재검토를 안내했다."
0742-NXBGR,1,82.3,82.3,439,12,3,0.354,0,True,False,True,False,False,False,1.0,1.0,0.964085270621122,No phone service,Fiber optic,No,Yes,Yes,No,No,No,Month-to-month,Yes,Electronic check,장애,1087647056,윤주원,"고객이 인터넷 장애로 상담 요청을 했고, 상담사가 장애 점검 및 복구 예정 시간과 보상에 대해 안내했습니다."
0841-NULXI,1,35.55,35.55,255,62,5,0.267,1,True,False,True,False,False,False,1.0,1.0,0.8559298036329228,No phone service,DSL,No,Yes,No,No,No,Yes,Month-to-month,Yes,Electronic check,요금,1096099217,권지민,"고객이 안심요금 청구액 문제로 상담을 요청하였고, 상담사는 원인 확인 및 조정 가능성을 안내했다."
9451-WLYRI,53,19.05,990.45,1161,205,2,0.5,0,True,False,True,False,False,False,0.0,0.0,0.0692169369674762,No phone service,No,No internet service,No internet service,No internet service,No internet service,No internet service,No internet service,One year,Yes,Credit card (automatic),품질,1067654022,이예준,"고객은 영상 버퍼링 문제를 상담사에게 문의했으며, 상담사는 네트워크 점검과 최적화 계획을 안내했다."
2761-XECQW,8,43.35,371.4,787,178,4,1.0,0,True,False,True,False,False,False,0.0,1.0,0.5548371387850629,No phone service,DSL,No,Yes,Yes,No,No,Yes,Month-to-month,Yes,Mailed check,요금,1082682190,안하준,고객이 요금 인상에 대해 문의하자 상담사가 문제를 살펴보고 문자 청구서 전환 등의 해결책을 제안하며 추가 연락을 약속했다.
6502-MJQAE,1,69.6,69.6,207,43,2,0.388,0,True,False,True,False,False,False,1.0,1.0,0.964762856690506,No phone service,Fiber optic,No,Yes,No,No,No,No,Month-to-month,Yes,Electronic check,요금,1096892713,오예준,고객이 청구금액 증가에 대해 문의하자 상담사가 원인 확인 및 해결 방안을 안내하며 상황을 문자로 전달하기로 했다.
2651-ZCBXV,54,108.0,5760.65,425,56,0,0.985,0,True,False,True,False,False,False,0.0,0.0,0.1723564259345468,Yes,Fiber optic,Yes,Yes,No,Yes,Yes,Yes,Two year,Yes,Credit card (automatic),품질,1020731747,오민준,"고객이 회의 중 끊김 문제로 상담을 요청하자, 상담사는 신호 약화를 확인하고 기사 방문을 예약하며 요금제 검토를 약속했다."
5498-TXHLF,34,87.45,2874.15,398,125,5,1.0,0,True,False,True,False,False,False,1.0,1.0,0.5176369778057508,Yes,Fiber optic,No,Yes,Yes,No,Yes,No,Month-to-month,Yes,Electronic check,장애,1044090689,정하윤,"고객이 와이파이 문제로 상담사에게 도움을 요청하였고, 상담사는 재부팅 및 네트워크 초기화를 제안하며 임시 데이터 제공과 현장 점검 가능성을 언급했다."
7707-PYBBH,40,61.9,2647.1,0,0,0,0.5,1,True,False,True,False,False,False,0.0,0.0,0.0198901080217265,No phone service,DSL,Yes,Yes,No,Yes,No,No,Month-to-month,Yes,Mailed check,해당 없음,1028118098,윤지우,"""해당 없음""이라는 응답이 주어졌습니다."
0206-OYVOC,46,19.25,864.2,499,109,3,0.5,1,True,False,True,False,False,False,0.0,0.0,0.0101696922091467,No phone service,No,No internet service,No internet service,No internet service,No internet service,No internet service,No internet service,Two year,Yes,Mailed check,해지,1067257991,조지우,고객이 해지를 고려하자 상담사가 해결 방안으로 요금제 변경과 할인을 제안하며 현장 점검을 고려한다고 안내했다.
3323-CPBWR,23,96.9,2085.45,441,17,1,0.925,0,True,False,True,False,False,False,0.0,0.0,0.4013416973928533,Yes,Fiber optic,No,Yes,Yes,Yes,Yes,No,Month-to-month,Yes,Credit card (automatic),품질,1021368472,정서연,"고객이 광랜 중 끊김 문제로 문의하자, 상담사가 문제 해결을 위한 점검과 요금제 재조정을 안내했다."
7339-POGZN,4,50.7,214.55,878,112,4,0.0,1,True,False,True,False,False,False,0.0,0.0,0.194902736835986,Yes,DSL,No,Yes,No,No,No,No,Month-to-month,Yes,Electronic check,요금,1056289666,권주원,고객이 요금 인상에 대해 문의하자 상담사가 프로모션 종료로 인한 것이며 요금제 변경을 도와주겠다고 답변했다.
6029-WTIPC,37,101.1,3744.05,979,205,3,0.75,1,True,False,True,False,False,False,1.0,1.0,0.9924547190499986,Yes,Fiber optic,No,Yes,Yes,No,Yes,Yes,Month-to-month,Yes,Electronic check,요금,1079164155,권도윤,"고객이 이번 달 요금이 높아진 이유를 문의하자, 상담사가 부가서비스 자동 갱신을 확인하고 취소 및 환불 가능성을 안내했다."
1728-CXQBE,64,94.25,6081.4,0,0,0,1.0,1,True,False,True,False,False,False,0.0,0.0,0.2119846344039676,Yes,Fiber optic,No,Yes,Yes,No,No,Yes,Month-to-month,Yes,Electronic check,해당 없음,1006816815,조서현,"""해당 없음""이라는 표현이 들어 있는 대화 내용을 요약하기 위해서는 더 많은 맥락이 필요합니다. 추가적인 정보나 대화 내용을 제공해 주시면 더욱 정확한 요약을 제공할 수 있습니다."
9397-TZSHA,69,24.6,1678.05,135,22,0,0.421,1,True,False,True,False,False,False,0.0,0.0,0.0084903197177003,Yes,No,No internet service,No internet service,No internet service,No internet service,No internet service,No internet service,Two year,Yes,Credit card (automatic),요금,1019631896,한도윤,고객이 청구 금액 증가에 대해 상담을 요청하자 상담사가 원인을 확인하고 부가서비스 해지 및 요금 조정을 약속하며 진행 상황을 문자로 안내하겠다고 말했다.
9992-RRAMN,22,85.1,1873.7,1154,42,5,0.0,0,True,False,True,False,False,False,1.0,1.0,0.8027315208926568,Yes,Fiber optic,No,Yes,No,No,No,Yes,Month-to-month,Yes,Electronic check,품질,1007494657,장지민,고객이 데이터 속도 문제를 상담사에게 문의하자 상담사는 해결 방안을 제시하고 임시 보상과 속도 제한 해제를 검토하겠다고 답변했다.
9381-NDKME,24,40.65,933.3,548,252,2,0.7,0,True,False,True,False,False,False,1.0,1.0,0.9620952673210952,No phone service,DSL,No,Yes,Yes,No,No,Yes,Month-to-month,Yes,Credit card (automatic),해지,1057880470,한하린,고객이 해지를 원하자 상담사가 개선 방안을 제시하고 고객은 제안서를 받고 결정하겠다고 응답했다.
9889-TMAHG,8,100.3,832.35,160,11,2,0.662,1,True,False,True,False,False,False,1.0,1.0,0.769941399359398,No phone service,Fiber optic,Yes,Yes,No,Yes,Yes,Yes,Month-to-month,Yes,Credit card (automatic),요금,1018929119,권서준,고객이 모바일세이브 5G 청구액 증가에 대해 문의하자 상담사가 요금제 적합성을 확인하고 더 적합한 요금제로 변경 시 절감 가능성을 안내했다.
1328-EUZHC,18,20.1,370.5,420,60,2,0.21,1,True,False,True,False,False,False,0.0,0.0,0.0021362964023373,No phone service,No,No internet service,No internet service,No internet service,No internet service,No internet service,No internet service,Two year,Yes,Mailed check,장애,1043552299,권예준,고객이 인터넷 장애를 신고하자 상담사가 복구 작업 중임을 알리고 ETA와 가이드를 문자로 보내기로 했습니다.
6614-YWYSC,61,25.0,1501.75,0,0,0,0.0,1,True,False,True,False,False,False,0.0,0.0,0.0082693069206056,Yes,No,No internet service,No internet service,No internet service,No internet service,No internet service,No internet service,Two year,Yes,Electronic check,해당 없음,1082848630,한민준,대화 내용이 없음을 확인했습니다.
8547-NSBBO,35,96.75,3403.4,768,244,2,0.53,0,True,False,True,False,False,False,0.0,0.0,0.0104432858917621,Yes,Fiber optic,Yes,Yes,Yes,Yes,No,No,Month-to-month,Yes,Mailed check,품질,1098230250,박서현,"고객은 저녁에 인터넷 속도 저하 문제를 상담사에게 전달하고, 상담사는 채널 변경 및 모뎀 재설정에 이어 방문 점검을 예약해 주기로 했습니다."
3621-CHYVB,57,49.9,2782.4,524,84,3,0.23,0,True,False,True,False,False,False,0.0,0.0,0.0037632753821838,No phone service,DSL,Yes,Yes,Yes,Yes,No,Yes,Month-to-month,Yes,Electronic check,품질,1066992978,한도윤,"고객은 저녁마다 인터넷 속도가 느려져 상담사에게 채널 변경과 모뎀 재설정을 요청하며, 기사 방문 점검 예약을 부탁했다."
5453-YBTWV,70,101.1,6994.8,0,0,0,1.0,1,True,False,True,False,False,False,0.0,0.0,0.0277938562951244,No phone service,Fiber optic,Yes,Yes,Yes,Yes,Yes,No,Two year,Yes,Credit card (automatic),해당 없음,1085935297,이지호,대화 내용이 없음.
8837-VVWLQ,8,84.95,668.4,1036,145,4,0.99,1,True,False,True,False,False,False,1.0,1.0,0.9793417709688986,No phone service,Fiber optic,Yes,Yes,No,No,Yes,No,Month-to-month,Yes,Electronic check,요금,1075281182,윤주원,"고객이 요금 증가에 대해 문의하자 상담사가 요금제 변경 내역을 확인하고, 취소와 환불 가능성을 검토하겠다고 응답했다."
3806-YAZOV,3,18.8,56.0,1154,245,4,0.8,0,True,False,True,False,False,False,0.0,1.0,0.6466017333328046,No phone service,No,No internet service,No internet service,No internet service,No internet service,No internet service,No internet service,Month-to-month,Yes,Mailed check,해지,1031837362,최지민,고객이 해지 의사를 표명하자 상담사는 개선 방안을 제안하고 고객은 이를 검토하기로 결정했다.
3866-MDTUB,2,70.75,146.9,981,100,3,0.5,0,True,False,True,False,False,False,1.0,1.0,0.8750764931105993,No phone service,DSL,Yes,Yes,No,No,Yes,Yes,Month-to-month,Yes,Electronic check,해지,1043069723,최서현,고객이 약정 만료로 해지를 원하지만 상담사는 재부팅 및 요금제 변경 제안을 통해 해결책을 제시하고 있습니다.
2826-DXLQO,7,29.8,220.45,297,5,2,0.468,1,True,False,True,False,False,False,0.0,0.0,0.1258614150556473,No phone service,DSL,Yes,Yes,No,No,No,No,Month-to-month,Yes,Electronic check,장애,1073946290,김서연,고객이 인터넷 장애로 문의하자 상담사가 장애 확인 후 임시 LTE 연결을 제공하고 요금제를 재검토하겠다고 안내했다.
9469-WEJBT,37,90.35,3419.3,190,30,1,1.0,1,True,False,True,False,False,False,0.0,0.0,0.1964017288983273,No phone service,Fiber optic,No,Yes,Yes,Yes,No,Yes,Month-to-month,Yes,Electronic check,품질,1084287988,한하린,고객이 인터넷 느림 문제를 문의하자 상담사가 일시적인 현상이며 신호를 재설정해주었다.
9948-YPTDG,38,79.45,3013.05,352,13,0,0.588,0,True,False,True,False,False,False,1.0,0.0,0.4071176163330753,No phone service,Fiber optic,Yes,Yes,No,No,No,No,Month-to-month,Yes,Electronic check,품질,1056879973,장하은,"고객이 광케이블 인터넷 끊김 문제로 상담 요청, 상담사가 원인 조사 후 기사 방문 예약과 요금제 재검토 약속."
8292-FRFZQ,39,41.15,1700.9,469,33,0,0.356,0,True,False,True,False,False,False,0.0,0.0,0.1257686596655366,No phone service,DSL,Yes,Yes,No,Yes,No,No,One year,Yes,Electronic check,장애,1045856732,정시우,고객이 인터넷 장애로 상담을 요청하자 상담사는 임시 LTE 백업 연결과 요금제 점검을 안내하며 진행 사항을 문자로 알리겠다고 말했다.
8571-ZCMCX,47,60.0,2768.65,460,18,4,0.688,0,True,False,True,False,False,False,0.0,0.0,0.0681833515637806,No phone service,DSL,Yes,Yes,Yes,No,Yes,Yes,Two year,Yes,Credit card (automatic),장애,1061319252,오하은,"고객이 인터넷 문제로 상담을 요청했고, 상담사가 지역 장애 점검 및 복구 예정 시간을 안내하며 요금제 재검토를 약속했다."
6035-RIIOM,54,97.2,5129.45,0,0,0,1.0,1,True,False,True,False,False,False,0.0,0.0,0.0807769999232747,Yes,Fiber optic,No,Yes,No,No,Yes,Yes,Two year,Yes,Electronic check,해당 없음,1091670396,최하준,대화 내용이 없어서 요약할 수 없습니다.
6728-WYQBC,1,20.95,20.95,828,143,2,0.77,0,True,False,True,False,False,False,0.0,1.0,0.8856047266747432,No phone service,No,No internet service,No internet service,No internet service,No internet service,No internet service,No internet service,Month-to-month,Yes,Electronic check,해지,1011094681,안서현,고객이 서비스 해지를 원했지만 상담사가 개선 방안을 제안하자 고객이 제안서를 받고 결정하겠다고 하는 대화.
5186-SAMNZ,1,69.5,69.5,0,0,0,1.0,1,True,False,True,False,False,False,1.0,1.0,0.5008029408912166,No phone service,Fiber optic,No,Yes,No,No,No,No,Month-to-month,Yes,Electronic check,해당 없음,1083247240,장서연,"""해당 없음""은 특정 내용이나 정보가 없음을 나타낸다."
4360-QRAVE,37,36.65,1315.0,418,235,3,1.0,1,True,False,True,False,False,False,0.0,0.0,0.0581713445302625,No phone service,DSL,No,Yes,Yes,No,No,No,Month-to-month,Yes,Electronic check,품질,1010100077,정도윤,고객이 데이터 속도 저하를 문의하자 상담사가 확인 후 조치를 약속했다.
2178-PMGCJ,22,69.7,1490.4,140,25,1,0.5,0,True,False,True,False,False,False,0.0,0.0,0.437402799875451,No phone service,Fiber optic,No,Yes,No,No,No,No,Month-to-month,Yes,Mailed check,요금,1064067381,조하준,고객이 DSL 요금에 대해 문의하자 상담사가 1개월 차 요금이 맞다고 확인했다.
6229-LSCKB,6,79.7,497.6,213,26,2,0.711,0,True,False,True,False,False,False,0.0,0.0,0.1811492990560638,No phone service,Fiber optic,No,Yes,No,No,Yes,No,Month-to-month,Yes,Electronic check,요금,1013442411,장서현,"고객이 기가프리미엄 요금 청구액이 평소보다 많이 나왔다고 문의하자, 상담사가 요금제 적합성을 검토하고 변경 시 절감 가능성을 안내했다."
2718-YSKCS,71,19.6,1387.45,1138,252,3,0.43,0,True,False,True,False,False,False,0.0,0.0,0.0381759390171815,No phone service,No,No internet service,No internet service,No internet service,No internet service,No internet service,No internet service,Two year,Yes,Electronic check,해지,1037493866,박하준,고객이 서비스 해지를 원하자 상담사가 개선 방안을 제안하고 고객이 제안서를 검토 후 결정하기로 했다.
6152-ONASV,68,58.25,3975.7,320,65,0,0.497,1,True,False,True,False,False,False,0.0,0.0,0.0255875991252982,Yes,DSL,Yes,Yes,No,Yes,No,No,One year,Yes,Electronic check,요금,1040009456,신지우,"고객이 기가프리미엄 요금 청구가 평소보다 높아 문의했으며, 상담사가 청구 내역 및 부가서비스를 확인하고 조정 가능성을 안내하였다."
9227-UAQFT,16,19.75,284.35,215,13,0,0.31,1,True,False,True,False,False,False,0.0,0.0,0.0133112670580417,No phone service,No,No internet service,No internet service,No internet service,No internet service,No internet service,No internet service,Two year,Yes,Mailed check,요금,1067401611,한지유,"고객이 청구금액 증가에 대해 상담을 요청하자 상담사가 원인 확인 후 부가서비스 해지 및 요금 조정 가능성을 안내하고, 진행 상황을 문자로 알리기로 했다."
9555-SAHUZ,38,54.5,2076.05,280,28,1,0.332,0,True,False,True,False,False,False,0.0,0.0,0.2490552922373664,No phone service,DSL,Yes,Yes,No,No,No,No,Month-to-month,Yes,Electronic check,품질,1030803590,안서현,고객이 DSL 연결 문제로 상담을 요청하자 상담사가 문제 해결을 위해 장비 상태와 지역 서비스 품질을 확인하고 기사 방문 예약 및 요금제 적합성을 검토하기로 했다.
6890-PFRQX,18,69.5,1199.4,90,15,1,0.5,1,True,False,True,False,False,False,0.0,0.0,0.014990968286825,Yes,DSL,Yes,Yes,Yes,No,Yes,No,Month-to-month,Yes,Mailed check,품질,1018999258,서하준,"고객이 DSL 인터넷 속도를 확인했으며, 상담사는 신호가 정상이라고 응답했다."
7605-BDWDC,31,49.85,1520.1,335,18,1,0.524,0,True,False,True,False,False,False,0.0,0.0,0.0612727708476135,No phone service,DSL,Yes,Yes,No,Yes,No,Yes,Two year,Yes,Electronic check,해지,1006390702,오예준,고객이 서비스 해지를 고려하며 약정과 위약금에 대해 문의하자 상담사는 해지 전 대안을 제시하고 요금 인하 옵션을 안내했다.
6374-NTQLP,72,104.1,7447.7,90,15,1,1.0,1,True,False,True,False,False,False,0.0,0.0,0.0109182137115557,No phone service,Fiber optic,Yes,Yes,Yes,Yes,Yes,Yes,Two year,Yes,Credit card (automatic),요금,1030966467,한연우,고객이 2년 약정 만료일을 문의하자 상담사가 내년 3월이라고 알려주었다.
6140-QNRQQ,1,71.55,71.55,300,140,3,1.0,0,True,False,True,False,False,False,1.0,1.0,0.9792643661293704,No phone service,Fiber optic,No,Yes,No,No,No,No,Month-to-month,Yes,Mailed check,해지,1084776947,박지유,고객이 가입 1주일 만에 요금이 예상보다 높아 해지를 요청하자 상담사가 설명하려 하자 고객은 취소를 강하게 요구했다.
4523-WXCEF,59,101.1,6039.9,338,45,1,0.474,0,True,False,True,False,False,False,1.0,1.0,0.9107602374009448,Yes,Fiber optic,No,Yes,No,No,Yes,Yes,Month-to-month,Yes,Electronic check,해지,1082147054,윤지유,"고객이 요금 인상으로 해지를 고려하고 상담사에게 약정 및 위약금 문의를 하자, 상담사는 해지 전 혜택과 요금 조정 옵션을 안내하며 고객의 사용 패턴을 재검토하고 진행 상황을 문자로 안내하기로 했다."
9793-WECQC,23,95.3,2192.9,385,5,2,0.971,0,True,False,True,False,False,False,0.0,0.0,0.2660976649937402,No phone service,Fiber optic,No,Yes,No,No,Yes,Yes,Month-to-month,Yes,Mailed check,품질,1001787453,안지우,"고객이 Fiber optic 회의 중 끊김 문제로 상담 요청을 하였고, 상담사가 문제 해결을 위한 점검 및 조치를 안내하였다."
5016-ETTFF,10,29.5,255.25,136,101,4,1.0,0,True,False,True,False,False,False,1.0,0.0,0.4383399430431436,No phone service,DSL,No,Yes,Yes,No,No,No,Month-to-month,Yes,Mailed check,품질,1036743239,서민준,"고객이 영상 버퍼링 문제를 상담하자, 상담사는 신호 세기 문제를 확인하고 네트워크 초기화를 권장하며, 임시 보상을 제공하겠다고 했다."
1304-BCCFO,9,70.05,564.4,177,5,1,0.645,0,True,False,True,False,False,False,0.0,0.0,0.269787501014413,No phone service,DSL,No,Yes,Yes,No,Yes,Yes,Month-to-month,Yes,Mailed check,해지,1082626714,윤하준,"고객이 월 이용 중 해지 고민을 하며 약정 및 위약금 문의, 상담사는 불편 해소를 위한 대안을 제시하고 고객은 안내에 따라 진행하기로 결정했다."
2931-SVLTV,40,110.1,4469.1,858,240,3,0.76,1,True,False,True,False,False,False,0.0,0.0,0.01645595064222,Yes,Fiber optic,Yes,Yes,No,Yes,Yes,Yes,Month-to-month,Yes,Credit card (automatic),장애,1046029988,최지호,고객이 인터넷 장애를 보고하자 상담사가 복구 작업 중임을 알리고 ETA와 가이드를 문자로 안내하겠다고 약속했다.
4751-ERMAN,72,75.4,5480.25,0,0,0,0.5,1,True,False,True,False,False,False,0.0,0.0,0.0070251447690869,No phone service,DSL,No,Yes,Yes,No,Yes,Yes,Two year,Yes,Electronic check,해당 없음,1057845990,오하준,해당 없음.
6776-TLWOI,3,19.85,64.55,198,16,0,0.138,0,True,False,True,False,False,False,1.0,1.0,0.8136367063852366,No phone service,No,No internet service,No internet service,No internet service,No internet service,No internet service,No internet service,Month-to-month,Yes,Mailed check,요금,1033767669,한지호,고객이 기가프리미엄 요금 청구에 대해 문의하자 상담사가 문제를 확인하고 일부 부가서비스 해지 및 요금 조정 가능성을 안내했다.
1024-GUALD,1,24.8,24.8,142,24,2,0.473,1,True,False,True,False,False,False,1.0,0.0,0.4732166254807801,No phone service,DSL,No,Yes,No,No,No,No,Month-to-month,Yes,Electronic check,요금,1081273959,조서준,고객이 안심요금 청구가 평소보다 높아 이유를 문의하자 상담사가 청구 내역과 부가서비스를 확인하고 조정 가능성을 안내했다.
3717-FDJFU,5,20.45,106.9,146,139,4,1.0,1,True,False,True,False,False,False,0.0,0.0,0.0073766095915219,No phone service,No,No internet service,No internet service,No internet service,No internet service,No internet service,No internet service,Two year,Yes,Mailed check,해지,1002803919,오하윤,고객이 약정 만료로 해지를 원하지만 상담사가 추가 혜택을 제안하며 해지 보류를 권유하는 대화.
6823-SIDFQ,28,18.25,534.7,844,151,1,0.0,0,True,False,True,False,False,False,0.0,0.0,0.0592808997414279,No phone service,No,No internet service,No internet service,No internet service,No internet service,No internet service,No internet service,One year,Yes,Credit card (automatic),장애,1049154461,권하린,"고객이 TV 끊김 문제를 상담사에게 문의하자, 상담사는 원격 점검과 청구 전담팀 검토를 제안하며 처리 결과를 문자로 안내하겠다고 응답했다."
9600-UDOPK,30,94.05,2866.45,370,90,3,1.0,0,True,False,True,False,False,False,1.0,1.0,0.9539064033102784,Yes,Fiber optic,No,Yes,No,No,Yes,Yes,Month-to-month,Yes,Credit card (automatic),해지,1016943198,권예준,고객이 인터넷 끊김 문제를 이유로 해지를 요청했다.
2550-AEVRU,57,53.45,3053.0,187,226,2,0.5,0,True,False,True,False,False,False,0.0,0.0,0.1362950789909797,No phone service,DSL,Yes,Yes,No,No,No,No,One year,Yes,Electronic check,장애,1083735567,김지호,고객이 인터넷 오류를 신고하자 상담사는 문제 확인 후 임시로 데이터 제공과 현장 점검을 검토하겠다고 안내했다.
5968-VXZLG,2,46.6,87.9,961,103,7,0.0,0,True,False,True,False,False,False,0.0,1.0,0.6838728139879443,No phone service,DSL,No,Yes,No,No,No,No,Month-to-month,Yes,Electronic check,요금,1085753224,김지유,고객은 이중 청구를 의심하고 상담사는 문제 확인 후 문자 청구서로 전환할 수 있다고 안내했다.
4026-SKKHW,3,50.25,152.3,451,15,2,0.291,0,True,False,True,False,False,False,0.0,1.0,0.7678470923957372,No phone service,DSL,No,Yes,No,Yes,No,No,Month-to-month,Yes,Mailed check,품질,1009426730,장하은,"고객이 DSL 회선의 끊김 문제로 상담에 문의하였고, 상담사는 문제 확인 후 기사 방문 예약과 요금제 검토를 제안하였다."
1173-NOEYG,27,90.15,2423.4,338,15,0,0.684,1,True,False,True,False,False,False,0.0,1.0,0.5206302766417736,Yes,Fiber optic,No,Yes,Yes,No,No,Yes,Month-to-month,Yes,Electronic check,요금,1006263758,권연우,고객이 청구서 이상을 문의하자 상담사가 요금제 적합성을 검토하고 요금제 변경 시 절감 가능성을 안내하며 진행 상황을 문자로 통지하겠다고 언급했다.
2332-TODQS,48,25.05,1171.5,300,121,2,0.5,1,True,False,True,False,False,False,0.0,0.0,0.0062628471078331,Yes,No,No internet service,No internet service,No internet service,No internet service,No internet service,No internet service,One year,Yes,Credit card (automatic),요금,1008898146,신하준,고객이 이중 청구를 의심하자 상담사가 요금 청구 내역을 확인하고 소액결제 차단 설정 및 해지 보류 혜택 안내를 제안하며 처리를 도와주기로 했다.
4981-FLTMF,57,65.2,3687.85,0,0,0,0.5,1,True,False,True,False,False,False,0.0,0.0,0.0194506368717571,Yes,DSL,Yes,Yes,No,Yes,No,No,Month-to-month,Yes,Electronic check,해당 없음,1026964270,장연우,"""해당 없음""이라는 내용이므로 요약할 내용이 없습니다."
5195-KPUNQ,53,96.75,5206.55,323,30,1,0.732,0,True,False,True,False,False,False,0.0,0.0,0.1159119349837962,No phone service,Fiber optic,Yes,Yes,No,Yes,No,Yes,One year,Yes,Mailed check,품질,1052062139,황시우,"고객이 Fiber optic 회의 중 끊김 문제로 상담을 요청하였고, 상담사는 점검 후 기사 방문 예약과 요금제 재검토를 안내하였다."
7803-XOCCZ,52,84.05,4326.8,406,19,2,0.661,1,True,False,True,False,False,False,0.0,0.0,0.2343887484205373,No phone service,Fiber optic,Yes,Yes,Yes,Yes,No,No,Month-to-month,Yes,Electronic check,장애,1090565668,안예준,고객이 인터넷 장애로 연락하자 상담사는 지역 장애를 확인하고 LTE 백업 연결을 제공하며 요금제를 재계산하고 진행 사항을 문자로 안내하기로 했다.
0970-ETWGE,1,89.55,89.55,264,41,4,0.654,1,True,False,True,False,False,False,1.0,1.0,0.9544450853441722,No phone service,Fiber optic,No,Yes,No,No,Yes,Yes,Month-to-month,Yes,Electronic check,요금,1031271335,최지호,고객이 청구 금액 증가에 대해 문의하자 상담사가 원인 분석과 요금제 변경 제안을 하며 진행 사항을 문자로 안내하기로 했다.
7564-GHCVB,72,79.05,5730.7,324,48,2,0.693,0,True,False,True,False,False,False,0.0,0.0,0.0222068110523071,Yes,Fiber optic,Yes,Yes,No,No,No,No,Two year,Yes,Electronic check,해지,1059943564,오지호,고객이 서비스 해지 여부와 위약금을 문의하자 상담사가 대안을 제시하고 해지 접수를 안내하는 대화.
5550-VFRLC,1,69.85,69.85,674,187,3,0.77,1,True,False,True,False,False,False,1.0,1.0,0.9887851422264607,No phone service,Fiber optic,No,Yes,No,No,No,No,Month-to-month,Yes,Electronic check,요금,1022185419,김지유,고객이 요금 증가에 대해 문의하자 상담사는 요금제 변경을 확인하고 환불 가능성을 체크하겠다고 답했다.
7326-RIGQZ,6,69.8,377.85,678,120,4,0.77,0,True,False,True,False,False,False,0.0,0.0,0.0198523921518224,No phone service,Fiber optic,No,Yes,No,No,No,No,Month-to-month,Yes,Electronic check,품질,1065221370,안서현,"고객이 저녁마다 인터넷 속도 저하 문제를 상담사에게 요청하였고, 상담사는 모뎀 재설정과 방문 점검을 약속했다."
3696-DFHHB,68,25.5,1821.8,683,36,6,1.0,1,True,False,True,False,False,False,0.0,0.0,0.0044269985435592,Yes,No,No internet service,No internet service,No internet service,No internet service,No internet service,No internet service,Two year,Yes,Electronic check,해지,1015996565,오지유,"고객이 약정 만료로 해지하려고 하자 상담사가 요금제 변경 혹은 할인 적용을 제안하고, 처리 결과를 문자로 안내하겠다고 설명함."
7427-AUFPY,54,19.65,1008.7,0,0,0,0.5,1,True,False,True,False,False,False,0.0,0.0,0.0080397792110486,No phone service,No,No internet service,No internet service,No internet service,No internet service,No internet service,No internet service,Two year,Yes,Credit card (automatic),해당 없음,1098318379,신도윤,대화 내용이 없음을 전달합니다.
2894-QOJRX,25,34.0,853.0,1042,140,3,0.83,0,True,False,True,False,False,False,1.0,1.0,0.9447755548233084,No phone service,DSL,No,Yes,No,No,Yes,No,Month-to-month,Yes,Electronic check,해지,1015047312,장지유,"고객이 서비스 해지를 원하자 상담사가 개선 방안을 제안하고, 고객은 제안서를 검토한 후 결정을 내리겠다고 응답했다."
4819-HJPIW,18,25.15,476.8,84,27,0,0.428,0,True,False,True,False,False,False,0.0,0.0,0.1212058258515964,No phone service,DSL,No,Yes,No,No,No,No,Month-to-month,Yes,Mailed check,해지,1096781172,장지유,고객이 품질 문제로 해지를 고려하며 약정과 위약금 정보를 문의하자 상담사가 대안을 제시하고 즉시 해지 접수를 안내했다.
3451-VAWLI,35,19.7,730.4,310,14,0,0.476,0,True,False,True,False,False,False,0.0,0.0,0.050264125487106,No phone service,No,No internet service,No internet service,No internet service,No internet service,No internet service,No internet service,Two year,Yes,Credit card (automatic),해지,1097414626,이도윤,고객이 서비스 품질 문제로 해지를 고려하고 상담사는 대안을 제시하며 도움을 제공하기로 했다.
2851-MMUTZ,27,56.15,1439.35,150,25,1,0.5,1,True,False,True,False,False,False,0.0,0.0,0.0191211383550035,No phone service,DSL,No,Yes,No,Yes,No,No,Month-to-month,Yes,Mailed check,품질,1091836326,김하준,고객이 인터넷 속도가 느려졌다고 상담사에게 문의하자 상담사가 신호를 재설정해 주었다.
4134-BSXLX,28,60.9,1785.65,265,91,1,0.428,1,True,False,True,False,False,False,0.0,0.0,0.1456378033764614,No phone service,DSL,Yes,Yes,No,Yes,No,No,Month-to-month,Yes,Mailed check,요금,1088595378,신하은,고객이 청구 금액 증가에 대해 문의하자 상담사가 문제를 확인하고 부가서비스 해지 및 요금 재검토를 진행하기로 했다.
8053-WWDRO,6,19.5,146.3,1232,152,4,0.76,0,True,False,True,False,False,False,1.0,1.0,0.6810527708425671,No phone service,No,No internet service,No internet service,No internet service,No internet service,No internet service,No internet service,Month-to-month,Yes,Electronic check,해지,1067731648,임지호,"고객이 서비스 해지를 원하자 상담사가 개선 방안을 제안하고, 고객은 제안서를 받고 결정하겠다고 응답했다."
2880-FPNAE,2,74.2,140.1,798,230,2,0.5,0,True,False,True,False,False,False,0.0,1.0,0.83148030460557,No phone service,Fiber optic,No,Yes,Yes,No,No,No,Month-to-month,Yes,Electronic check,요금,1027157614,조하은,"고객이 청구 금액 이상에 대해 문의하자, 상담사가 문제 확인 후 소액결제 차단 설정을 제안했다."
4989-LIXVT,68,95.9,6503.2,249,40,2,0.459,0,True,False,True,False,False,False,0.0,1.0,0.8730830823116729,Yes,Fiber optic,No,Yes,Yes,No,No,Yes,Month-to-month,Yes,Electronic check,요금,1090151948,장시우,고객이 UHD 셋톱 사용 중 청구 금액 증가로 문의하자 상담사가 부가서비스 해지와 요금제 적합성을 확인하겠다고 안내하였다.
9919-FZDED,72,84.1,5981.65,0,0,0,0.5,1,True,False,True,False,False,False,0.0,0.0,0.0082464414692162,Yes,DSL,Yes,Yes,Yes,No,Yes,Yes,Two year,Yes,Credit card (automatic),해당 없음,1013052859,서하린,"""해당 없음""이라는 내용은 특정 정보나 상황이 존재하지 않음을 나타냅니다."
6905-NIQIN,1,50.65,50.65,305,5,3,0.013,1,True,False,True,False,False,False,1.0,1.0,0.857076272216873,No phone service,DSL,No,Yes,No,No,No,No,Month-to-month,Yes,Mailed check,요금,1081200045,서민준,고객이 와이파이플러스 청구금액 증가에 대해 문의하자 상담사가 요금제 적합성을 확인하고 적절한 변경을 제안했다.
9824-BEMCV,17,69.0,1149.65,257,12,2,0.607,0,True,False,True,False,False,False,1.0,1.0,0.8401674548489151,No phone service,Fiber optic,No,Yes,No,No,No,No,Month-to-month,Yes,Electronic check,해지,1079368151,서지호,고객이 서비스 품질 문제로 해지를 고려하자 상담사가 해결책과 혜택을 제안하며 진행 사항을 문자로 안내하기로 했다.
4118-CEVPF,35,110.8,3836.3,286,5,0,0.922,0,True,False,True,False,False,False,0.0,0.0,0.1368988241246743,Yes,Fiber optic,Yes,Yes,Yes,Yes,Yes,Yes,One year,Yes,Electronic check,해지,1089251002,최지우,고객이 요금 상승으로 해지를 고려하며 약정과 위약금에 대해 문의하자 상담사는 해지 사유를 확인하고 대안을 제시하며 요금 인하 옵션을 안내하였다.
8835-VSDSE,2,70.7,141.45,360,90,3,1.0,0,True,False,True,False,False,False,1.0,1.0,0.93410415505829,No phone service,Fiber optic,No,Yes,No,No,No,No,Month-to-month,Yes,Electronic check,해지,1068325337,조민준,고객이 인터넷 문제로 불만을 제기하며 해지를 원한다고 말하고 있다.
8058-INTPH,1,79.65,79.65,1018,113,4,0.99,1,True,False,True,False,False,False,1.0,1.0,0.9889587008331524,No phone service,Fiber optic,No,Yes,No,No,Yes,No,Month-to-month,Yes,Electronic check,요금,1091648987,황지유,고객이 요금이 상승한 것에 대해 문의하자 상담사가 요금제 변경 내역을 확인하고 환불 가능성을 조사하기로 했다.
7251-LJBQN,40,103.75,4188.4,457,12,0,0.826,0,True,False,True,False,False,False,0.0,0.0,0.3239575408320631,Yes,Fiber optic,No,Yes,Yes,Yes,Yes,Yes,One year,Yes,Credit card (automatic),품질,1046105657,오지유,"고객이 Fiber optic 회선의 끊김 문제로 상담을 요청하였고, 상담사는 문제 해결을 위해 장비 상태와 서비스 품질을 점검하고 요금제 조정을 제안하며 진행 상황을 문자로 안내하겠다고 했습니다."
7239-HZZCX,1,19.75,19.75,994,155,5,0.5,0,True,False,True,False,False,False,1.0,1.0,0.7773730183510654,No phone service,No,No internet service,No internet service,No internet service,No internet service,No internet service,No internet service,Month-to-month,Yes,Mailed check,품질,1052839173,황지유,"고객이 데이터 속도 문제를 상담하며, 상담사는 점검 예정과 해결 방안을 제시하고 데이터 리필 혜택을 안내했다."
3308-JSGML,59,64.05,3886.85,522,6,6,1.0,0,True,False,True,False,False,False,0.0,0.0,0.0285825678967763,No phone service,DSL,Yes,Yes,Yes,Yes,Yes,Yes,Two year,Yes,Credit card (automatic),장애,1020010174,황하준,고객이 인터넷 오류를 신고하자 상담사가 문제 확인과 임시 해결책을 제안했다.
6036-TTFYU,16,19.6,314.45,633,236,6,1.0,1,True,False,True,False,False,False,0.0,0.0,0.0305488537127051,No phone service,No,No internet service,No internet service,No internet service,No internet service,No internet service,No internet service,Month-to-month,Yes,Mailed check,해지,1031506863,윤서현,고객이 약정 만료로 해지를 원하자 상담사가 혜택과 문제 해결을 안내했다.
2533-QVMSK,61,94.1,5638.3,547,190,7,1.0,0,True,False,True,False,False,False,1.0,0.0,0.4101796171566181,Yes,Fiber optic,No,Yes,No,Yes,Yes,No,Two year,Yes,Electronic check,장애,1076575910,임하은,고객이 인터넷 오류를 신고하고 상담사가 문제를 확인하며 원격 점검과 문자 안내를 약속했다.
2683-JXWQQ,61,33.6,2117.2,0,0,0,0.5,1,True,False,True,False,False,False,0.0,0.0,0.017079186556434,No phone service,DSL,Yes,Yes,Yes,No,No,No,Month-to-month,Yes,Electronic check,해당 없음,1078075163,이주원,대화 내용이 없음을 알립니다.
1159-WFSGR,16,20.4,321.4,221,25,1,0.412,1,True,False,True,False,False,False,0.0,0.0,0.1142520624104034,No phone service,No,No internet service,No internet service,No internet service,No internet service,No internet service,No internet service,Month-to-month,Yes,Electronic check,요금,1090554140,이지우,"고객이 청구 금액 증가로 상담 요청을 하였고, 상담사가 요금제 적합성을 재검토하여 더 적합한 요금제로 변경 시 절감 효과를 안내했습니다."
2672-TGEFF,37,88.8,3340.55,385,13,1,0.708,0,True,False,True,False,False,False,0.0,0.0,0.2168698712849083,Yes,Fiber optic,No,Yes,No,No,Yes,No,Month-to-month,Yes,Electronic check,품질,1008320272,장민준,"고객이 회의 중 끊김 문제로 상담을 요청하였고, 상담사는 연결 환경을 점검하고 최적화를 제안하며 요금제 적합성을 확인하겠다고 안내하였다."
1608-GMEWB,45,93.9,4200.25,1158,104,3,0.51,1,True,False,True,False,False,False,0.0,0.0,0.0175655618900463,Yes,Fiber optic,No,Yes,No,No,Yes,Yes,Month-to-month,Yes,Electronic check,장애,1044700924,김지유,고객이 인터넷 연결 문제를 보고하자 상담사가 지역 장애로 인해 복구 작업 중이라며 ETA와 안내를 문자로 전달하겠다고 말했습니다.
9909-DFRJA,26,95.85,2475.35,1185,13,3,1.0,1,True,False,True,False,False,False,0.0,0.0,0.0470321141437076,No phone service,Fiber optic,Yes,Yes,Yes,Yes,No,Yes,One year,Yes,Electronic check,해지,1012433683,박하준,고객이 번호이동에 대해 문의하자 상담사는 문제를 파악하고 요금제 변경 및 할인 적용을 제안하며 문자 안내를 약속했다.
6481-ESCNL,29,100.55,2878.75,160,30,1,1.0,1,True,False,True,False,False,False,0.0,0.0,0.1172932332440441,Yes,Fiber optic,No,Yes,Yes,No,Yes,Yes,Month-to-month,Yes,Electronic check,품질,1004598114,신하준,"고객이 인터넷 속도가 느려졌다고 상담사에게 문의하자, 상담사가 신호를 재설정해주고 고객이 감사 인사를 전했다."
0356-ERHVT,11,45.9,521.9,156,22,2,0.3,0,True,False,True,False,False,False,0.0,1.0,0.6062115310901873,No phone service,DSL,No,Yes,No,No,No,No,Month-to-month,Yes,Electronic check,요금,1078254161,신서연,고객이 UHD 셋톱 사용 중 청구액이 예정보다 높아 상담사와 요금제 확인 및 조정을 논의했다.
5546-QUERU,13,19.95,257.0,330,10,3,0.257,0,True,False,True,False,False,False,0.0,0.0,0.1295955870084905,No phone service,No,No internet service,No internet service,No internet service,No internet service,No internet service,No internet service,One year,Yes,Mailed check,품질,1097990978,안주원,"고객이 광모뎀 끊김 문제로 상담을 요청하였고, 상담사는 문제 해결을 위해 기사 방문을 예약하고 요금제 재조정을 제안했습니다."
8294-UIMBA,30,94.4,2638.1,1107,51,1,0.4,1,True,False,True,False,False,False,0.0,0.0,0.0086846399871787,No phone service,Fiber optic,No,Yes,No,Yes,Yes,Yes,One year,Yes,Electronic check,장애,1069816240,조도윤,"고객이 인터넷 장애로 상담사에게 문의했고, 상담사는 복구 중임을 알려주며 안내를 약속했다."
8714-CTZJW,4,82.85,319.6,301,42,2,0.633,0,True,False,True,False,False,False,0.0,1.0,0.8653453963431957,No phone service,Fiber optic,No,Yes,Yes,No,No,Yes,Month-to-month,Yes,Credit card (automatic),품질,1076542655,임지우,"고객이 Fiber optic 회의 중 끊김 문제를 상담사에게 문의하였고, 상담사는 문제 해결을 위한 단계별 점검과 요금제 적합성 재계산을 제안했다."
0440-UEDAI,53,94.45,5042.75,792,55,3,0.59,0,True,False,True,False,False,False,0.0,0.0,0.0101749244613611,No phone service,Fiber optic,No,Yes,Yes,Yes,No,Yes,One year,Yes,Credit card (automatic),품질,1060500818,한지유,고객은 저녁마다 속도가 느려 화상회의에 영향을 받자 상담사가 채널 변경과 모뎀 재설정을 제안하고 방문 점검을 예약하게 됨.
8705-DWKTI,52,83.8,4331.4,809,114,1,0.4,1,True,False,True,False,False,False,0.0,0.0,0.0180820899311401,No phone service,Fiber optic,No,Yes,Yes,No,No,Yes,Month-to-month,Yes,Credit card (automatic),장애,1018872509,이서준,"고객이 인터넷 문제를 문의하자 상담사는 지역 장애로 복구 작업 중이며, ETA와 임시 조치를 문자로 안내하겠다고 말했다."
2034-CGRHZ,24,102.95,2496.7,746,215,4,0.82,1,True,False,True,False,False,False,1.0,1.0,0.9890897670114736,Yes,Fiber optic,No,Yes,Yes,No,Yes,Yes,Month-to-month,Yes,Credit card (automatic),요금,1019099326,안지민,"고객이 이번 달 높은 요금에 대한 확인을 요청하고, 상담사가 부가서비스 자동 갱신을 설명하며 환불 가능성을 검토하겠다고 답변함."
3336-JORSO,33,110.45,3655.45,360,90,3,1.0,0,True,False,True,False,False,False,1.0,1.0,0.9156043565159742,Yes,Fiber optic,No,Yes,Yes,Yes,Yes,Yes,Month-to-month,Yes,Electronic check,해지,1025789228,한지호,고객이 인터넷 속도 문제로 불만을 표하며 서비스 해지를 원함.
8963-JLGJT,3,55.9,157.55,150,25,1,0.5,1,True,False,True,False,False,False,0.0,0.0,0.0227379303849621,No phone service,DSL,Yes,Yes,Yes,No,No,No,Month-to-month,Yes,Mailed check,품질,1009898926,한지우,"고객이 인터넷 속도 문제를 상담사에게 문의하자, 상담사가 신호 재설정을 해주었다."
6022-KOUQO,2,29.05,44.75,100,15,1,0.5,1,True,False,True,False,False,False,0.0,0.0,0.0358058214539094,No phone service,DSL,No,Yes,No,Yes,No,No,Month-to-month,Yes,Electronic check,요금,1033496478,오하은,고객은 DSL 인터넷 요금이 맞는지 확인했고 상담사는 정확하다고 답했습니다.
4537-CIBHB,9,20.25,172.35,253,154,1,1.0,0,True,False,True,False,False,False,0.0,0.0,0.0555739447737727,No phone service,No,No internet service,No internet service,No internet service,No internet service,No internet service,No internet service,One year,Yes,Mailed check,장애,1035720739,신서연,고객의 인터넷 문제에 대해 상담사가 임시 데이터 제공을 검토하겠다고 안내했다.
3712-PKXZA,61,20.55,1252.0,210,7,0,0.442,0,True,False,True,False,False,False,0.0,0.0,0.0178149580962523,No phone service,No,No internet service,No internet service,No internet service,No internet service,No internet service,No internet service,One year,Yes,Credit card (automatic),품질,1045412716,김하윤,"고객이 IPTV 리모컨 사용 중 회의 중 끊김 현상을 문의하였고, 상담사가 단계별 점검과 해결 방안을 제시하며 진행 상황을 문자로 안내하기로 했다."
9036-CSKBW,51,107.45,5680.9,304,13,1,0.744,0,True,False,True,False,False,False,0.0,0.0,0.218700746980764,Yes,Fiber optic,Yes,Yes,Yes,No,Yes,Yes,One year,Yes,Electronic check,해지,1097969451,정서준,"고객이 요금 인상 문제로 해지를 고려하며 상담을 요청했고, 상담사는 해지 대안과 위약금에 대해 안내했다."
9967-ATRFS,19,19.9,367.55,188,16,0,0.543,0,True,False,True,False,False,False,0.0,0.0,0.1404906579668479,No phone service,No,No internet service,No internet service,No internet service,No internet service,No internet service,No internet service,Month-to-month,Yes,Mailed check,해지,1035092731,서예준,고객이 품질 문제로 해지를 고민하자 상담사가 해지 전 대안을 제시하고 약정 없는 요금 인하 옵션을 안내했다.
9419-IPPBE,51,90.15,4554.85,367,95,3,1.0,1,True,False,True,False,False,False,0.0,0.0,0.0990458329706666,Yes,Fiber optic,No,Yes,Yes,No,No,Yes,One year,Yes,Electronic check,요금,1002463937,임서준,"고객이 이중 청구를 의심하며 상담사는 문제 확인 후 소액결제 차단 설정을 제안하고, 조회 후 다시 연락하겠다고 함."
2867-UIMSS,1,80.5,80.5,221,15,1,0.588,0,True,False,True,False,False,False,1.0,1.0,0.8879427975984686,No phone service,Fiber optic,No,Yes,No,No,No,Yes,Month-to-month,Yes,Electronic check,요금,1094203043,임하준,고객이 UHD 셋톱 사용 중 이번 달 청구금액이 증가한 이유를 문의하자 상담사가 부가서비스를 확인하고 해지 처리 후 요금 조정을 안내했다.
4628-CTTLA,57,39.3,2111.45,337,167,1,0.5,0,True,False,True,False,False,False,1.0,1.0,0.7121490187577569,No phone service,DSL,No,Yes,No,No,Yes,No,Month-to-month,Yes,Electronic check,해지,1071557818,신지유,고객이 번호이동 문의를 하자 상담사가 문제를 점검하고 해결책과 혜택을 제안했다.
5013-SBUIH,50,109.65,5551.15,380,110,3,1.0,0,True,False,True,False,False,False,1.0,0.0,0.4138318076973617,Yes,Fiber optic,Yes,Yes,No,Yes,Yes,Yes,Two year,Yes,Electronic check,해지,1013415463,신지호,고객이 잦은 끊김으로 인한 불만을 표하며 서비스 해지를 요청했다.
4210-QFJMF,4,79.15,317.25,1148,143,5,0.5,0,True,False,True,False,False,False,1.0,1.0,0.8874464013025222,No phone service,Fiber optic,No,Yes,No,No,No,Yes,Month-to-month,Yes,Electronic check,장애,1055385981,박지우,고객이 인터넷 오류를 신고하자 상담사가 문제 확인 후 원격 점검 및 기술 지원 연결을 안내했다.
4929-XIHVW,2,95.5,181.65,358,32,0,0.527,0,True,False,True,False,False,False,0.0,1.0,0.914786162384248,No phone service,Fiber optic,No,Yes,Yes,No,Yes,Yes,Month-to-month,Yes,Credit card (automatic),품질,1007228998,권하준,"고객이 Fiber optic 회의 중 끊김 문제로 상담에 연락하였고, 상담사는 문제 해결을 위해 장비 상태 및 환경을 점검하고 조치를 안내하였다."
6339-YPSAH,9,73.8,704.3,448,22,0,0.394,1,True,False,True,False,False,False,0.0,1.0,0.8043937433796698,No phone service,Fiber optic,No,Yes,Yes,No,No,No,Month-to-month,Yes,Electronic check,장애,1043904968,황지호,"고객이 인터넷 장애로 상담을 요청하였고, 상담사는 지역 장애를 확인한 후 LTE 백업 연결과 요금제 재검토를 안내했다."
3496-LFSZU,4,70.5,294.2,110,15,1,1.0,1,True,False,True,False,False,False,0.0,0.0,0.1599716028458949,No phone service,Fiber optic,No,Yes,No,No,No,No,Month-to-month,Yes,Electronic check,요금,1086363665,윤서연,"고객이 요금 확인을 위해 상담사와 대화하였고, 상담사는 요금이 맞다고 확인해주었습니다."
6253-GNHWH,71,71.1,5224.95,271,15,0,0.458,0,True,False,True,False,False,False,0.0,0.0,0.0159371843536274,Yes,DSL,Yes,Yes,Yes,Yes,No,No,Two year,Yes,Mailed check,요금,1036209556,김지유,"고객이 와이파이플러스 요금 청구가 평소보다 많이 나왔다고 상담을 요청하였고, 상담사는 요금제 적합성을 검토하여 변경 시 절감 가능성을 안내했다."
5055-BRMNE,67,106.7,7009.5,816,104,1,0.5,0,True,False,True,False,False,False,0.0,0.0,0.1637328018923078,Yes,Fiber optic,Yes,Yes,No,Yes,Yes,Yes,Two year,Yes,Credit card (automatic),해지,1090040243,오민준,고객이 번호이동 문제를 문의하자 상담사는 문제를 확인하고 재부팅 및 네트워크 초기화를 제안하며 위약금 조회와 기술지원 연결을 안내했다.
7530-HDYDS,38,84.25,3264.5,0,0,0,0.5,1,True,False,True,False,False,False,1.0,0.0,0.1002882158395999,No phone service,Fiber optic,No,Yes,Yes,Yes,No,No,Month-to-month,Yes,Credit card (automatic),해당 없음,1087573151,권서연,대화 내용이 없음을 요약합니다.
3445-HXXGF,58,45.3,2651.2,351,26,1,0.265,1,True,False,True,False,False,False,1.0,1.0,0.6435217791626014,No phone service,DSL,No,Yes,Yes,No,No,Yes,Month-to-month,Yes,Electronic check,요금,1094088423,서지민,고객이 모바일세이브 5G 청구서 과다 청구에 대해 상담 요청하자 상담사가 요금제 재검토 및 적합한 요금제 변경을 제안하며 진행 상황을 문자로 안내하기로 했다.
6034-YMTOB,5,75.65,399.45,761,203,3,0.91,0,True,False,True,False,False,False,0.0,0.0,0.0213242780759263,No phone service,Fiber optic,No,Yes,No,Yes,No,No,Month-to-month,Yes,Mailed check,품질,1021547561,이시우,"고객이 저녁 시간에 인터넷 속도 저하 문제를 상담사에게 설명하고, 상담사가 채널 변경과 모뎀 재설정, 방문 점검 예약을 제안하며 고객이 방문 예약을 요청했다."
4939-KYYPY,27,59.45,1611.65,110,15,1,0.5,1,True,False,True,False,False,False,0.0,0.0,0.0443690472604148,Yes,DSL,No,Yes,Yes,Yes,No,No,Month-to-month,Yes,Electronic check,요금,1047186786,오민준,"고객이 27개월째 사용 중인 서비스의 파이버 옵틱으로의 변경 가능성을 문의하고, 추가 요금이 월 20달러임을 확인한 후 고민하겠다고 응답했다."
2197-OMWGI,68,53.0,3656.25,729,180,2,0.51,1,True,False,True,False,False,False,0.0,0.0,0.271203384899894,No phone service,DSL,No,Yes,Yes,No,Yes,Yes,Two year,Yes,Electronic check,요금,1091862881,황지유,고객이 요금 인상에 대한 확인과 조정을 요청하자 상담사가 해제 처리와 환불 가능성을 확인하겠다고 답했다.
2589-AYCRP,50,19.75,989.05,1084,211,3,0.39,0,True,False,True,False,False,False,0.0,0.0,0.1269754911227424,No phone service,No,No internet service,No internet service,No internet service,No internet service,No internet service,No internet service,One year,Yes,Electronic check,해지,1084831575,윤도윤,고객이 서비스 해지를 요청하자 상담사가 개선 방안을 제안하며 고객이 제안서를 받아보고 결정하기로 했다.
3003-CMDUU,25,95.15,2395.7,226,30,0,0.749,1,True,False,True,False,False,False,0.0,1.0,0.5585148388108533,No phone service,Fiber optic,No,Yes,No,Yes,Yes,Yes,Month-to-month,Yes,Electronic check,요금,1043814323,임하은,고객이 청구금액 증가에 대해 문의하자 상담사가 요금제 변경을 제안하며 상황을 확인하고 진행사항을 문자로 안내하기로 했다.
1036-GUDCL,60,79.05,4663.4,403,14,3,0.571,0,True,False,True,False,False,False,0.0,0.0,0.2168121186990776,No phone service,DSL,Yes,Yes,No,Yes,Yes,Yes,Month-to-month,Yes,Credit card (automatic),품질,1053329660,안지유,"고객이 DSL 연결 문제로 상담을 요청하였고, 상담사는 문제 확인 및 해결 방안을 제시하며 진행 상황을 문자로 안내하겠다고 했습니다."
1264-FUHCX,49,56.3,2780.6,440,61,0,0.619,0,True,False,True,False,False,False,0.0,0.0,0.1671922306526291,No phone service,DSL,No,Yes,No,Yes,Yes,Yes,One year,Yes,Credit card (automatic),품질,1078930655,윤주원,"고객이 DSL 회선에서 끊김 문제를 상담사에게 문의하고, 상담사는 문제 해결을 위한 단계별 확인 및 조치를 안내했다."
3162-ZJZFU,53,92.55,4779.45,698,217,3,0.62,1,True,False,True,False,False,False,0.0,0.0,0.014595462810967,No phone service,Fiber optic,No,Yes,No,Yes,Yes,No,Month-to-month,Yes,Electronic check,장애,1042480050,오지민,고객이 인터넷 연결 문제를 문의하자 상담사가 지역 장애를 이유로 복구 작업 중임을 알리고 ETA와 가이드를 문자로 보낼 것이라고 전했다.
2926-JEJJC,8,20.2,140.95,781,13,7,1.0,1,True,False,True,False,False,False,0.0,0.0,0.0152251301216962,No phone service,No,No internet service,No internet service,No internet service,No internet service,No internet service,No internet service,One year,Yes,Electronic check,해지,1036126399,안연우,고객이 해지를 고려하자 상담사가 요금 문제를 확인하고 재부팅 및 혜택을 제안하며 기술 지원팀 연결과 문자 안내를 제공하겠다고 응답했다.
8869-TORSS,48,60.35,2896.4,842,69,2,0.5,0,True,False,True,False,False,False,1.0,0.0,0.1162547177293242,No phone service,DSL,Yes,Yes,Yes,Yes,No,No,One year,Yes,Credit card (automatic),품질,1044254442,한서연,"고객이 회사에서 통화 끊김 문제를 상담사에게 문의하자, 상담사는 점검 예정 기지국과 네트워크 초기화를 제안했다."
9102-IAYHT,17,85.45,1451.6,200,41,2,0.312,0,True,False,True,False,False,False,1.0,1.0,0.94002493247334,Yes,Fiber optic,No,Yes,No,No,No,Yes,Month-to-month,Yes,Electronic check,요금,1055639947,서서준,고객이 기업용 프리미엄 이용 중 청구액 증가에 대해 문의하자 상담사가 문제를 확인하고 조치하겠다고 답변했다.
7018-FPXHH,56,59.8,3457.45,411,54,1,0.365,0,True,False,True,False,False,False,0.0,0.0,0.0376575294483161,No phone service,DSL,Yes,Yes,Yes,No,No,No,Two year,Yes,Electronic check,장애,1045827083,안도윤,"고객이 인터넷 장애로 상담 요청을 했고, 상담사는 문제를 점검하고 복구 예상 시간을 안내하며 보상과 요금제 검토에 대해 이야기했다."
1958-RNRKS,30,49.9,1441.95,140,25,1,0.5,1,True,False,True,False,False,False,0.0,0.0,0.0424010609282652,Yes,DSL,No,Yes,No,No,No,No,Month-to-month,Yes,Electronic check,품질,1031094739,서하린,"고객이 인터넷 속도 문제를 상담사에게 문의하자, 상담사가 신호를 재설정하고 감사 인사를 받았다."
2916-BQZLN,19,84.75,1651.95,870,116,7,1.0,1,True,False,True,False,False,False,0.0,0.0,0.2317929409012185,Yes,Fiber optic,Yes,Yes,Yes,No,No,No,Month-to-month,Yes,Electronic check,품질,1079774172,박지호,고객이 학교에서 통화가 끊기는 문제를 상담사와 논의하며 해결 방법과 데이터 리필 혜택을 문의했다.
9026-LHEVG,9,40.75,359.4,972,96,7,1.0,0,True,False,True,False,False,False,0.0,1.0,0.7281121352140748,No phone service,DSL,No,Yes,No,No,No,Yes,Month-to-month,Yes,Electronic check,장애,1004997388,조하윤,"고객이 인터넷 문제를 상담사에게 문의하고, 상담사가 원격 점검 및 선로 품질 점검을 제안하는 대화."
2320-SLKMB,26,44.45,1183.8,401,39,1,0.709,1,True,False,True,False,False,False,0.0,0.0,0.120025626157605,No phone service,DSL,No,Yes,Yes,Yes,Yes,No,Month-to-month,Yes,Credit card (automatic),장애,1019133396,황지호,"고객이 인터넷 장애로 문의했으며, 상담사는 문제를 확인하고 장애 복구 시간과 보상 내용을 안내했다."
2592-YKDIF,1,20.35,20.35,355,11,1,0.377,1,True,False,True,False,False,False,0.0,0.0,0.1606971332154369,No phone service,No,No internet service,No internet service,No internet service,No internet service,No internet service,No internet service,Month-to-month,Yes,Mailed check,장애,1051359979,임하린,"고객이 인터넷 장애로 상담을 요청하였고, 상담사는 문제 확인과 장애 복구 예상 시간을 안내하며 요금제 적합성도 재계산하겠다고 말한 내용."
9847-HNVGP,17,19.95,310.6,898,6,7,1.0,0,True,False,True,False,False,False,0.0,0.0,0.0934503259658946,No phone service,No,No internet service,No internet service,No internet service,No internet service,No internet service,No internet service,One year,Yes,Mailed check,해지,1001510173,최하윤,고객이 약정 만료로 해지하려 하자 상담사는 불편 사항을 확인하고 해결 방안을 제시하며 위약금과 요금 청구 내역을 조회하겠다고 안내했다.
3841-CONLJ,1,35.0,35.0,347,10,2,0.556,0,True,False,True,False,False,False,0.0,1.0,0.8497299981329317,No phone service,DSL,No,Yes,No,No,No,Yes,Month-to-month,Yes,Electronic check,요금,1031962018,조하린,고객이 와이파이플러스의 이상 청구액에 대해 문의하자 상담사가 요금제 적합성을 재검토하고 적절한 변경으로 절감 가능성을 안내했다.
7394-FKDNK,9,89.45,853.1,1128,113,3,0.99,1,True,False,True,False,False,False,1.0,1.0,0.9825663419639792,No phone service,Fiber optic,No,Yes,No,No,Yes,Yes,Month-to-month,Yes,Electronic check,요금,1032601417,장하린,"고객이 이번 달 요금이 높다고 문의하자, 상담사가 요금제 변경 내역을 확인하고 해제와 환불 가능성을 논의했다."
6087-YPWHO,72,68.15,4808.7,474,27,0,0.606,0,True,False,True,False,False,False,0.0,0.0,0.0034727450531051,Yes,DSL,Yes,Yes,Yes,Yes,No,No,Two year,Yes,Mailed check,품질,1080310905,한도윤,"고객이 DSL 연결 문제로 상담하였고, 상담사는 단계별 점검과 해결 방안을 제시하며 진행 상황을 문자로 안내하기로 했다."
3262-EIDHV,72,84.7,5893.9,932,130,3,0.61,1,True,False,True,False,False,False,0.0,0.0,0.0261606590426338,Yes,DSL,Yes,Yes,Yes,Yes,Yes,Yes,Two year,Yes,Credit card (automatic),요금,1063451651,정서현,고객이 요금 인상에 대해 문의하자 상담사가 요금제 변경 내역을 확인하고 환불 가능성을 안내하기로 했다.
2856-NNASM,43,89.55,3856.75,325,50,1,0.458,0,True,False,True,False,False,False,1.0,1.0,0.7593131214466354,No phone service,Fiber optic,No,Yes,No,No,Yes,Yes,Month-to-month,Yes,Mailed check,품질,1003235920,조주원,"고객이 회의 중 Fiber optic 인터넷 끊김 문제를 상담사에게 문의하였고, 상담사는 신호 약화를 확인 후 기사 방문 예약과 요금제 적합성 검토를 약속하였다."
9661-JALZV,58,24.7,1519.0,153,5,1,0.331,1,True,False,True,False,False,False,0.0,0.0,0.0199460321876809,Yes,No,No internet service,No internet service,No internet service,No internet service,No internet service,No internet service,Two year,Yes,Credit card (automatic),요금,1051111127,장지유,고객이 청구금액 증가에 대해 문의하자 상담사가 문제를 확인하고 부가서비스 해지 및 요금 조정을 안내하였다.
5092-STPKP,24,56.35,1381.2,904,197,4,0.56,1,True,False,True,False,False,False,0.0,0.0,0.0944651243158854,No phone service,DSL,Yes,Yes,No,Yes,No,No,Month-to-month,Yes,Credit card (automatic),요금,1049625951,이지민,"고객은 요금 인상에 대해 확인 요청하며 조정을 원하고, 상담사는 해제와 환불 가능성을 확인하겠다고 응답했다."
5774-QPLTF,50,20.35,938.95,335,56,0,0.197,0,True,False,True,False,False,False,0.0,0.0,0.2014505608967451,No phone service,No,No internet service,No internet service,No internet service,No internet service,No internet service,No internet service,One year,Yes,Mailed check,품질,1000626505,황하준,"고객이 회의 중 끊김 문제로 상담 요청을 했고, 상담사가 문제를 확인한 후 기사 방문 예약과 요금제 재조정을 안내했다."
6900-PXRMS,26,105.75,2710.25,273,162,4,1.0,0,True,False,True,False,False,False,1.0,1.0,0.9316575302557708,Yes,Fiber optic,No,Yes,Yes,No,Yes,Yes,Month-to-month,Yes,Electronic check,요금,1090989470,김서연,고객이 이중 청구 문제를 제기하자 상담사가 확인 후 요금제 변경과 기술 지원 연결을 제안했다.
3987-KQDDU,9,75.6,661.55,1113,79,6,0.5,1,True,False,True,False,False,False,0.0,0.0,0.2622561069012082,No phone service,Fiber optic,Yes,Yes,No,No,No,No,Month-to-month,Yes,Electronic check,해지,1094194413,박서연,고객이 약정 만료로 해지를 원하자 상담사가 추가 혜택과 기술지원 연결을 제안함.
3572-UUHRS,45,18.85,867.3,631,70,2,0.47,0,True,False,True,False,False,False,0.0,0.0,0.0025975561132767,No phone service,No,No internet service,No internet service,No internet service,No internet service,No internet service,No internet service,One year,Yes,Electronic check,품질,1062301115,장하윤,"고객이 저녁 속도 저하 문제를 보고하자 상담사가 채널 변경과 모뎀 재설정을 제안하고, 추가로 기사 방문 점검을 예약하기로 했다."
2882-WDTBA,69,75.75,5388.15,0,0,0,0.5,1,True,False,True,False,False,False,0.0,0.0,0.0090183100886647,No phone service,DSL,Yes,Yes,Yes,Yes,Yes,No,Two year,Yes,Electronic check,해당 없음,1073045975,서연우,"""해당 없음""이라는 표현은 특정한 정보나 상황이 존재하지 않음을 나타냅니다."
7593-JNWRU,6,44.6,260.8,360,90,3,0.5,0,True,False,True,False,False,False,1.0,1.0,0.8720489778547607,No phone service,DSL,No,Yes,No,No,No,No,Month-to-month,Yes,Electronic check,해지,1046481438,신지유,고객이 인터넷 속도 문제로 짜증을 내며 서비스 해지를 요청하는 대화.
2294-DMMUS,62,70.45,4300.45,291,26,3,0.465,0,True,False,True,False,False,False,0.0,0.0,0.3815998440395198,Yes,DSL,No,Yes,No,No,Yes,Yes,Month-to-month,Yes,Credit card (automatic),해지,1062639730,권도윤,고객이 품질 문제로 해지 문의를 하자 상담사가 대안을 제시하며 해지 절차와 위약금 정보를 안내했다.
3104-OWCGK,60,90.95,5453.4,386,5,0,0.689,1,True,False,True,False,False,False,1.0,0.0,0.2972970456694738,No phone service,Fiber optic,No,Yes,Yes,No,Yes,No,One year,Yes,Electronic check,장애,1032696750,한시우,고객이 인터넷 장애로 도움을 요청하자 상담사가 장애 여부를 확인하고 임시로 LTE 백업 연결을 제공하며 요금제 적합성을 재계산하기로 했다.
4139-SUGLD,31,35.4,1077.5,380,110,2,0.5,0,True,False,True,False,False,False,1.0,1.0,0.9073251987990044,No phone service,DSL,Yes,Yes,No,Yes,No,No,Month-to-month,Yes,Electronic check,해지,1052010665,신시우,고객은 DSL 속도 문제로 재택근무가 힘들다며 해지를 요청했다.
6407-UTSLV,2,83.8,163.7,210,45,1,1.0,1,True,False,True,False,False,False,0.0,0.0,0.4408108978763573,No phone service,Fiber optic,No,Yes,No,No,Yes,No,Month-to-month,Yes,Electronic check,장애,1089617788,장서준,"고객이 TV 문제로 상담사에게 전화를 걸었고, 상담사가 셋톱박스 전원 확인을 도와줘 문제를 해결했다."
2921-XWDJH,38,83.45,3147.15,1096,105,1,0.5,1,True,False,True,False,False,False,0.0,0.0,0.1481251319562515,No phone service,Fiber optic,Yes,Yes,No,No,No,Yes,Month-to-month,Yes,Electronic check,해지,1046061967,서하린,고객이 번호이동 문제를 문의하자 상담사가 해결 방안을 안내하며 요금제 변경과 할인 가능성을 제시했다.
9337-SRRNI,66,25.3,1673.8,0,0,0,0.5,1,True,False,True,False,False,False,0.0,0.0,0.0067086564414326,Yes,No,No internet service,No internet service,No internet service,No internet service,No internet service,No internet service,Two year,Yes,Credit card (automatic),해당 없음,1092482826,서지민,대화 내용이 없거나 관련 정보가 제공되지 않았습니다.
8049-WJCLQ,10,60.2,563.5,428,23,1,0.523,0,True,False,True,False,False,False,0.0,0.0,0.2185371719848691,No phone service,DSL,No,Yes,Yes,No,Yes,No,Month-to-month,Yes,Mailed check,해지,1058991918,서도윤,고객이 서비스 품질 문제로 해지를 고려하며 약정 및 위약금에 대해 문의하자 상담사가 대안과 해지 절차를 안내했다.
8380-MQINP,55,20.3,1079.05,681,155,5,0.0,1,True,False,True,False,False,False,0.0,0.0,0.0056218539140456,No phone service,No,No internet service,No internet service,No internet service,No internet service,No internet service,No internet service,Two year,Yes,Mailed check,해지,1078756404,황민준,고객이 약정 만료로 해지를 원하고 상담사는 추가 혜택과 점검 일정을 확인해주겠다고 안내한다.
8200-LGKSR,71,83.2,6126.1,576,22,2,0.0,1,True,False,True,False,False,False,0.0,0.0,0.056268225024038,Yes,DSL,Yes,Yes,Yes,Yes,Yes,Yes,Two year,Yes,Electronic check,해지,1087460732,조연우,고객이 약정 만료로 해지를 원하자 상담사가 요금 내역과 위약금 정보를 안내하고 있습니다.
5919-TMRGD,1,79.35,79.35,296,32,2,0.493,1,True,False,True,False,False,False,1.0,1.0,0.952821840110071,No phone service,Fiber optic,No,Yes,No,No,Yes,No,Month-to-month,Yes,Electronic check,요금,1083106655,임시우,고객이 요금 청구에 불만을 제기하자 상담사가 요금제 변경을 통해 절감 가능성을 안내하고 진행 사항을 문자로 전달하겠다고 약속했다.
7205-BAIAD,40,20.6,827.3,0,0,0,0.0,1,True,False,True,False,False,False,0.0,0.0,0.0104143241191271,No phone service,No,No internet service,No internet service,No internet service,No internet service,No internet service,No internet service,Two year,Yes,Electronic check,해당 없음,1078818388,황서준,대화 내용이 없음을 알림.
7638-QVMVY,7,79.0,522.95,328,12,1,0.697,0,True,False,True,False,False,False,1.0,1.0,0.83723137175566,No phone service,Fiber optic,No,Yes,No,No,Yes,No,Month-to-month,Yes,Electronic check,해지,1000429359,권지민,고객이 품질 문제로 해지를 고려하고 상담사가 대안을 제시하며 요금 인하와 품질 점검을 제안했다.
0708-SJDIS,34,65.0,2157.5,687,46,3,0.43,0,True,False,True,False,False,False,0.0,0.0,0.0048149734039414,Yes,DSL,No,Yes,No,Yes,Yes,No,Month-to-month,Yes,Mailed check,품질,1039600926,권지호,"고객이 저녁 시간대 인터넷 속도 저하 문제를 상담사에게 보고하고, 상담사가 채널 변경과 모뎀 재설정, 기사 방문 점검 예약을 제안하여 고객이 방문 예약을 요청했다."
4192-GORJT,5,94.45,498.1,312,22,0,0.78,0,True,False,True,False,False,False,1.0,1.0,0.7955616330466649,No phone service,Fiber optic,No,Yes,Yes,No,Yes,Yes,Month-to-month,Yes,Electronic check,요금,1063248443,오서연,고객이 청구금액 증가에 대한 확인을 요청하자 상담사가 요금제와 사용량을 검토하고 더 적합한 요금제로 변경할 경우 절감 가능성을 안내하며 진행 상황을 문자로 알리겠다고 덧붙였다.
8637-XJIVR,12,78.95,927.35,402,30,1,0.594,0,True,False,True,False,False,False,1.0,1.0,0.5154345578401888,Yes,Fiber optic,Yes,Yes,No,No,No,No,Month-to-month,Yes,Electronic check,품질,1096023217,윤지유,"고객이 Fiber optic 연결 문제로 상담을 요청했고, 상담사가 문제 해결을 위한 단계별 점검 및 조치를 안내했다."
5857-TYBCJ,44,89.2,4040.2,259,171,3,0.5,0,True,False,True,False,False,False,0.0,1.0,0.8078046785371178,Yes,Fiber optic,No,Yes,Yes,No,Yes,No,Month-to-month,Yes,Electronic check,품질,1051900823,서민준,"고객이 영상 버퍼링 문제를 제기하자, 상담사가 원인 파악 후 해결 방안을 안내하겠다고 응답했다."
4918-QLLIW,3,53.4,188.7,943,206,4,1.0,0,True,False,True,False,False,False,1.0,1.0,0.8259612521194064,No phone service,DSL,No,Yes,No,No,Yes,No,Month-to-month,Yes,Credit card (automatic),해지,1098730905,권시우,"고객은 번호이동에 대한 문의를 하였고, 상담사는 추가 혜택과 문자 안내를 제안했다."
8696-JKZNU,37,76.25,2841.55,864,128,2,0.8,1,True,False,True,False,False,False,1.0,1.0,0.98098177526804,Yes,Fiber optic,No,Yes,No,No,No,No,Month-to-month,Yes,Electronic check,요금,1090982719,김주원,"고객이 예상보다 높은 요금에 대해 문의하자 상담사가 요금제 변경을 확인하고, 취소 및 환불 가능성을 안내했다."
0083-PIVIK,64,81.25,5567.55,379,31,1,0.588,0,True,False,True,False,False,False,0.0,0.0,0.1020472140386364,Yes,DSL,Yes,Yes,Yes,Yes,Yes,No,One year,Yes,Electronic check,품질,1035275803,이지민,"고객이 DSL 회선의 끊김 문제로 상담 요청을 하였고, 상담사는 신호 약화 확인 후 기사 방문 예약과 요금제 적합성 검토를 안내했다."
6695-AMZUF,70,86.45,5950.2,507,104,2,0.39,0,True,False,True,False,False,False,0.0,0.0,0.001944620193513,No phone service,DSL,Yes,Yes,Yes,Yes,Yes,Yes,Two year,Yes,Credit card (automatic),품질,1044209161,김지호,"고객이 저녁에 인터넷 속도 저하를 호소하자 상담사가 채널 변경과 모뎀 재설정을 제안하고, 필요 시 기사 방문 점검을 예약하기로 하며 고객이 방문 예약 요청을 함."
4893-GYUJU,50,19.35,1033.0,273,51,3,0.0,0,True,False,True,False,False,False,0.0,0.0,0.111535775320414,No phone service,No,No internet service,No internet service,No internet service,No internet service,No internet service,No internet service,One year,Yes,Mailed check,장애,1006499528,정지호,고객의 인터넷 문제를 상담사가 원격 점검과 필요 시 현장 점검으로 해결하려고 하는 대화 내용입니다.
4317-VTEOA,1,50.75,50.75,295,54,1,1.0,0,True,False,True,False,False,False,1.0,1.0,0.9209947520686952,No phone service,DSL,No,Yes,No,No,No,No,Month-to-month,Yes,Electronic check,요금,1063017630,임서연,"고객이 청구 금액 변동에 대해 문의하자 상담사가 할인 종료와 요금제 변경을 안내하며, 추가 검토를 위해 연락하겠다고 답변했다."
7722-CVFXN,54,105.2,5637.85,418,23,2,0.813,0,True,False,True,False,False,False,0.0,1.0,0.5478319849078402,Yes,Fiber optic,No,Yes,No,Yes,Yes,Yes,One year,Yes,Electronic check,품질,1098705453,박하윤,"고객이 광주 북구에서 회의 중 인터넷 끊김 문제를 상담사에게 문의하고, 상담사는 문제 해결을 위해 장비 상태와 요금제를 점검하겠다고 안내했다."
2138-VFAPZ,14,19.7,263.65,180,5,0,0.519,0,True,False,True,False,False,False,0.0,0.0,0.0184888117512114,No phone service,No,No internet service,No internet service,No internet service,No internet service,No internet service,No internet service,Two year,Yes,Mailed check,요금,1001935688,한서연,고객이 청구금액이 평소보다 높아진 이유를 확인 요청하자 상담사가 청구 내역과 부가서비스를 점검하고 조정 가능성을 안내했다.
6532-YLWSI,53,20.8,1021.8,964,141,2,0.58,0,True,False,True,False,False,False,1.0,0.0,0.1973680949995503,No phone service,No,No internet service,No internet service,No internet service,No internet service,No internet service,No internet service,One year,Yes,Electronic check,해지,1028120136,조하윤,고객이 서비스 해지를 원하지만 상담사가 개선 방안을 제안하며 해결을 시도하는 대화.
9479-HYNYL,71,80.7,5705.05,622,49,3,0.22,0,True,False,True,False,False,False,0.0,0.0,0.0020284749477854,No phone service,DSL,No,Yes,Yes,Yes,Yes,Yes,Two year,Yes,Credit card (automatic),품질,1051185418,조하윤,"고객이 저녁에 인터넷 속도 저하 문제를 제기하자, 상담사가 채널 변경과 모뎀 재설정을 제안하고 방문 점검을 예약하기로 했다."
4139-DETXS,72,64.45,4528.0,0,0,0,0.5,1,True,False,True,False,False,False,0.0,0.0,0.0066343146391753,No phone service,DSL,Yes,Yes,Yes,Yes,Yes,Yes,Two year,Yes,Electronic check,해당 없음,1029200095,한서연,대화 내용이 없으므로 요약할 내용이 없습니다.
1271-UODNO,39,53.85,2200.7,347,9,0,0.483,0,True,False,True,False,False,False,0.0,0.0,0.0264244172955946,Yes,DSL,No,Yes,No,Yes,No,No,Two year,Yes,Credit card (automatic),품질,1063703074,서하준,"고객이 DSL 인터넷 끊김 문제로 상담을 요청하였고, 상담사는 원인 분석 및 해결 방안을 제시하며 진행 상황을 문자로 안내하겠다고 말했다."
0282-NVSJS,12,29.3,355.9,166,16,0,0.317,0,True,False,True,False,False,False,0.0,0.0,0.4525954107476649,No phone service,DSL,No,Yes,No,Yes,No,No,Month-to-month,Yes,Mailed check,해지,1010722379,황지유,고객이 품질 문제로 해지를 고려하고 상담사는 대안과 위약금 정보를 제공하며 이용 패턴을 재검토하기로 함.
2999-AANRQ,21,71.05,1524.85,375,10,0,0.519,1,True,False,True,False,False,False,0.0,0.0,0.0214770542748646,No phone service,DSL,Yes,Yes,No,Yes,Yes,No,Two year,Yes,Credit card (automatic),품질,1019363454,신서연,"고객이 DSL 회의 중 끊김 문제를 상담사에게 문의하였고, 상담사는 문제 해결을 위한 확인 및 조치를 약속했다."
4199-QHJNM,67,102.9,6989.7,440,64,1,0.669,1,True,False,True,False,False,False,0.0,0.0,0.2190532674242646,Yes,Fiber optic,No,Yes,No,Yes,Yes,Yes,Two year,Yes,Electronic check,장애,1095859811,신연우,"고객이 인터넷 문제로 상담사에게 도움을 요청하였고, 상담사는 지역 장애를 확인한 후 LTE 백업 연결을 제공하며 요금제의 적합성을 점검하기로 했다."
7422-WNBTY,33,93.35,3092.0,0,0,0,1.0,1,True,False,True,False,False,False,0.0,0.0,0.305993303957893,Yes,Fiber optic,No,Yes,Yes,No,No,Yes,Month-to-month,Yes,Electronic check,해당 없음,1025847489,윤지민,대화 내용이 없음을 나타냅니다.
6578-KRMAW,32,93.4,2979.3,884,226,2,0.71,0,True,False,True,False,False,False,0.0,0.0,0.0060269324920009,No phone service,Fiber optic,Yes,Yes,Yes,No,No,Yes,Month-to-month,Yes,Credit card (automatic),품질,1073954115,서서준,"고객은 저녁에 인터넷 속도가 느려진다고 말하고, 상담사는 문제 해결을 위해 채널 변경과 모뎀 재설정을 제안하며 방문 예약을 도와줍니다."
0840-DCNZE,47,86.95,4138.9,1062,99,2,0.5,1,True,False,True,False,False,False,0.0,0.0,0.0306560702095992,No phone service,DSL,Yes,Yes,Yes,Yes,Yes,Yes,One year,Yes,Electronic check,요금,1018883776,권서현,"고객이 요금 상승에 대해 상담사에게 문의하자, 상담사는 문제를 확인하고 소액결제 차단 및 임시 보상 조치를 제안했다."
8869-LIHMK,64,115.1,7334.05,0,0,0,0.5,1,True,False,True,False,False,False,0.0,0.0,0.0732477325721832,Yes,Fiber optic,Yes,Yes,Yes,Yes,Yes,Yes,Two year,Yes,Electronic check,해당 없음,1068417035,서도윤,적절한 대화 내용이 없어 요약할 수 없습니다.
0228-MAUWC,19,59.55,1144.6,412,56,4,0.21,0,True,False,True,False,False,False,0.0,0.0,0.0066847721092612,Yes,DSL,No,Yes,Yes,Yes,No,No,Month-to-month,Yes,Electronic check,품질,1046425621,임민준,"고객이 저녁마다 인터넷 속도 저하로 불편을 호소하자 상담사가 채널 변경과 모뎀 재설정을 제안하고, 방문 점검 예약을 받았다."
3766-EJLFL,68,109.05,7508.55,0,0,0,1.0,1,True,False,True,False,False,False,0.0,0.0,0.0777363191127747,Yes,Fiber optic,Yes,Yes,Yes,Yes,Yes,Yes,Two year,Yes,Electronic check,해당 없음,1056543150,황지우,대화 내용이 없음을 명시했습니다.
8327-WKMIE,37,20.15,785.75,639,108,4,0.27,0,True,False,True,False,False,False,0.0,0.0,0.0026435517543536,No phone service,No,No internet service,No internet service,No internet service,No internet service,No internet service,No internet service,One year,Yes,Credit card (automatic),품질,1050337271,김지민,"고객이 저녁 시간에 인터넷 속도 저하 문제를 상담사에게 보고하고, 상담사가 채널 변경과 모뎀 재설정을 제안한 후 방문 점검을 예약했다."
3523-QRQLL,22,69.5,1498.2,821,154,5,0.5,0,True,False,True,False,False,False,1.0,0.0,0.407112204055489,No phone service,DSL,No,Yes,No,No,Yes,Yes,One year,Yes,Electronic check,장애,1009626633,윤지유,고객이 인터넷 오류를 신고하자 상담사는 문제 확인 후 데이터를 제공하고 기술 지원 팀에 연결할 계획을 설명했다.
4713-LZDRV,2,79.6,195.05,689,155,4,0.58,1,True,False,True,False,False,False,1.0,1.0,0.9834007282867248,No phone service,Fiber optic,No,Yes,No,No,No,Yes,Month-to-month,Yes,Electronic check,요금,1063464223,윤서현,고객이 요금 인상에 대해 문의하자 상담사가 요금제 변경 내역을 확인하고 환불 가능성을 검토하겠다고 답변했다.
5329-KRDTM,72,77.35,5396.25,525,117,3,0.39,1,True,False,True,False,False,False,0.0,0.0,0.0051291348500234,Yes,DSL,No,Yes,Yes,Yes,Yes,No,Two year,Yes,Credit card (automatic),요금,1040124197,서주원,고객이 요금 증가에 대한 확인과 조정을 요청하자 상담사가 해제 처리와 환불 여부를 확인하겠다고 답했다.
9402-CXWPL,70,98.9,6838.6,340,22,2,0.64,1,True,False,True,False,False,False,0.0,1.0,0.594476901956774,Yes,Fiber optic,No,Yes,No,No,Yes,Yes,One year,Yes,Electronic check,요금,1054402482,오시우,고객이 청구서 금액 증가에 대해 문의하자 상담사가 요금제 적합성을 검토하고 요금제 변경 시 절감 가능성을 안내하며 진행 사항을 문자로 알리겠다고 확인했다.
2363-BJLSL,62,80.4,4981.15,344,15,2,0.557,0,True,False,True,False,False,False,0.0,0.0,0.2063256210108697,No phone service,DSL,No,Yes,Yes,Yes,Yes,Yes,Month-to-month,Yes,Electronic check,해지,1005748073,김서연,고객이 요금 인상으로 해지를 고려하며 상담사는 약정 없이 요금 할인 옵션과 품질 점검을 제안했다.
5787-KXGIY,72,19.3,1304.8,60,28,0,0.509,1,True,False,True,False,False,False,0.0,0.0,0.0077066263862955,No phone service,No,No internet service,No internet service,No internet service,No internet service,No internet service,No internet service,Two year,Yes,Credit card (automatic),요금,1055074700,황하린,"고객이 안심요금 20GB의 이상 청구에 대해 상담 요청하자, 상담사가 요금제 적합성을 확인하고 더 적합한 요금제로 변경할 경우 절감 가능성을 안내했다."
8441-SHIPE,67,25.6,1790.35,255,7,0,0.425,0,True,False,True,False,False,False,0.0,0.0,0.0174568333346128,Yes,No,No internet service,No internet service,No internet service,No internet service,No internet service,No internet service,Two year,Yes,Electronic check,요금,1002090349,정하은,"고객이 청구 금액 증가에 대해 상담 요청을 하자, 상담사가 요금제와 사용 패턴을 점검하고 적합한 요금제로 변경할 경우 절감 가능성을 안내했다."
4905-JEFDW,11,41.6,470.6,298,38,1,0.336,0,True,False,True,False,False,False,1.0,0.0,0.3125880514627149,No phone service,DSL,No,Yes,Yes,No,Yes,No,One year,Yes,Electronic check,품질,1086126663,장서연,"고객이 DSL로 회의 중 끊김 문제를 문의하자, 상담사가 문제 진단 및 기사 방문 예약을 하고, 요금제 적합성을 검토하기로 했다."
8146-QQKZH,71,81.85,5924.4,240,28,0,0.495,1,True,False,True,False,False,False,0.0,0.0,0.0314959561374912,No phone service,DSL,Yes,Yes,Yes,Yes,Yes,Yes,Two year,Yes,Electronic check,요금,1081272419,박서준,고객이 청구 금액 증가에 대해 문의하자 상담사가 요금제와 부가서비스를 확인하고 조정 가능성을 설명하며 진행 상황을 문자로 안내하기로 했다.
1732-FEKLD,54,94.75,5121.75,398,60,2,0.5,1,True,False,True,False,False,False,0.0,0.0,0.0780682046460675,Yes,Fiber optic,No,Yes,Yes,No,Yes,No,One year,Yes,Electronic check,해지,1018712796,장주원,고객이 서비스 해지를 고려하고 있지만 상담사가 문제 해결을 위해 요금제 변경과 현장 점검을 제안하는 대화입니다.
9938-PRCVK,41,19.7,804.25,0,0,0,0.0,1,True,False,True,False,False,False,0.0,0.0,0.0107641129367747,No phone service,No,No internet service,No internet service,No internet service,No internet service,No internet service,No internet service,Two year,Yes,Electronic check,해당 없음,1046171416,오하은,내용이 없으므로 요약할 수 없습니다.
2400-XIWIO,71,90.1,6310.9,369,35,4,0.26,0,True,False,True,False,False,False,0.0,0.0,0.0024434973390045,Yes,DSL,Yes,Yes,Yes,Yes,Yes,Yes,Two year,Yes,Electronic check,품질,1058927667,황하준,"고객이 저녁에 인터넷 속도 저하 문제로 상담사에게 도움을 요청하고, 기사 방문 점검 예약까지 하기로 결정했다."
7874-ECPQJ,4,20.05,85.5,110,15,1,0.0,1,True,False,True,False,False,False,0.0,0.0,0.026986789576425,No phone service,No,No internet service,No internet service,No internet service,No internet service,No internet service,No internet service,Month-to-month,Yes,Electronic check,요금,1089494961,서하윤,"고객이 전화 요금 확인을 요청하였고, 상담사가 맞다고 응답했다."
8097-VBQTZ,54,69.9,3883.3,380,110,2,0.5,0,True,False,True,False,False,False,0.0,1.0,0.9106867203894404,No phone service,DSL,Yes,Yes,No,Yes,Yes,No,Month-to-month,Yes,Mailed check,해지,1068586848,윤하윤,고객이 DSL 속도 문제로 불만을 제기하며 이사를 고려하고 상담사에게 해지를 요청했다.
6705-LNMDD,20,50.0,1003.05,668,78,2,0.46,0,True,False,True,False,False,False,0.0,0.0,0.0037522707315804,No phone service,DSL,No,Yes,No,Yes,No,No,Month-to-month,Yes,Mailed check,품질,1085366085,장하은,"고객이 저녁 시간마다 속도 저하로 어려움을 겪자, 상담사가 채널 변경과 모뎀 재설정을 제안하고 방문 점검 예약을 하기로 했다."
1731-TVIUK,4,93.5,362.2,138,182,5,0.5,0,True,False,True,False,False,False,1.0,1.0,0.9084002135364522,Yes,Fiber optic,No,Yes,No,Yes,No,Yes,Month-to-month,Yes,Electronic check,요금,1070065872,황서연,고객이 청구 금액이 평소와 달라 불만을 제기하자 상담사가 프로모션 종료로 인한 할인 감소를 설명하며 소액결제 차단 설정과 기술지원팀 연결을 제안했다.
1629-DQQVB,14,50.1,709.5,390,122,4,0.5,0,True,False,True,False,False,False,0.0,0.0,0.1999952805253101,No phone service,DSL,Yes,Yes,No,No,No,No,Month-to-month,Yes,Electronic check,품질,1018879571,권도윤,"고객이 데이터 속도 문제를 상담사에게 문의하자, 상담사가 네트워크 초기화를 권장하며 해결 방법을 안내한 대화."
5183-KLYEM,72,112.75,8192.6,301,33,1,0.704,0,True,False,True,False,False,False,0.0,0.0,0.0194508084971343,Yes,Fiber optic,Yes,Yes,Yes,Yes,Yes,Yes,Two year,Yes,Credit card (automatic),해지,1030772533,최지민,"고객이 요금 상승으로 해지를 고려 중이며 상담사가 약정 및 위약금, 대안 혜택을 안내하며 불만 해결을 도와주기로 했다."
3389-YGYAI,8,105.5,829.55,493,180,2,0.87,1,True,False,True,False,False,False,1.0,1.0,0.9933088590957948,Yes,Fiber optic,No,Yes,Yes,No,Yes,Yes,Month-to-month,Yes,Electronic check,요금,1089077876,신지우,"고객이 부가서비스 자동 갱신으로 인한 요금 상승을 문제 삼고, 상담사가 해제와 환불 가능성을 확인하기로 한 대화 내용."
9330-IJWIO,13,100.35,1358.85,314,12,2,0.724,0,True,False,True,False,False,False,1.0,1.0,0.8242069714113894,Yes,Fiber optic,Yes,Yes,No,No,Yes,Yes,Month-to-month,Yes,Electronic check,품질,1001520915,오도윤,"고객이 광회선 끊김 문제로 상담을 요청하고, 상담사는 신호 약화를 확인한 후 기사 방문 예약과 요금제 적합성 재검토를 안내했다."
2530-FMFXO,56,103.2,5873.75,0,0,0,0.0,1,True,False,True,False,False,False,0.0,0.0,0.2202689360189879,Yes,Fiber optic,No,Yes,Yes,Yes,Yes,Yes,Two year,Yes,Electronic check,해당 없음,1071427694,정지우,대화 내용이 없음을 간단히 요약함.
1100-DDVRV,17,49.8,836.35,550,120,3,0.34,0,True,False,True,False,False,False,0.0,0.0,0.0053558350455487,No phone service,DSL,No,Yes,No,No,Yes,Yes,Month-to-month,Yes,Mailed check,품질,1059264869,오지민,"고객이 저녁 시간대 인터넷 속도 저하 문제를 상담사에게 문의하고, 상담사는 채널 변경과 모뎀 재설정, 기사 방문 점검 예약을 도와주기로 했다."
9845-QOMAD,14,19.75,309.35,242,12,1,0.432,0,True,False,True,False,False,False,0.0,0.0,0.0297947347024191,No phone service,No,No internet service,No internet service,No internet service,No internet service,No internet service,No internet service,One year,Yes,Mailed check,품질,1080847022,김서현,"고객이 IPTV 이용 중 끊김 문제를 상담사에게 문의하고, 상담사가 문제 해결을 위해 상황을 점검하며 안내하는 대화."
5480-TBGPH,24,99.3,2431.35,1222,183,3,0.69,1,True,False,True,False,False,False,1.0,1.0,0.9871739422462308,No phone service,Fiber optic,No,Yes,Yes,No,Yes,Yes,Month-to-month,Yes,Credit card (automatic),요금,1033494846,윤지우,"고객이 요금 인상에 대해 불만을 제기하자 상담사가 부가서비스 자동 갱신을 확인하고 취소 및 환불 가능성을 안내하며, 고객은 다음 달 안정성을 요청했다."
2817-NTQDO,13,45.55,597.0,297,27,0,0.342,1,True,False,True,False,False,False,1.0,0.0,0.322584598371671,No phone service,DSL,Yes,Yes,No,Yes,Yes,No,Month-to-month,Yes,Credit card (automatic),요금,1060955368,정연우,고객이 안심요금 청구금액이 증가한 이유를 묻자 상담사가 요금제와 사용 패턴의 적합성을 확인하고 더 적합한 요금제로 변경하면 절감이 가능하다고 안내했다.
4869-EPIUS,56,80.9,4557.5,184,8,2,0.536,1,True,False,True,False,False,False,0.0,0.0,0.4854176021809168,No phone service,Fiber optic,No,Yes,No,No,No,Yes,One year,Yes,Electronic check,요금,1061130126,장지유,고객이 와이파이플러스 요금 청구가 평소보다 많다고 문의하자 상담사가 요금제 적합성을 점검하고 요금제 변경 시 절감 가능성을 안내하였다.
4526-EXKKN,40,24.6,973.95,122,74,6,1.0,1,True,False,True,False,False,False,0.0,0.0,0.0048078003552775,Yes,No,No internet service,No internet service,No internet service,No internet service,No internet service,No internet service,Two year,Yes,Mailed check,장애,1048267664,오지민,"고객이 인터넷 문제를 상담하자, 상담사가 네트워크 점검 및 앱을 통한 처리 방법을 안내했다."
7605-SNLQG,45,50.25,2221.55,148,45,2,0.456,1,True,False,True,False,False,False,0.0,0.0,0.1234453876356158,No phone service,DSL,No,Yes,Yes,No,No,No,Month-to-month,Yes,Credit card (automatic),요금,1066735532,권하윤,"고객이 모바일세이브 5G 요금 청구가 평소보다 높아 상담을 요청하였고, 상담사는 요금제 변경을 통해 절감 가능성을 제시하며 진행 상황을 문자로 안내하겠다고 하였다."
3623-FQBOX,21,19.95,416.4,522,182,1,0.5,0,True,False,True,False,False,False,0.0,0.0,0.2202835364422629,No phone service,No,No internet service,No internet service,No internet service,No internet service,No internet service,No internet service,Month-to-month,Yes,Mailed check,장애,1033786447,박지유,고객이 와이파이 문제를 신고하자 상담사가 원격 점검과 추가 검토를 약속했다.
1481-ZUWZA,28,94.5,2659.4,782,173,5,0.5,0,True,False,True,False,False,False,1.0,1.0,0.892852129652751,Yes,Fiber optic,Yes,Yes,No,No,No,Yes,Month-to-month,Yes,Credit card (automatic),해지,1047211581,조지유,고객이 요금 문제로 해지를 고려하고 상담사가 해결 방안을 안내하며 처리 진행을 약속하는 대화입니다.
2931-VUVJN,59,94.05,5483.9,0,0,0,1.0,1,True,False,True,False,False,False,0.0,0.0,0.1350505969348705,Yes,Fiber optic,Yes,Yes,Yes,Yes,No,No,One year,Yes,Electronic check,해당 없음,1090867359,임주원,대화 내용이 없다는 것을 요약합니다.
1307-ATKGB,24,89.55,2187.15,849,264,2,0.77,0,True,False,True,False,False,False,0.0,0.0,0.008084118994179,No phone service,Fiber optic,No,Yes,Yes,No,No,Yes,Month-to-month,Yes,Electronic check,품질,1045492178,박시우,고객이 저녁마다 인터넷 속도 저하를 호소하자 상담사가 채널 변경과 모뎀 재설정을 제안하고 방문 점검을 예약하기로 했다.
0375-HVGXO,1,34.7,34.7,390,110,3,0.5,0,True,False,True,False,False,False,1.0,1.0,0.9427777893013876,No phone service,DSL,No,Yes,No,No,Yes,No,Month-to-month,Yes,Electronic check,해지,1042951546,권연우,고객이 인터넷 설치 지연에 불만을 품고 서비스 해지를 요구했다.
8295-FHIVV,7,19.4,168.65,120,20,1,0.0,1,True,False,True,False,False,False,0.0,0.0,0.0150445503993341,No phone service,No,No internet service,No internet service,No internet service,No internet service,No internet service,No internet service,Month-to-month,Yes,Mailed check,요금,1081850381,윤민준,고객이 요금 미납 여부를 확인하자 상담사가 미납이 없다고 응답했다.
8510-AWCXC,13,100.8,1308.1,360,90,3,1.0,0,True,False,True,False,False,False,1.0,1.0,0.9543058088277584,Yes,Fiber optic,Yes,Yes,No,No,Yes,Yes,Month-to-month,Yes,Electronic check,해지,1005240210,신서연,고객이 1년간 사용해온 인터넷 서비스의 불안정성에 불만을 표하며 해지를 요청했다.
2080-CAZNM,41,104.4,4133.95,874,234,4,0.59,1,True,False,True,False,False,False,0.0,0.0,0.0178606962896794,Yes,Fiber optic,No,Yes,Yes,No,Yes,Yes,Month-to-month,Yes,Electronic check,장애,1066718255,신서준,"고객은 인터넷 문제 해결을 요청했고, 상담사는 지역 장애로 인한 복구 작업 중임을 설명하며 안내를 약속했다."
4877-EVATK,1,20.0,20.0,850,153,2,0.8,0,True,False,True,False,False,False,1.0,1.0,0.8796092922686433,No phone service,No,No internet service,No internet service,No internet service,No internet service,No internet service,No internet service,Month-to-month,Yes,Mailed check,해지,1090751327,이연우,고객이 서비스 해지를 원하지만 상담사가 개선 방안을 제시하며 제안서를 보내기로 약속함.
6500-JVEGC,68,101.35,7110.75,341,51,0,0.927,0,True,False,True,False,False,False,0.0,0.0,0.2342377870204425,Yes,Fiber optic,Yes,Yes,Yes,No,Yes,No,One year,Yes,Electronic check,해지,1097925763,박하은,고객이 요금 인상으로 해지를 고려하며 약정과 위약금에 대해 문의하자 상담사는 해지 전 대안과 장기 고객 혜택을 안내하였다.
0229-LFJAF,72,69.65,4908.25,293,51,0,0.602,1,True,False,True,False,False,False,0.0,0.0,0.0056587451152862,Yes,DSL,Yes,Yes,Yes,Yes,No,No,Two year,Yes,Electronic check,요금,1097819099,박시우,고객이 안심요금의 높은 청구액에 대해 문의하자 상담사가 요금제 적합성 확인 후 더 저렴한 요금제 변경을 제안하며 진행 사항을 문자로 안내하기로 했다.
1215-FIGMP,60,89.9,5450.7,374,72,6,0.736,0,True,False,True,False,False,False,0.0,1.0,0.6182000709976436,Yes,Fiber optic,No,Yes,No,No,Yes,No,Month-to-month,Yes,Electronic check,해지,1041465236,한지호,"고객이 요금 인상으로 해지를 고민하며 원인과 약정 내용을 문의하자, 상담사가 해지 전 대안을 검토하고 진행 사항을 문자로 안내하겠다고 응답했다."
0078-XZMHT,72,85.15,6316.2,359,18,1,0.701,0,True,False,True,False,False,False,0.0,0.0,0.0054714784775636,Yes,DSL,No,Yes,Yes,Yes,Yes,Yes,Two year,Yes,Electronic check,해지,1000056539,정지우,"고객이 요금 인상에 대해 문의하며 해지를 고려하고, 상담사가 해지 전 다양한 대안을 모색하고 위약금 정보를 제공하는 대화."
0523-VNGTF,52,50.5,2566.3,0,0,0,0.5,1,True,False,True,False,False,False,0.0,0.0,0.0675131283025184,No phone service,DSL,No,Yes,Yes,Yes,Yes,No,Month-to-month,Yes,Electronic check,해당 없음,1082661329,장지유,"""해당 없음""이라는 표현이 사용된 대화를 요약해 주세요."
1582-RAFML,1,60.1,60.1,801,131,4,0.74,0,True,False,True,False,False,False,1.0,1.0,0.9588567554721616,Yes,DSL,No,Yes,No,Yes,No,No,Month-to-month,Yes,Mailed check,해지,1017038089,이하윤,고객이 서비스 해지를 고려하고 상담사가 개선 방안을 제안하며 고객이 제안서를 받고 결정하겠다고 응답했다.
4429-WYGFR,26,49.15,1237.3,582,26,4,0.0,1,True,False,True,False,False,False,0.0,0.0,0.0328173335290517,No phone service,DSL,No,Yes,No,Yes,No,No,Month-to-month,Yes,Electronic check,해지,1098273621,서민준,고객이 서비스 해지를 고려하자 상담사가 문제 해결을 위해 혜택 안내와 점검 방법을 제시하는 대화입니다.
6818-WOBHJ,68,89.6,6127.6,422,15,2,0.367,1,True,False,True,False,False,False,1.0,1.0,0.6964815031145225,Yes,Fiber optic,No,Yes,No,No,No,Yes,Month-to-month,Yes,Electronic check,장애,1004488183,한지우,"고객이 인터넷 장애로 상담 요청을 했고, 상담사는 장애 점검과 복구 예상 시간을 안내하며 요금제 재검토를 약속했다."
1353-GHZOS,22,59.75,1374.35,644,135,5,0.0,0,True,False,True,False,False,False,0.0,0.0,0.4554797364619078,No phone service,DSL,Yes,Yes,No,No,Yes,No,One year,Yes,Electronic check,장애,1058944890,황하린,고객이 인터넷 오류를 신고하자 상담사가 원격 점검과 현장 점검 일정을 안내했다.
4350-ZTLPI,53,108.95,5718.2,996,44,0,0.46,1,True,False,True,False,False,False,0.0,0.0,0.0123469741007611,Yes,Fiber optic,No,Yes,Yes,Yes,Yes,Yes,One year,Yes,Electronic check,장애,1024510571,이하린,고객이 인터넷 연결 문제를 신고하자 상담사가 지역 장애로 인한 복구 작업 중임을 설명하고 안내 문자를 보내겠다고 약속했다.
2929-ERCFZ,8,94.2,777.3,370,90,3,1.0,0,True,False,True,False,False,False,1.0,1.0,0.9429970688047952,No phone service,Fiber optic,No,Yes,Yes,No,Yes,Yes,Month-to-month,Yes,Electronic check,해지,1093853927,권지우,"고객이 불만을 토로하며 인터넷 해지를 원하고, 상담사는 신호 점검을 제안하나 고객은 듣지 않음."
7541-YLXCL,36,65.4,2498.4,166,94,3,0.0,0,True,False,True,False,False,False,1.0,0.0,0.3423317324402261,No phone service,DSL,No,Yes,No,Yes,No,Yes,One year,Yes,Mailed check,장애,1047575088,서하윤,고객이 인터넷 오류를 신고하자 상담사가 문제를 확인하고 앱을 통한 처리 및 방문 기사 예약을 안내했다.
4853-RULSV,70,104.0,7250.15,311,26,0,0.701,0,True,False,True,False,False,False,1.0,0.0,0.0565746579780704,Yes,Fiber optic,Yes,Yes,No,Yes,Yes,Yes,Two year,Yes,Credit card (automatic),해지,1075794777,최지민,고객이 요금 인상으로 해지를 고려하고 상담사가 대안과 혜택을 제안하며 진행하기로 함.
6616-AALSR,65,104.3,6725.3,700,90,3,0.35,0,True,False,True,False,False,False,0.0,0.0,0.0026112221487307,Yes,Fiber optic,Yes,Yes,Yes,No,Yes,Yes,Two year,Yes,Credit card (automatic),품질,1051581183,안지민,고객이 저녁마다 인터넷 속도 저하를 호소하자 상담사가 채널 변경 및 모뎀 재설정과 방문 점검 예약을 제안했다.
8024-XNAFQ,72,107.4,7748.75,916,71,2,0.4,1,True,False,True,False,False,False,0.0,0.0,0.0030949923591632,Yes,Fiber optic,Yes,Yes,Yes,Yes,No,Yes,Two year,Yes,Electronic check,장애,1041214035,이하린,고객이 인터넷 장애로 문의하자 상담사는 복구 작업 중이며 안내를 문자로 전달하겠다고 응답했다.
8166-ORCHU,33,93.55,3055.5,150,25,1,1.0,1,True,False,True,False,False,False,0.0,0.0,0.0846078657461148,No phone service,Fiber optic,Yes,Yes,No,Yes,No,Yes,One year,Yes,Electronic check,장애,1062102917,최연우,"고객이 TV 다시 보기가 작동하지 않는 문제를 상담사에게 요청하였고, 상담사가 셋톱박스 신호를 재설정하여 문제를 해결했다."
1150-FTQGN,60,94.15,5811.8,294,13,1,0.703,1,True,False,True,False,False,False,0.0,0.0,0.1013093982732797,Yes,Fiber optic,Yes,Yes,No,No,Yes,No,One year,Yes,Electronic check,품질,1003881572,윤예준,고객이 Fiber optic 회의 중 끊김 문제를 문의하자 상담사가 문제 해결을 위한 진단과 요금제 재검토를 안내하며 접수번호를 제공했다.
8944-AILEF,15,19.45,340.85,308,14,2,0.527,0,True,False,True,False,False,False,0.0,0.0,0.2415300611620678,No phone service,No,No internet service,No internet service,No internet service,No internet service,No internet service,No internet service,Month-to-month,Yes,Credit card (automatic),해지,1098987221,서시우,고객이 서비스 품질 문제로 해지를 고려하고 상담사가 해결책과 요금 할인 옵션을 제안하며 진행하기로 함.
4183-MYFRB,21,90.05,1862.9,253,16,3,0.691,1,True,False,True,False,False,False,0.0,1.0,0.7345944862444789,No phone service,Fiber optic,No,Yes,Yes,No,No,Yes,Month-to-month,Yes,Electronic check,요금,1057105624,오서연,"고객이 기업용 프리미엄 요금 청구액 증가에 대해 문의하자, 상담사가 요금제와 사용 패턴을 확인하고 더 적합한 요금제로 변경 시 절감 효과를 안내하며 진행 사항을 문자로 통보하기로 했다."
8570-KLJYJ,36,54.45,1893.5,367,198,4,0.0,0,True,False,True,False,False,False,0.0,0.0,0.2691521645650298,Yes,DSL,Yes,Yes,No,No,No,No,One year,Yes,Mailed check,품질,1032020785,최지유,"고객이 카페에서 통화 끊김 문제를 상담사에 문의하자, 상담사는 인근 기지국 점검과 품질 최적화 계획을 안내했다."
0616-ATFGB,1,25.05,25.05,83,66,1,0.136,0,True,False,True,False,False,False,1.0,1.0,0.89580991051508,No phone service,DSL,No,Yes,No,No,No,No,Month-to-month,Yes,Electronic check,요금,1010911379,한예준,고객이 기업용 베이직 요금 청구가 평소보다 많다고 문의하자 상담사가 청구 내역과 부가서비스를 확인하고 요금 조정을 약속했다.
0603-TPMIB,59,25.45,1534.05,949,74,7,0.5,1,True,False,True,False,False,False,0.0,0.0,0.0042558984980376,Yes,No,No internet service,No internet service,No internet service,No internet service,No internet service,No internet service,Two year,Yes,Mailed check,해지,1024873465,황서현,고객이 번호 이동 문의를 하자 상담사가 문제 해결을 위한 조치를 안내하고 요금제 변경 및 현장 점검을 제안했다.
2898-LSJGD,21,55.95,1157.05,847,38,6,1.0,0,True,False,True,False,False,False,1.0,0.0,0.1498080404439353,No phone service,DSL,Yes,Yes,Yes,No,Yes,Yes,One year,Yes,Electronic check,품질,1038213148,박지우,"고객이 데이터 속도 문제로 상담에 전화를 걸었고, 상담사는 재부팅와 네트워크 초기화 시도를 권장하며 품질 최적화와 현장 점검을 제안했다."
0962-CQPWQ,62,20.3,1296.15,0,0,0,0.0,1,True,False,True,False,False,False,0.0,0.0,0.0073267370435617,No phone service,No,No internet service,No internet service,No internet service,No internet service,No internet service,No internet service,Two year,Yes,Electronic check,해당 없음,1029568246,한예준,대화 내용이 없음을 알리기 위한 표현입니다.
2324-AALNO,48,24.55,1203.95,199,7,1,0.406,0,True,False,True,False,False,False,0.0,0.0,0.0238545049840282,Yes,No,No internet service,No internet service,No internet service,No internet service,No internet service,No internet service,One year,Yes,Electronic check,품질,1015717744,한지유,"고객이 회의 중 끊김 문제로 상담사에게 도움을 요청하고, 상담사가 모뎀 상태 점검 후 기사 방문을 예약하며 요금제 적합성도 검토하기로 했다."
9619-GSATL,43,55.45,2444.25,481,132,4,1.0,0,True,False,True,False,False,False,0.0,0.0,0.2799382678363973,No phone service,DSL,No,Yes,No,Yes,No,No,One year,Yes,Electronic check,요금,1010107363,조연우,고객이 청구 금액의 차이를 문의하자 상담사가 요금 청구 내역을 확인하고 요금제 변경을 제안했다.
1406-PUQVY,1,49.9,49.9,231,152,1,0.5,1,True,False,True,False,False,False,0.0,0.0,0.1675571281148178,No phone service,DSL,No,Yes,No,No,No,No,Month-to-month,Yes,Electronic check,요금,1020061311,안하준,"고객이 요금 인상 문제를 상담사에게 문의하자, 상담사가 요금 청구 내역과 요금제 변경 옵션을 안내하며 문제 해결을 시도하는 대화."
8166-ZZTFS,66,80.55,5265.1,969,144,3,0.88,0,True,False,True,False,False,False,1.0,1.0,0.9568430474098104,Yes,DSL,No,Yes,Yes,No,Yes,Yes,Two year,Yes,Electronic check,해지,1090405895,임지우,"고객은 서비스 해지를 원하지만, 상담사는 개선 방안을 제시해 검토할 기회를 요청합니다."
6968-URWQU,43,56.35,2391.15,335,25,3,1.0,0,True,False,True,False,False,False,0.0,0.0,0.1099824141789464,No phone service,DSL,No,Yes,No,No,Yes,No,One year,Yes,Mailed check,품질,1079940518,정하준,"고객이 영상 버퍼링 문제를 상담사에게 알렸고, 상담사는 신호 문제를 확인하고 최적화를 제안했다."
7271-AJDTL,55,94.45,5073.1,817,150,3,1.0,1,True,False,True,False,False,False,0.0,0.0,0.0861258164525789,Yes,Fiber optic,No,Yes,Yes,No,Yes,No,Month-to-month,Yes,Credit card (automatic),장애,1096609172,황지호,"고객이 와이파이 문제를 상담사에게 문의하고, 상담사가 원격 점검 및 문자 안내를 약속하며 소통하는 내용입니다."
9374-YOLBJ,1,19.25,19.25,352,21,1,0.636,0,True,False,True,False,False,False,0.0,0.0,0.0668818875855176,No phone service,No,No internet service,No internet service,No internet service,No internet service,No internet service,No internet service,Month-to-month,Yes,Electronic check,품질,1036307103,신시우,"고객이 회의 중 끊김 문제로 상담했고, 상담사는 신호 약화 확인 후 기사 방문 예약과 요금제 재검토를 안내했다."
8092-NLTGF,72,24.75,1777.6,536,24,2,0.29,1,True,False,True,False,False,False,0.0,0.0,0.0008223322323592,Yes,No,No internet service,No internet service,No internet service,No internet service,No internet service,No internet service,Two year,Yes,Electronic check,장애,1068041351,장시우,"고객이 인터넷 문제를 상담사에게 문의하였고, 상담사가 지역 장애로 복구 중임을 알리며 문자로 ETA와 임시 조치를 안내하기로 하였다."
8548-AWOFC,66,63.85,4264.6,350,70,1,0.5,0,True,False,True,False,False,False,0.0,1.0,0.9184272687045324,Yes,DSL,No,Yes,No,Yes,No,Yes,Month-to-month,Yes,Electronic check,해지,1014723459,박서현,고객이 높은 요금과 느린 인터넷 속도에 불만을 가져 해지를 요청했다.
1090-PYKCI,69,105.1,7234.8,229,14,1,1.0,0,True,False,True,False,False,False,0.0,0.0,0.1380178458801828,Yes,Fiber optic,Yes,Yes,Yes,Yes,Yes,No,One year,Yes,Credit card (automatic),요금,1080853030,윤하윤,"고객이 청구 요금 증가에 대해 상담 요청하였고, 상담사는 요금제 적합성을 검토하여 더 저렴한 요금제로 변경할 것을 안내하였다."
9674-EHPPG,46,40.4,1842.7,150,25,1,0.5,1,True,False,True,False,False,False,0.0,0.0,0.0120088978327247,No phone service,DSL,Yes,Yes,Yes,Yes,No,No,Two year,Yes,Credit card (automatic),품질,1054342415,황도윤,"고객이 DSL 속도 불안정 문제를 상담하자, 상담사가 점검 후 회선을 재설정해줘서 문제가 해결됐다."
5712-VBOXD,4,20.15,68.45,852,97,3,0.5,0,True,False,True,False,False,False,0.0,0.0,0.1499460119166637,No phone service,No,No internet service,No internet service,No internet service,No internet service,No internet service,No internet service,Month-to-month,Yes,Credit card (automatic),품질,1071421005,윤연우,고객이 데이터 속도 문제를 신고하자 상담사가 문제 확인 후 문자로 안내하겠다고 응답했다.
3714-JTVOV,42,74.15,3229.4,989,262,4,0.64,0,True,False,True,False,False,False,1.0,1.0,0.9627857919933152,No phone service,Fiber optic,Yes,Yes,No,No,No,No,Month-to-month,Yes,Credit card (automatic),해지,1054566037,정하은,고객이 해지 의사를 밝히자 상담사가 개선 방안을 제시하고 고객이 제안서를 검토 후 결정하기로 했다.
2192-OZITF,45,73.55,3349.1,554,234,4,0.5,1,True,False,True,False,False,False,0.0,0.0,0.0209315070035954,Yes,DSL,Yes,Yes,No,Yes,No,Yes,Two year,Yes,Mailed check,요금,1026318887,임하은,고객이 예상보다 높은 요금에 대해 확인하고 조정을 요청하며 상담사는 해제 및 환불 가능성을 확인하기로 했다.
3518-FSTWG,72,109.55,7920.7,384,66,0,0.784,0,True,False,True,False,False,False,0.0,0.0,0.0436006950906335,Yes,Fiber optic,Yes,Yes,Yes,No,Yes,Yes,Two year,Yes,Electronic check,품질,1029023492,황지민,"고객이 Fiber optic 연결 문제로 상담을 요청하자, 상담사가 문제를 진단하고 기사 방문을 예약하며 요금제를 재검토하겠다고 안내했다."
1038-ZAGBI,12,19.8,229.6,270,26,1,0.158,0,True,False,True,False,False,False,1.0,0.0,0.2133957860584026,No phone service,No,No internet service,No internet service,No internet service,No internet service,No internet service,No internet service,One year,Yes,Electronic check,품질,1016015809,황하린,"고객이 회의 중 끊김 문제를 상담사에게 문의하였고, 상담사는 점검 및 해결 방안을 안내하며 조치를 취하기로 했다."
8878-HMWBV,3,49.15,169.05,177,13,0,0.342,1,True,False,True,False,False,False,1.0,1.0,0.7945840944921513,No phone service,DSL,No,Yes,Yes,No,No,No,Month-to-month,Yes,Electronic check,요금,1071774582,윤서연,"고객이 기가프리미엄 1G 사용 중 청구금액이 평소보다 많아 문의하자, 상담사가 부가서비스 해지와 요금 조정 가능성을 확인하기로 했다."
8535-SFUTN,61,106.45,6300.15,345,39,3,1.0,1,True,False,True,False,False,False,0.0,1.0,0.6097185315283892,Yes,Fiber optic,Yes,Yes,Yes,No,Yes,Yes,Month-to-month,Yes,Electronic check,요금,1093514279,임주원,"고객이 청구금액 증가에 대해 문의하자 상담사가 부가서비스 해지 및 요금제 적합성 검토를 진행하며, 진행 상황을 문자로 안내하겠다고 설명했다."
9432-RUVSL,48,102.5,4904.25,265,45,2,0.79,1,True,False,True,False,False,False,0.0,0.0,0.2062989761927587,No phone service,Fiber optic,Yes,Yes,Yes,Yes,Yes,Yes,Two year,Yes,Credit card (automatic),요금,1095616286,안지우,"고객이 청구 금액이 평소보다 많아 상담을 요청하였고, 상담사는 문제 확인과 조정을 약속했다."
9947-OTFQU,15,74.4,1074.3,280,20,4,0.41,0,True,False,True,False,False,False,1.0,1.0,0.8367551894711864,No phone service,Fiber optic,No,Yes,No,No,No,No,Month-to-month,Yes,Electronic check,해지,1065414409,정지민,"고객이 서비스 품질 문제로 해지를 고려하며 약정 및 위약금에 대해 상담했으며, 상담사는 대안 검토와 해지 절차를 안내했다."
7596-LDUXP,12,85.15,979.05,1075,27,4,0.58,0,True,False,True,False,False,False,0.0,0.0,0.0180455032293281,No phone service,Fiber optic,Yes,Yes,No,No,Yes,No,One year,Yes,Credit card (automatic),품질,1056471298,오지우,고객이 저녁마다 인터넷 속도 저하를 호소하자 상담사가 채널 변경과 모뎀 재설정 제안 후 기사 방문 예약을 도와주기로 했다.
2207-RYYRL,52,24.55,1331.05,602,103,2,0.34,1,True,False,True,False,False,False,0.0,0.0,0.0017743647961083,Yes,No,No internet service,No internet service,No internet service,No internet service,No internet service,No internet service,Two year,Yes,Mailed check,장애,1070682687,박시우,"고객이 인터넷 장애를 문의하자 상담사가 지역 장애로 인한 복구 작업 중임을 설명하고, 정보 안내를 약속했다."
6158-DWPZT,9,24.1,259.8,795,149,3,0.0,0,True,False,True,False,False,False,1.0,1.0,0.527649945913377,No phone service,DSL,No,Yes,No,No,No,No,One year,Yes,Electronic check,해지,1044049238,오도윤,고객이 서비스 해지를 고려하자 상담사가 문제 해결을 위해 요금 청구 내역을 확인하고 추가 혜택을 안내하겠다고 밝힘.
8930-XOTDP,18,55.95,1082.8,336,18,0,0.525,0,True,False,True,False,False,False,0.0,0.0,0.1633661745286878,No phone service,DSL,No,Yes,No,No,Yes,No,Month-to-month,Yes,Mailed check,품질,1067428296,한지민,"고객이 DSL 회의 중 끊김 문제를 상담사에게 문의하였고, 상담사는 문제 해결을 위해 기사 방문 예약과 요금제 적합성 재검토를 안내했다."
2386-OWURY,58,95.3,5817.7,309,38,3,0.5,1,True,False,True,False,False,False,0.0,0.0,0.2590361506912166,No phone service,Fiber optic,No,Yes,No,Yes,Yes,Yes,Month-to-month,Yes,Electronic check,품질,1059102696,오서연,"고객이 영상 버퍼링 문제로 상담사에게 도움을 요청하였고, 상담사는 기지국 점검 및 기술 지원 안내와 데이터 리필 혜택을 제공하기로 약속했다."
5312-UXESG,41,98.05,3990.6,565,44,1,1.0,1,True,False,True,False,False,False,0.0,0.0,0.1565868355110134,Yes,Fiber optic,No,Yes,Yes,No,Yes,Yes,Month-to-month,Yes,Electronic check,품질,1089829803,정시우,고객의 영상 버퍼링 문제를 상담사가 확인하고 해결책으로 네트워크 초기화를 제안하며 임시 보상과 속도 제한 해제를 검토하기로 했다.
2873-ZLIWT,40,84.85,3303.05,121,220,1,0.5,0,True,False,True,False,False,False,1.0,1.0,0.6802429218735441,Yes,Fiber optic,No,Yes,Yes,Yes,No,No,Month-to-month,Yes,Electronic check,장애,1011350280,황예준,고객의 와이파이 문제에 대해 상담사가 원격 점검과 보상 방안을 제안하며 해결을 진행하기로 한 대화.
6419-ZTTLE,23,20.75,485.2,174,18,1,0.33,1,True,False,True,False,False,False,0.0,0.0,0.0749096047201993,No phone service,No,No internet service,No internet service,No internet service,No internet service,No internet service,No internet service,One year,Yes,Electronic check,요금,1028259947,정민준,고객이 청구 금액 증가에 대해 문의하자 상담사는 부가서비스 확인 및 요금제 적합성 검토를 약속하며 조정을 진행하기로 했다.
4116-TZAQJ,9,74.25,639.65,360,90,3,1.0,0,True,False,True,False,False,False,1.0,1.0,0.9018402731003408,No phone service,Fiber optic,Yes,Yes,No,No,No,No,Month-to-month,Yes,Credit card (automatic),해지,1032769365,장서연,고객이 인터넷 문제로 불만을 토로하며 해지를 요청했다.
5641-DMBFJ,58,84.3,4916.4,836,238,4,0.63,1,True,False,True,False,False,False,0.0,0.0,0.4109695995873504,Yes,DSL,Yes,Yes,Yes,Yes,Yes,Yes,Two year,Yes,Electronic check,요금,1089880745,신주원,"고객이 요금 상승 문제를 상담사에게 문의하고, 상담사는 즉시 해제와 환불 여부를 확인하겠다고 응답함."
8285-ABVLB,70,19.85,1328.35,604,116,6,0.5,0,True,False,True,False,False,False,0.0,0.0,0.0086613148303752,No phone service,No,No internet service,No internet service,No internet service,No internet service,No internet service,No internet service,Two year,Yes,Credit card (automatic),장애,1007349815,신하은,고객이 와이파이 문제를 신고하자 상담사가 장애 발생 원인을 확인하고 필요한 조치를 안내하는 대화입니다.
5915-ANOEI,70,79.15,5536.5,1068,15,6,1.0,1,True,False,True,False,False,False,0.0,0.0,0.0127920379291779,Yes,DSL,Yes,Yes,Yes,Yes,Yes,No,Two year,Yes,Mailed check,해지,1051672489,안지호,고객이 해지를 고려하자 상담사가 문제를 확인하고 혜택 및 위약금 조회를 안내했다.
0906-QVPMS,72,115.15,8349.45,940,82,3,0.5,0,True,False,True,False,False,False,0.0,0.0,0.1270918077787262,Yes,Fiber optic,Yes,Yes,Yes,Yes,Yes,Yes,Two year,Yes,Electronic check,장애,1087968775,조하윤,"고객이 와이파이 문제를 상담사에게 보고하고, 상담사가 임시 데이터 제공을 검토하겠다고 안내하는 대화."
1092-GANHU,17,76.65,1313.55,310,90,3,0.0,0,True,False,True,False,False,False,1.0,1.0,0.9801263305498548,No phone service,Fiber optic,No,Yes,Yes,No,No,No,Month-to-month,Yes,Electronic check,해지,1027832136,박하은,고객이 인터넷 속도 불만으로 해지를 요청하며 환불을 요구한다.
1212-GLHMD,3,86.05,244.85,360,90,3,1.0,0,True,False,True,False,False,False,0.0,1.0,0.9218128797002264,No phone service,Fiber optic,Yes,Yes,No,No,No,Yes,Month-to-month,Yes,Mailed check,해지,1093674676,안예준,고객이 인터넷 끊김 문제로 불만을 표하며 계약 해지를 요청함.
8120-JDCAM,4,69.55,284.9,280,11,0,0.479,0,True,False,True,False,False,False,0.0,1.0,0.5923537331224062,No phone service,Fiber optic,No,Yes,No,No,No,No,Month-to-month,Yes,Mailed check,품질,1092202523,안연우,"고객이 광모뎀 사용 중 회의 중 끊김 문제로 문의하였고, 상담사는 문제 해결을 위해 장비 상태와 환경을 점검하며 적합한 솔루션을 제안했다."
4811-JBUVU,30,89.9,2723.15,321,14,1,0.647,0,True,False,True,False,False,False,0.0,1.0,0.5838395902233534,Yes,Fiber optic,No,Yes,No,Yes,No,Yes,Month-to-month,Yes,Credit card (automatic),해지,1054174099,최민준,고객이 요금 인상으로 해지를 고려하고 상담사가 해지 전 혜택과 요금 조정 옵션을 안내했습니다.
2905-KFQUV,2,70.4,154.8,374,22,1,0.297,0,True,False,True,False,False,False,0.0,1.0,0.9280227509860046,No phone service,Fiber optic,No,Yes,No,No,No,No,Month-to-month,Yes,Credit card (automatic),요금,1033446352,신지민,고객이 안심요금 청구액이 평소보다 많아 문의하자 상담사가 청구 내역을 확인하고 부가서비스 해지 및 요금 조정 가능성을 안내했다.
0952-KMEEH,13,98.15,1230.25,370,90,3,1.0,0,True,False,True,False,False,False,1.0,1.0,0.9634151083482508,Yes,Fiber optic,Yes,Yes,No,No,Yes,Yes,Month-to-month,Yes,Mailed check,해지,1076349675,권서준,고객이 인터넷 끊김 문제로 불만을 제기하며 서비스 해지를 요청했다.
6693-DJWTY,35,55.6,2016.45,723,194,7,0.0,0,True,False,True,False,False,False,0.0,0.0,0.2211108282513621,No phone service,DSL,Yes,Yes,No,No,No,No,One year,Yes,Credit card (automatic),품질,1020917304,권시우,"고객이 영상 버퍼링 문제를 상담사에게 신고하고, 상담사가 네트워크 점검 및 품질 최적화 계획에 대해 안내하는 대화입니다."
9959-WOFKT,71,106.7,7382.25,491,15,2,0.823,0,True,False,True,False,False,False,0.0,0.0,0.1306063006533557,Yes,Fiber optic,Yes,Yes,Yes,No,Yes,Yes,Two year,Yes,Electronic check,품질,1066759454,황도윤,"고객이 Fiber optic 회의 중 끊김 문제를 상담사에게 문의하고, 상담사는 문제 해결을 위한 여러 점검과 조치를 안내했다."
9625-QSTYE,13,81.15,952.3,446,15,4,0.171,0,True,False,True,False,False,False,1.0,1.0,0.9385227240658628,No phone service,Fiber optic,No,Yes,Yes,No,No,No,Month-to-month,Yes,Electronic check,품질,1066964291,박예준,"고객이 회의 중 Fiber optic 인터넷 끊김 문제로 상담에 나섰고, 상담사는 신호 약화 확인 후 기사 방문을 예약하며 요금제 적합성도 검토하겠다고 안내했다."
9714-EDSUC,4,94.9,360.55,310,32,2,0.844,0,True,False,True,False,False,False,0.0,1.0,0.7424860332793363,No phone service,Fiber optic,Yes,Yes,No,Yes,No,Yes,Month-to-month,Yes,Mailed check,해지,1018179987,이연우,고객이 요금 인상으로 해지를 고려 중에 상담사가 해지 전 여러 대안과 혜택을 제안했다.
7868-TMWMZ,60,110.0,6668.35,309,9,0,1.0,0,True,False,True,False,False,False,0.0,0.0,0.0503592313617255,No phone service,Fiber optic,Yes,Yes,Yes,Yes,Yes,Yes,Two year,Yes,Electronic check,품질,1029660705,박하린,"고객이 Fiber optic 회의 중 끊김 문제로 상담을 요청하고, 상담사가 문제 해결을 위한 점검과 조치를 안내함."
2143-LJULT,67,25.25,1733.15,0,0,0,0.0,1,True,False,True,False,False,False,0.0,0.0,0.0079999332847803,Yes,No,No internet service,No internet service,No internet service,No internet service,No internet service,No internet service,Two year,Yes,Credit card (automatic),해당 없음,1041745283,안하린,대화 내용이 없음을 전달하는 요약입니다.
0129-QMPDR,44,20.5,865.05,0,0,0,0.0,1,True,False,True,False,False,False,0.0,0.0,0.011448626985967,No phone service,No,No internet service,No internet service,No internet service,No internet service,No internet service,No internet service,One year,Yes,Electronic check,해당 없음,1031850350,권연우,대화 내용이 없음을 알리는 요약입니다.
0701-TJSEF,9,68.25,576.95,136,201,1,1.0,1,True,False,True,False,False,False,0.0,0.0,0.0220376574175495,No phone service,DSL,Yes,Yes,Yes,Yes,No,Yes,Month-to-month,Yes,Electronic check,요금,1050940421,박연우,고객이 이중 청구 문제를 제기하자 상담사는 불편을 사과하고 해결 방안을 제시했다.
6941-PMGEP,5,80.0,412.5,386,59,2,0.379,0,True,False,True,False,False,False,1.0,1.0,0.9352472037905012,No phone service,Fiber optic,No,Yes,No,No,No,Yes,Month-to-month,Yes,Electronic check,품질,1023450572,윤서현,"고객이 광케이블 회의 중 끊김 문제로 상담 요청했고, 상담사가 문제 해결을 위해 단계별 점검과 조치를 안내했다."
0685-MLYYM,2,70.75,154.85,286,18,1,0.236,0,True,False,True,False,False,False,1.0,1.0,0.9251285132763152,No phone service,Fiber optic,No,Yes,No,No,No,No,Month-to-month,Yes,Electronic check,품질,1085683742,한서준,"고객이 Fiber optic 회의 중 끊김 문제를 상담하였고, 상담사는 해결을 위한 조치를 안내하고 접수번호를 제공했다."
4781-ZXYGU,1,20.15,20.15,802,151,2,0.62,0,True,False,True,False,False,False,0.0,0.0,0.0177648207380881,No phone service,No,No internet service,No internet service,No internet service,No internet service,No internet service,No internet service,Month-to-month,Yes,Electronic check,품질,1046321518,한서준,고객이 저녁 속도 저하 문제로 상담사에게 방문 점검을 요청했다.
5469-CTCWN,61,106.0,6547.7,380,60,2,0.5,0,True,False,True,False,False,False,1.0,1.0,0.9338378491470092,Yes,Fiber optic,Yes,Yes,No,No,Yes,Yes,One year,Yes,Electronic check,해지,1038427967,최지민,고객이 비싼 요금에 불만을 표하며 서비스 해지를 요청했다.
4277-BWBML,72,19.95,1322.85,0,0,0,0.0,1,True,False,True,False,False,False,0.0,0.0,0.0031477427146257,No phone service,No,No internet service,No internet service,No internet service,No internet service,No internet service,No internet service,Two year,Yes,Electronic check,해당 없음,1098865409,최시우,대화 내용이 없음을 단순히 전달함.
6789-HJBWG,12,49.4,611.65,392,32,0,0.172,0,True,False,True,False,False,False,0.0,1.0,0.8609644207629312,No phone service,DSL,No,Yes,No,No,No,No,Month-to-month,Yes,Electronic check,해지,1066220062,임하린,"고객이 서비스 품질 문제로 해지를 고려하며 상담과 대안을 요청하자, 상담사는 문제 해결을 약속하고 해지 절차 및 위약금 안내를 제공했다."
7025-IWFHT,41,89.55,3729.75,858,69,2,0.37,0,True,False,True,False,False,False,0.0,0.0,0.0103496828604218,No phone service,Fiber optic,No,Yes,No,Yes,Yes,No,One year,Yes,Electronic check,품질,1014710084,김지민,고객이 저녁 시간대 인터넷 속도 저하 문제를 제기하자 상담사가 채널 변경과 모뎀 재설정 후 방문 점검 예약을 도와주기로 했다.
5546-BYZSM,41,20.45,775.6,249,86,2,0.3,0,True,False,True,False,False,False,0.0,0.0,0.0028091839108579,No phone service,No,No internet service,No internet service,No internet service,No internet service,No internet service,No internet service,Month-to-month,Yes,Electronic check,품질,1089476660,김하준,"고객이 저녁에 인터넷 속도 저하를 호소하자 상담사가 문제 해결을 위한 조치를 안내하고, 고객이 기사 방문 예약을 요청했다."
9282-IZGQK,1,85.0,85.0,340,26,3,0.433,1,True,False,True,False,False,False,1.0,1.0,0.9633814409530256,Yes,Fiber optic,No,Yes,No,No,No,Yes,Month-to-month,Yes,Electronic check,요금,1044985934,정민준,고객이 모바일세이브 5G 청구금액에 대해 문의하자 상담사가 원인을 조사하고 일부 부가서비스를 해지하며 조정 가능성을 확인하겠다고 안내했다.
8840-DQLGN,35,100.5,3653.35,330,80,2,1.0,0,True,False,True,False,False,False,1.0,1.0,0.8781497352590648,Yes,Fiber optic,Yes,Yes,No,Yes,Yes,No,Month-to-month,Yes,Electronic check,해지,1008906268,최지유,"고객이 요금이 비싸다고 불만을 제기하자 상담사는 할인 설명을 하였고, 고객은 해지를 요청했다."
1133-KXCGE,18,20.1,407.05,0,0,0,0.0,1,True,False,True,False,False,False,0.0,0.0,0.0117138607331028,No phone service,No,No internet service,No internet service,No internet service,No internet service,No internet service,No internet service,One year,Yes,Mailed check,해당 없음,1023872535,이도윤,"""해당 없음""이라는 대화 내용은 특정한 주제나 정보가 없음을 나타내고 있습니다."
0354-WYROK,31,98.9,2911.3,400,120,4,1.0,0,True,False,True,False,False,False,1.0,1.0,0.9157628017377106,No phone service,Fiber optic,No,Yes,Yes,Yes,Yes,Yes,Month-to-month,Yes,Electronic check,해지,1009732904,안예준,고객이 인터넷 서비스 미제공에 화가 나며 즉시 요금 취소를 요청하고 있다.
7663-YJHSN,72,103.95,7556.9,754,102,2,0.25,0,True,False,True,False,False,False,0.0,0.0,0.000944092222996,Yes,Fiber optic,Yes,Yes,Yes,Yes,Yes,No,Two year,Yes,Electronic check,품질,1042069554,황하은,"고객이 저녁 시간대 인터넷 속도 저하 문제를 상담사에게 이야기하고, 기사 방문 점검 예약을 요청했다."
8165-CBKXO,66,56.75,3708.4,628,21,4,0.45,0,True,False,True,False,False,False,0.0,0.0,0.0027062613467047,No phone service,DSL,No,Yes,Yes,No,Yes,Yes,Two year,Yes,Credit card (automatic),품질,1078616500,신연우,고객이 저녁마다 인터넷 속도 저하로 어려움을 겪자 상담사가 채널 변경과 모뎀 재설정을 제안하고 기사 방문 예약을 받았다.
2862-JVEOY,6,19.15,124.4,296,27,0,0.33,0,True,False,True,False,False,False,0.0,0.0,0.046933149560341,No phone service,No,No internet service,No internet service,No internet service,No internet service,No internet service,No internet service,One year,Yes,Mailed check,품질,1081525997,최서연,"고객이 인터넷 회의 중 끊김 문제로 상담사에게 도움을 요청하였고, 상담사는 문제를 확인한 후 기사 방문 예약과 요금제 적합성 검토를 안내했다."
8984-HPEMB,71,118.65,8477.6,0,0,0,1.0,1,True,False,True,False,False,False,0.0,0.0,0.0981536237321807,Yes,Fiber optic,Yes,Yes,Yes,Yes,Yes,Yes,Two year,Yes,Electronic check,해당 없음,1091662663,오예준,"""해당 없음""이라는 표현은 특정한 내용이나 정보를 지칭하지 않음을 나타낸다."
5158-RIVOP,11,20.9,202.3,396,6,0,0.396,0,True,False,True,False,False,False,0.0,0.0,0.021774589996096,No phone service,No,No internet service,No internet service,No internet service,No internet service,No internet service,No internet service,Two year,Yes,Credit card (automatic),해지,1072545274,황주원,고객이 품질 문제로 해지를 고려하자 상담사가 혜택과 대안 제안을 하며 문제 해결을 돕기로 했다.
2235-EZAIK,72,79.2,5401.9,826,121,1,1.0,1,True,False,True,False,False,False,0.0,0.0,0.0122862348676656,Yes,DSL,Yes,Yes,Yes,Yes,Yes,No,Two year,Yes,Credit card (automatic),해지,1033149836,임하은,고객이 번호 이동 문의를 하자 상담사가 네트워크 상태를 점검하며 혜택과 요금제 변경을 제안하고 문자로 안내하겠다고 답했다.
1843-TLSGD,13,20.85,272.35,220,87,6,0.5,0,True,False,True,False,False,False,0.0,0.0,0.0374591804186962,No phone service,No,No internet service,No internet service,No internet service,No internet service,No internet service,No internet service,Two year,Yes,Mailed check,품질,1004150986,황시우,"고객은 데이터 속도 문제를 상담사에게 문의하고, 상담사는 네트워크 초기화를 권유하며 문제 해결을 위해 조치를 제안합니다."
6233-HXJMX,45,89.3,4192.15,624,153,3,0.79,1,True,False,True,False,False,False,0.0,0.0,0.0166349063918115,Yes,Fiber optic,No,Yes,Yes,No,No,Yes,Month-to-month,Yes,Credit card (automatic),장애,1012772985,임하준,고객이 인터넷 연결 문제를 문의하자 상담사가 지역 장애로 인한 복구 작업 중이라고 안내하며 예상 복구 시간을 문자로 전달하겠다고 답했다.
1839-FBNFR,39,19.85,854.8,336,16,1,0.387,1,True,False,True,False,False,False,0.0,0.0,0.0237687116533172,No phone service,No,No internet service,No internet service,No internet service,No internet service,No internet service,No internet service,Two year,Yes,Electronic check,장애,1009498557,안하윤,"고객이 인터넷 장애로 상담에 문의하며, 상담사는 문제 확인 후 복구 예상 시간과 보상 절차를 안내했다."
9803-FTJCG,71,66.85,4748.7,290,34,3,0.235,0,True,False,True,False,False,False,0.0,0.0,0.0486156401772239,Yes,DSL,Yes,Yes,No,Yes,No,No,One year,Yes,Credit card (automatic),해지,1010004780,안주원,"고객이 서비스 품질 문제로 해지를 고려하며 약정 및 위약금을 문의하자, 상담사가 해결 방안을 제안하고 진행 상황을 문자로 안내하기로 했다."
2982-VPSGI,11,94.0,1078.9,811,196,4,0.79,1,True,False,True,False,False,False,1.0,1.0,0.9924315931146476,Yes,Fiber optic,No,Yes,No,No,Yes,Yes,Month-to-month,Yes,Electronic check,요금,1083955652,최서현,고객이 요금 인상에 대해 문의하자 상담사가 부가서비스 자동 갱신을 확인하고 환불 가능성을 안내하며 고객은 다음 달 요금 안정화를 요청했다.
4813-HQMGZ,8,90.25,743.75,370,90,3,1.0,0,True,False,True,False,False,False,0.0,1.0,0.974204881096056,Yes,Fiber optic,No,Yes,No,Yes,No,Yes,Month-to-month,Yes,Electronic check,해지,1086747951,조서연,고객이 8개월간 인터넷이 자주 끊겨 불만을 제기하며 해지를 원한다.
4194-WHFCB,59,96.65,5580.8,471,47,2,0.94,0,True,False,True,False,False,False,0.0,0.0,0.3970787451670193,Yes,Fiber optic,No,Yes,No,Yes,No,Yes,Month-to-month,Yes,Electronic check,품질,1034520099,임주원,"고객이 끊김 문제로 상담을 요청하였고, 상담사는 원인 분석 및 해결책을 제시하며 진행 사항을 문자로 안내하기로 했다."
9167-APMXZ,22,84.15,1821.95,251,31,1,0.681,0,True,False,True,False,False,False,0.0,0.0,0.4879881888015105,Yes,Fiber optic,No,Yes,No,No,Yes,No,Month-to-month,Yes,Electronic check,품질,1047143828,오도윤,"고객이 광모뎀 사용 중 회의 중 끊김 문제로 상담을 요청하자, 상담사가 문제를 확인하고 기사 방문 예약 및 요금제 적합성 재검토를 약속했다."
6338-AVWCY,3,40.15,130.75,466,11,2,0.497,0,True,False,True,False,False,False,1.0,1.0,0.7267349916544017,No phone service,DSL,No,Yes,Yes,No,Yes,No,Month-to-month,Yes,Mailed check,장애,1086232835,오서현,고객이 인터넷 장애로 문의하자 상담사가 지역 장애를 확인하고 LTE 백업 연결을 제공하며 요금제 적합성 검토 및 진행 사항을 문자로 안내하기로 했다.
7077-XJMET,12,74.15,741.4,180,30,1,0.5,1,True,False,True,False,False,False,0.0,0.0,0.0514872623519902,No phone service,DSL,No,Yes,Yes,Yes,Yes,Yes,Month-to-month,Yes,Electronic check,품질,1082560906,최예준,"고객이 인터넷 속도 문제를 상담사에게 문의하자, 상담사가 점검 후 속도가 개선되었다고 감사 인사를 전함."
3549-ZTMNH,12,24.0,269.65,60,14,0,0.43,0,True,False,True,False,False,False,0.0,0.0,0.0563781582685129,Yes,No,No internet service,No internet service,No internet service,No internet service,No internet service,No internet service,Two year,Yes,Electronic check,요금,1025041859,최지우,"고객이 모바일세이브 5G의 이상 청구액에 대해 문의하자 상담사가 청구 내역 확인 및 부가서비스 해지, 요금제 적합성 재검토를 약속하며 진행 사항을 안내하겠다고 했다."
1624-WOIWJ,10,84.7,832.05,226,6,1,0.608,1,True,False,True,False,False,False,1.0,1.0,0.6129577026350381,No phone service,Fiber optic,Yes,Yes,No,No,Yes,No,Month-to-month,Yes,Mailed check,요금,1084988454,조도윤,"고객이 UHD 셋톱 사용 중인데 청구서가 예상보다 높아 상담을 요청했고, 상담사는 요금제 변경으로 월 12% 절감이 가능함을 안내하며 진행 사항을 문자로 알리기로 했다."
2055-SIFSS,55,51.65,2838.55,432,14,2,0.687,1,True,False,True,False,False,False,0.0,0.0,0.0755414225574974,Yes,DSL,No,Yes,No,No,No,No,Month-to-month,Yes,Electronic check,장애,1046392859,권지민,고객이 인터넷 장애로 도움을 요청하자 상담사가 장애 여부 점검과 복구 예상 시간을 안내하며 요금제 적합성을 재검토하기로 했다.
5150-LJNSR,31,98.05,3082.1,195,15,1,0.694,1,True,False,True,False,False,False,0.0,0.0,0.3407767150255192,Yes,Fiber optic,Yes,Yes,Yes,No,Yes,No,One year,Yes,Electronic check,요금,1042487343,황지우,"고객이 청구금액이 평소보다 많이 나오자 상담사가 요금제 적합성 검토 후 더 적합한 요금제로 변경 시 절감 가능성을 안내하고, 진행 상황을 문자로 알리겠다고 말함."
9367-TCUYN,12,20.1,223.6,1102,91,4,0.42,1,True,False,True,False,False,False,0.0,0.0,0.0422698736196664,No phone service,No,No internet service,No internet service,No internet service,No internet service,No internet service,No internet service,Month-to-month,Yes,Mailed check,요금,1089227454,이하린,고객이 요금 인상에 대해 불만을 제기하자 상담사가 요금제 변경을 확인하고 해제 및 환불 가능성을 검토하기로 했다.
0114-PEGZZ,33,107.55,3645.5,718,158,4,0.46,0,True,False,True,False,False,False,0.0,0.0,0.0120428036035731,Yes,Fiber optic,No,Yes,Yes,No,Yes,Yes,Month-to-month,Yes,Electronic check,품질,1012087334,이서현,고객이 저녁 시간대 인터넷 속도 저하 문제를 신고하자 상담사가 채널 변경 및 모뎀 재설정 후 기사 방문 점검을 예약해 주기로 했다.
0732-OCQOC,52,25.05,1270.25,331,20,0,0.394,1,True,False,True,False,False,False,0.0,0.0,0.0143380719127981,Yes,No,No internet service,No internet service,No internet service,No internet service,No internet service,No internet service,Two year,Yes,Electronic check,요금,1003521865,김연우,"고객이 청구 요금 증가에 대한 상담을 요청하였고, 상담사가 문제를 확인하고 조정 가능한 사항을 안내하였다."
1410-RSCMR,7,71.35,515.75,147,29,0,0.555,1,True,False,True,False,False,False,0.0,0.0,0.0553551420037977,No phone service,DSL,Yes,Yes,Yes,Yes,No,Yes,Month-to-month,Yes,Credit card (automatic),요금,1058410501,권지우,"고객이 청구금액 상승에 대해 문의하자, 상담사가 문제를 확인하고 부가서비스 해지 및 요금 조정을 제안했다."
1194-BHJYC,61,62.15,3778.85,711,84,5,1.0,1,True,False,True,False,False,False,0.0,0.0,0.0177433099581432,No phone service,DSL,Yes,Yes,Yes,Yes,Yes,Yes,Two year,Yes,Mailed check,해지,1021930136,서하준,고객이 약정 만료로 해지하려고 하자 상담사는 요금제 변경이나 할인 적용을 제안하며 해결 방안을 모색한다.
9796-MVYXX,14,39.7,692.35,170,30,1,0.5,1,True,False,True,False,False,False,0.0,0.0,0.0163997585120131,No phone service,DSL,Yes,Yes,Yes,Yes,No,No,Two year,Yes,Mailed check,품질,1054019130,김지우,시니어 고객이 인터넷 속도 문제로 상담받아 신호 점검 후 일부 개선된 상황에 대해 감사 인사를 전했다.
7537-CBQUZ,63,109.4,7031.45,512,28,1,0.921,0,True,False,True,False,False,False,0.0,0.0,0.4398547508159006,Yes,Fiber optic,Yes,Yes,Yes,No,Yes,Yes,Month-to-month,Yes,Electronic check,장애,1087491607,황하린,"고객이 인터넷 장애로 상담 요청을 하였고, 상담사는 지역 장애 확인 후 LTE 백업 연결을 제공하며 요금제 재검토를 약속했다."
9103-CXVOK,1,19.75,19.75,152,9,1,0.358,0,True,False,True,False,False,False,0.0,0.0,0.2582180169325157,No phone service,No,No internet service,No internet service,No internet service,No internet service,No internet service,No internet service,Month-to-month,Yes,Electronic check,요금,1093872708,서서현,"고객이 UHD 셋톱의 청구 금액이 평소보다 많아 문의하자, 상담사가 청구 내역과 부가서비스를 확인하고 조정 가능성을 안내했다."
2305-MRGLV,28,76.55,2065.4,928,61,2,0.24,0,True,False,True,False,False,False,0.0,0.0,0.00554634088675,No phone service,Fiber optic,No,Yes,No,Yes,No,No,Month-to-month,Yes,Electronic check,품질,1001409198,한연우,"고객은 저녁에 인터넷 속도가 느려지는 문제를 상담사에게 보고하고, 상담사는 채널 변경 및 모뎀 재설정을 제안한 후 기사 방문 점검 예약을 도와주기로 했다."
4929-ROART,18,56.25,969.85,312,20,3,0.36,0,True,False,True,False,False,False,0.0,0.0,0.0038228396380881,Yes,DSL,Yes,Yes,No,No,No,No,Month-to-month,Yes,Mailed check,품질,1048994908,이서준,"고객이 저녁마다 인터넷 속도 저하 문제를 상담사에게 문의하자, 상담사는 채널 변경과 모뎀 재설정 외에 기사 방문 점검 예약을 제안하며 고객이 이를 요청했다."
1897-RCFUM,39,24.2,914.6,351,20,2,0.45,1,True,False,True,False,False,False,0.0,0.0,0.0024505330517445,Yes,No,No internet service,No internet service,No internet service,No internet service,No internet service,No internet service,One year,Yes,Mailed check,장애,1074772606,오하준,고객이 인터넷 장애를 문의하자 상담사가 지역 장애로 인한 복구 작업과 안내를 약속했다.
6754-LZUKA,61,80.9,4932.5,506,14,0,0.472,0,True,False,True,False,False,False,0.0,0.0,0.0969607862805159,Yes,DSL,No,Yes,Yes,No,Yes,Yes,Two year,Yes,Electronic check,장애,1051973611,한서현,"고객이 인터넷 장애로 상담 요청을 하였고, 상담사는 장애 상태 점검과 예상 복구 시간 안내, 보상 및 요금제 적합성 검토를 약속했다."
5916-QEWPT,2,69.0,147.8,276,15,2,0.453,0,True,False,True,False,False,False,0.0,1.0,0.7978354989735822,No phone service,DSL,No,Yes,Yes,No,Yes,Yes,Month-to-month,Yes,Credit card (automatic),요금,1097037950,오하린,고객이 안심요금 청구액 증가에 대해 문의하자 상담사는 요금제 적합성 검토 후 더 나은 요금제로 변경할 경우 절감 가능성을 안내하고 진행 사항을 문자로 알리겠다고 응답했다.
6726-WEXXK,27,85.9,2220.1,224,38,1,0.4,1,True,False,True,False,False,False,0.0,1.0,0.5865102833106692,Yes,Fiber optic,Yes,Yes,Yes,No,No,No,One year,Yes,Electronic check,요금,1066288694,김연우,고객이 기가라이트 500M 요금이 평소보다 많이 나왔다고 문의하자 상담사가 청구 내역을 확인하고 부가서비스 해지 및 요금 조정 가능성을 안내했다.
7802-EFKNY,5,24.95,100.4,360,90,3,0.5,0,True,False,True,False,False,False,1.0,1.0,0.916695825449614,No phone service,DSL,No,Yes,No,No,No,No,Month-to-month,Yes,Electronic check,해지,1076843068,권지호,고객이 인터넷 속도 문제로 불만을 표하며 DSL 서비스 해지를 원함.
6198-ZFIOJ,5,75.6,402.5,265,22,1,0.546,1,True,False,True,False,False,False,0.0,1.0,0.7734934523956922,Yes,Fiber optic,No,Yes,No,No,No,No,Month-to-month,Yes,Electronic check,요금,1033872888,황예준,"고객이 와이파이플러스 요금 불만을 제기하자 상담사가 요금제 조정을 통해 절감 가능성을 안내하고, 진행 상황을 문자로 알려주기로 했다."
2397-BRLOM,8,80.45,583.45,360,90,3,1.0,0,True,False,True,False,False,False,1.0,1.0,0.9446770056227992,No phone service,Fiber optic,No,Yes,No,No,Yes,No,Month-to-month,Yes,Credit card (automatic),해지,1060475424,한하준,고객이 인터넷 접속 문제로 불만을 제기하며 해지를 요청하는 대화.
2691-NZETQ,9,85.35,758.6,380,110,3,1.0,0,True,False,True,False,False,False,1.0,1.0,0.9443262900119678,Yes,Fiber optic,No,Yes,No,No,Yes,No,Month-to-month,Yes,Electronic check,해지,1083177424,윤지민,고객이 파이버 서비스의 잦은 끊김으로 불만을 제기하며 해지를 요청했다.
2229-DPMBI,8,19.5,162.15,274,6,0,0.34,0,True,False,True,False,False,False,0.0,0.0,0.0294782498883111,No phone service,No,No internet service,No internet service,No internet service,No internet service,No internet service,No internet service,Two year,Yes,Mailed check,품질,1003915737,안지우,"고객이 회의 중 끊김 문제로 상담 요청을 하였고, 상담사는 장비와 연결 상태를 점검하며 해결 방안을 제시하고 진행 사항을 문자로 안내하기로 하였다."
1776-SPBWV,34,20.1,682.1,390,110,3,1.0,0,True,False,True,False,False,False,0.0,0.0,0.345518010072569,No phone service,No,No internet service,No internet service,No internet service,No internet service,No internet service,No internet service,One year,Yes,Electronic check,해지,1043781090,이주원,고객이 인터넷 설치 문제로 화가 나 상담사에게 즉시 서비스 해지를 요청했다.
6067-NGCEU,65,111.05,7107.0,321,52,0,0.826,0,True,False,True,False,False,False,0.0,1.0,0.5576133223570774,Yes,Fiber optic,Yes,Yes,Yes,No,Yes,Yes,Month-to-month,Yes,Credit card (automatic),해지,1023824239,장하린,고객이 요금 인상으로 해지를 고려하자 상담사가 해지 전 혜택과 요금 조정 옵션을 안내하며 도움을 제공하기로 했다.
9931-DCEZH,28,54.4,1516.6,513,216,5,1.0,0,True,False,True,False,False,False,0.0,0.0,0.1274403024959995,No phone service,DSL,No,Yes,No,Yes,No,No,One year,Yes,Credit card (automatic),품질,1021674717,신지호,"고객이 영상 버퍼링 문제를 상담사에게 문의하자, 상담사는 속도 저하 원인과 해결 방안을 안내하고 필요한 경우 기술 지원팀으로 연결하겠다고 응답하였다."
8950-MTZNV,1,44.95,44.95,573,6,3,1.0,0,True,False,True,False,False,False,0.0,1.0,0.6171595112525361,No phone service,DSL,No,Yes,No,No,No,No,Month-to-month,Yes,Mailed check,품질,1072256731,장지유,"고객이 카페에서 통화 끊김 문제를 상담사에게 문의하자, 상담사는 네트워크 점검과 품질 최적화를 안내하고 문자로 결과를 전달하겠다고 약속했다."
6349-JDHQP,53,19.85,1049.6,262,10,0,0.484,1,True,False,True,False,False,False,0.0,0.0,0.0096414673756063,No phone service,No,No internet service,No internet service,No internet service,No internet service,No internet service,No internet service,Two year,Yes,Credit card (automatic),품질,1076266748,박연우,"고객이 인터넷 끊김 문제를 상담사에게 문의하고, 상담사는 문제 해결을 위한 조치를 안내했다."
8464-EETCQ,57,18.8,1094.35,295,5,1,0.429,1,True,False,True,False,False,False,0.0,0.0,0.0201961154770385,No phone service,No,No internet service,No internet service,No internet service,No internet service,No internet service,No internet service,Two year,Yes,Credit card (automatic),요금,1014519931,오도윤,"고객이 기업용 프리미엄 요금 청구액이 평소보다 많아 문의했고, 상담사는 부가서비스 해지와 요금제 적합성을 재검토하겠다고 안내했다."
3097-FQTVJ,41,20.0,810.3,1014,84,3,0.5,1,True,False,True,False,False,False,0.0,0.0,0.0080870249865615,No phone service,No,No internet service,No internet service,No internet service,No internet service,No internet service,No internet service,Two year,Yes,Mailed check,장애,1057617574,안지우,"고객이 인터넷 문제로 상담사에게 도움을 요청하고, 상담사가 방문 기사 예약을 도와주기로 한 내용."
6131-FOYAS,35,59.6,2094.9,140,25,1,0.5,1,True,False,True,False,False,False,0.0,0.0,0.0263041363366878,Yes,DSL,Yes,Yes,Yes,No,No,No,Month-to-month,Yes,Electronic check,품질,1058673107,신서연,"고객이 인터넷 속도 문제를 상담사에게 알리자, 상담사가 신호를 재설정해주었다."
3936-QQFLL,2,19.75,39.3,732,217,3,0.63,0,True,False,True,False,False,False,0.0,0.0,0.0146717389846251,No phone service,No,No internet service,No internet service,No internet service,No internet service,No internet service,No internet service,Month-to-month,Yes,Mailed check,품질,1030385893,한예준,"고객이 저녁 시간대 인터넷 속도 저하를 호소하자 상담사가 채널 변경과 모뎀 재설정을 제안하고, 필요 시 기사 방문 점검을 예약하기로 함."
1051-EQPZR,44,19.6,780.25,0,0,0,0.0,1,True,False,True,False,False,False,0.0,0.0,0.0169378426140641,No phone service,No,No internet service,No internet service,No internet service,No internet service,No internet service,No internet service,Month-to-month,Yes,Mailed check,해당 없음,1013670288,임주원,대화 내용이 없음을 알림.
3780-DDGSE,35,76.05,2747.2,277,16,5,0.638,1,True,False,True,False,False,False,0.0,0.0,0.3603152674921946,No phone service,DSL,No,Yes,No,Yes,Yes,Yes,Month-to-month,Yes,Electronic check,요금,1080074027,한연우,"고객이 모바일세이브 5G 요금 청구액 증가에 대해 문의하였고, 상담사는 요금제 변경을 통해 절감 가능성을 안내하며 진행 사항을 문자로 알리겠다고 했습니다."
8084-OIVBS,11,20.0,211.95,368,24,5,1.0,1,True,False,True,False,False,False,0.0,0.0,0.0099253312357341,No phone service,No,No internet service,No internet service,No internet service,No internet service,No internet service,No internet service,One year,Yes,Mailed check,해지,1030535505,박지민,고객이 약정 만료로 해지하려고 하자 상담사가 불편 사항을 개선하기 위해 요금제 변경이나 할인 적용을 제안했다.
6861-OKBCE,11,20.1,221.35,903,170,2,0.87,0,True,False,True,False,False,False,1.0,1.0,0.6559024315789973,No phone service,No,No internet service,No internet service,No internet service,No internet service,No internet service,No internet service,Month-to-month,Yes,Credit card (automatic),해지,1054771156,안하린,고객이 서비스 해지를 원하지만 상담사가 개선 방안을 제시하자 고객은 제안서를 받고 결정하겠다고 함.
6124-ACRHJ,1,19.75,19.75,871,168,4,0.99,1,True,False,True,False,False,False,0.0,0.0,0.0980549588408241,No phone service,No,No internet service,No internet service,No internet service,No internet service,No internet service,No internet service,Month-to-month,Yes,Mailed check,요금,1018541987,이주원,고객이 요금 인상을 문의하자 상담사는 요금제 변경을 확인하고 즉시 해제 및 환불 여부를 확인하겠다고 답변함.
8957-THMOA,50,20.15,970.85,0,0,0,0.0,1,True,False,True,False,False,False,0.0,0.0,0.0093713726543374,No phone service,No,No internet service,No internet service,No internet service,No internet service,No internet service,No internet service,Two year,Yes,Credit card (automatic),해당 없음,1046182929,오지호,대화 내용이 없음을 나타냅니다.
0406-BPDVR,54,101.5,5373.1,189,66,6,0.0,0,True,False,True,False,False,False,1.0,0.0,0.4288200216527214,Yes,Fiber optic,No,Yes,No,No,Yes,Yes,One year,Yes,Credit card (automatic),요금,1005393776,이서연,고객이 이중 청구를 의심하자 상담사가 문제를 확인하고 소액결제 차단 설정을 제안하며 추가 조회가 필요하다고 안내했다.
7929-SKFGK,70,114.3,8244.3,1116,53,0,0.25,1,True,False,True,False,False,False,0.0,0.0,0.0028062424084482,Yes,Fiber optic,Yes,Yes,Yes,Yes,Yes,Yes,Two year,Yes,Credit card (automatic),장애,1020929217,오지호,"고객은 인터넷 연결 문제에 대해 문의했으며, 상담사는 지역 장애로 인한 복구 작업 중임을 안내하고 ETA와 임시 조치를 문자로 전달하겠다고 했습니다."
5192-EBGOV,1,85.7,85.7,388,26,4,0.524,0,True,False,True,False,False,False,1.0,1.0,0.95605704832954,Yes,Fiber optic,No,Yes,No,No,Yes,No,Month-to-month,Yes,Electronic check,품질,1037993718,임지유,"고객이 Fiber optic 회의 중 끊김 문제로 상담을 요청하였고, 상담사가 문제 해결을 위한 점검과 조치를 안내하며 접수번호를 제공했다."
5922-ABDVO,19,89.65,1761.05,0,0,0,0.5,1,True,False,True,False,False,False,1.0,0.0,0.216185263567037,Yes,Fiber optic,No,Yes,Yes,No,No,Yes,Month-to-month,Yes,Mailed check,해당 없음,1004806337,한도윤,대화 내용이 없음을 요약한 것입니다.
9492-TOKRI,18,90.0,1527.35,100,15,1,1.0,1,True,False,True,False,False,False,1.0,0.0,0.1035851458314347,Yes,Fiber optic,No,Yes,No,No,Yes,No,Month-to-month,Yes,Credit card (automatic),요금,1039137497,윤서현,고객이 보낸 74.4달러 요금이 확인되었다는 상담사의 답변에 고객이 감사를 전했다.
7284-ZZLOH,45,53.3,2296.25,785,88,7,1.0,0,True,False,True,False,False,False,0.0,0.0,0.0473323673238682,No phone service,DSL,Yes,Yes,Yes,No,No,No,Two year,Yes,Credit card (automatic),품질,1010391255,한지호,"고객이 영상 버퍼링 문제에 대해 상담사에게 문의했고, 상담사는 문제 확인 후 초기화 방법을 제안하며 추가 지원을 약속했다."
5949-HGVJL,26,73.05,1959.5,217,5,1,0.623,0,True,False,True,False,False,False,0.0,0.0,0.2646463778070861,No phone service,DSL,No,Yes,No,Yes,Yes,Yes,Month-to-month,Yes,Electronic check,해지,1061223944,김민준,"고객이 품질 문제로 해지를 고려하며 상담사와 약정 및 위약금, 혜택 조정에 대해 논의했다."
2233-TXSIU,17,44.45,792.15,353,48,0,0.54,0,True,False,True,False,False,False,0.0,0.0,0.0941886540353234,No phone service,DSL,Yes,Yes,Yes,No,Yes,No,One year,Yes,Credit card (automatic),품질,1059721928,정하은,"고객이 DSL 회의 중 끊김 문제를 상담하며, 상담사가 제안한 해결책과 진행 상황을 문자로 안내받기로 함."
5649-ANRML,2,95.1,180.25,986,132,6,0.0,0,True,False,True,False,False,False,1.0,1.0,0.9034802784803307,No phone service,Fiber optic,No,Yes,Yes,Yes,No,Yes,Month-to-month,Yes,Credit card (automatic),요금,1036397165,권하린,"고객이 요금 인상에 대한 문제를 상담사에게 문의하였고, 상담사는 원인 파악과 해결 방안을 제시했다."
3649-JPUGY,72,88.6,6201.95,394,29,0,0.677,0,True,False,True,False,False,False,0.0,0.0,0.0092950009024373,Yes,DSL,No,Yes,Yes,Yes,Yes,Yes,Two year,Yes,Electronic check,품질,1012250129,김서현,"고객이 DSL 회의 중 끊김 문제를 상담사에게 문의했으며, 상담사는 문제 해결을 위한 점검과 조치를 안내하고 진행 사항을 문자로 전달하기로 했다."
7968-QUXNS,6,18.95,110.15,1122,208,3,0.5,0,True,False,True,False,False,False,0.0,0.0,0.3018267589317804,No phone service,No,No internet service,No internet service,No internet service,No internet service,No internet service,No internet service,Month-to-month,Yes,Mailed check,장애,1018230699,김민준,고객이 인터넷 오류를 신고하고 상담사가 문제를 확인한 후 방문 기사 예약을 제안한 대화.
2014-MKGMH,46,101.1,4674.4,0,0,0,1.0,1,True,False,True,False,False,False,0.0,0.0,0.356276483524377,Yes,Fiber optic,No,Yes,Yes,No,Yes,Yes,One year,Yes,Electronic check,해당 없음,1083459807,정서현,"""해당 없음""이라는 대화의 내용을 요약할 수 있는 정보가 없습니다."
7242-EDTYC,44,19.55,819.95,192,10,1,0.405,0,True,False,True,False,False,False,0.0,0.0,0.0245607618876685,No phone service,No,No internet service,No internet service,No internet service,No internet service,No internet service,No internet service,Two year,Yes,Electronic check,장애,1018300713,한하은,고객이 인터넷 장애로 상담에 연락하자 상담사가 문제를 확인하고 복구 예상 시간 및 보상 정보를 안내했습니다.
1336-EZFZY,4,20.05,83.3,1105,231,2,0.5,1,True,False,True,False,False,False,0.0,0.0,0.0209948177377305,No phone service,No,No internet service,No internet service,No internet service,No internet service,No internet service,No internet service,Month-to-month,Yes,Mailed check,해지,1096734209,조하윤,고객이 서비스 해지를 고려하고 상담사가 문제 해결을 위한 대안을 제안하는 대화.
7343-EOBEU,3,23.6,89.05,394,5,1,0.692,0,True,False,True,False,False,False,0.0,0.0,0.1287204266537174,Yes,No,No internet service,No internet service,No internet service,No internet service,No internet service,No internet service,Month-to-month,Yes,Mailed check,품질,1034289167,조지우,"고객이 회의 중 끊김 문제로 상담을 요청하였고, 상담사가 모뎀 신호 약화 확인 후 기사 방문을 예약하고 요금제를 재검토하기로 하였다."
7691-XVTZH,68,89.95,5974.3,753,25,0,0.37,1,True,False,True,False,False,False,0.0,0.0,0.0022799901988676,Yes,Fiber optic,No,Yes,Yes,No,Yes,No,Two year,Yes,Electronic check,장애,1076004401,권지우,"고객은 인터넷 연결 문제로 문의했고, 상담사는 지역 장애로 인해 복구 작업 중이며 ETA를 문자로 안내하겠다고 답했습니다."
5178-LMXOP,1,95.1,95.1,967,172,7,0.5,0,True,False,True,False,False,False,1.0,1.0,0.96688707214505,Yes,Fiber optic,No,Yes,No,No,Yes,Yes,Month-to-month,Yes,Electronic check,품질,1014492388,권연우,"고객이 집에서 통화가 끊기는 문제를 상담사에게 문의하고, 상담사는 네트워크 초기화를 제안하며 필요한 경우 기술 지원팀에 연결하겠다고 말함."
9867-NNXLC,22,20.05,470.2,277,37,0,0.537,0,True,False,True,False,False,False,0.0,0.0,0.1130919260110228,No phone service,No,No internet service,No internet service,No internet service,No internet service,No internet service,No internet service,Month-to-month,Yes,Mailed check,요금,1026147197,조서연,"고객이 기가라이트 500M 요금 청구가 평소보다 많아 상담을 요청하자, 상담사가 요금 및 부가서비스를 확인하고 조정 가능성을 안내하며 진행 사항을 문자로 알려주기로 했다."
3457-PQBYH,58,20.3,1160.75,330,100,6,0.5,0,True,False,True,False,False,False,0.0,0.0,0.0513155033547942,No phone service,No,No internet service,No internet service,No internet service,No internet service,No internet service,No internet service,Two year,Yes,Credit card (automatic),품질,1086906980,신지유,고객이 영상 버퍼링 문제를 문의하자 상담사가 기지국 점검과 재부팅 방법을 안내하며 해결책을 제시했다.
2868-SNELZ,2,80.6,155.8,319,16,3,0.555,1,True,False,True,False,False,False,1.0,1.0,0.7469778217140948,Yes,Fiber optic,No,Yes,Yes,No,No,No,Month-to-month,Yes,Mailed check,요금,1076571229,서서현,고객이 청구금액 증가 문제로 상담을 요청하자 상담사는 부가서비스 해지와 요금제 적합성을 검토하며 진행 사항을 문자로 안내하기로 했다.
7129-CAKJW,17,80.05,1345.65,291,32,2,0.718,0,True,False,True,False,False,False,0.0,0.0,0.3636021250325433,Yes,Fiber optic,No,Yes,Yes,No,No,No,Month-to-month,Yes,Electronic check,요금,1052386953,정서준,"고객이 자동이체로 청구금액이 평소보다 높은 문제를 문의하였고, 상담사는 원인 파악과 조정을 약속하며 진행 상황을 문자로 안내하기로 했습니다."
9253-VIFJQ,65,67.05,4309.55,355,55,4,0.5,0,True,False,True,False,False,False,0.0,0.0,0.0576300091896833,Yes,DSL,Yes,Yes,Yes,No,No,No,One year,Yes,Credit card (automatic),품질,1040539768,임하준,"고객이 버퍼링 문제를 상담사에게 문의하자, 상담사가 네트워크 점검과 초기화를 권장하며 해결 방법을 안내했다."
3255-GRXMG,18,45.65,747.2,456,87,2,0.28,0,True,False,True,False,False,False,0.0,0.0,0.0046994228643324,No phone service,DSL,No,Yes,No,No,No,No,Month-to-month,Yes,Credit card (automatic),품질,1097175011,황예준,"고객이 저녁마다 인터넷 속도 저하를 호소하자 상담사가 채널 변경과 모뎀 재설정을 제안하고, 필요시 방문 점검 예약을 확정했다."
3638-WEABW,58,59.9,3505.1,430,35,0,0.536,0,True,False,True,False,False,False,0.0,0.0,0.0240051590171689,Yes,DSL,No,Yes,No,Yes,No,No,Two year,Yes,Credit card (automatic),품질,1088351987,황예준,"고객이 DSL 회의 중 끊김 문제로 상담 요청을 했고, 상담사는 장비 및 서비스 상태를 확인한 후 기사 방문 예약과 요금제 재검토를 안내했다."
1038-RQOST,19,20.6,414.95,745,220,3,0.5,0,True,False,True,False,False,False,0.0,0.0,0.2107945320529141,No phone service,No,No internet service,No internet service,No internet service,No internet service,No internet service,No internet service,Month-to-month,Yes,Mailed check,품질,1084265428,한서준,고객이 터미널에서 통화가 자주 끊긴다고 불만을 제기하자 상담사는 문제 해결을 위한 조치를 안내했다.
2724-FJDYW,39,54.85,2191.7,277,38,0,0.478,0,True,False,True,False,False,False,0.0,0.0,0.2728402063633639,No phone service,DSL,No,Yes,Yes,Yes,Yes,Yes,One year,Yes,Electronic check,품질,1049721832,황하윤,"고객이 DSL 회선의 끊김 문제를 상담사에게 문의했고, 상담사는 문제 해결을 위한 확인 절차와 요금제 적합성 재검토를 안내했다."
6968-GMKPR,55,81.55,4509.5,150,25,1,1.0,1,True,False,True,False,False,False,0.0,0.0,0.0308367391372766,No phone service,Fiber optic,No,Yes,Yes,No,No,No,Month-to-month,Yes,Electronic check,장애,1065000665,장하린,고객이 모뎀 무상 교체를 요청하자 상담사가 이를 수락했다.
5201-CBWYG,62,24.8,1476.25,374,187,5,1.0,0,True,False,True,False,False,False,0.0,0.0,0.0362072646950496,Yes,No,No internet service,No internet service,No internet service,No internet service,No internet service,No internet service,One year,Yes,Electronic check,장애,1064128364,서주원,고객이 인터넷 문제를 신고하자 상담사는 원인 분석 후 방문 기사 예약 및 청구 검토를 제안했다.
9546-CQJSU,2,91.4,193.6,270,60,2,0.0,0,True,False,True,False,False,False,1.0,1.0,0.9873993559612824,Yes,Fiber optic,No,Yes,Yes,No,Yes,No,Month-to-month,Yes,Electronic check,해지,1039017627,조지유,고객이 인터넷 끊김 문제로 불만을 표하며 해지를 요청한다.
8375-KVTHK,68,100.3,6754.35,781,33,4,0.6,0,True,False,True,False,False,False,0.0,0.0,0.0133884938296889,No phone service,Fiber optic,No,Yes,No,Yes,Yes,Yes,One year,Yes,Electronic check,품질,1010633937,정예준,"고객이 저녁 시간 속도 저하 문제를 상담하자, 상담사가 채널 변경과 모뎀 재설정을 제안하고, 필요 시 기사 방문 점검을 예약하기로 했다."
2868-LLSKM,68,83.65,5733.4,384,69,1,0.784,0,True,False,True,False,False,False,0.0,0.0,0.0558388096351347,Yes,Fiber optic,No,Yes,No,Yes,No,No,One year,Yes,Electronic check,품질,1059830394,오시우,"고객은 Fiber optic 회의 중 끊김 문제로 상담에 연락하였고, 상담사는 문제를 확인한 후 기사 방문을 예약하고 요금제를 재검토하기로 했다."
4231-LZUYM,72,25.65,1887.0,120,20,1,0.0,1,True,False,True,False,False,False,0.0,0.0,0.0039547642303901,Yes,No,No internet service,No internet service,No internet service,No internet service,No internet service,No internet service,Two year,Yes,Electronic check,요금,1087101798,권하윤,고객이 장기 요금 청구에 대해 문의하자 상담사가 약정 만료 후 요금 설명을 해주었다.
2325-WINES,32,104.05,3416.85,311,32,3,0.853,0,True,False,True,False,False,False,0.0,1.0,0.585320908431535,Yes,Fiber optic,No,Yes,Yes,No,Yes,Yes,One year,Yes,Credit card (automatic),요금,1085288866,조예준,고객이 와이파이플러스 요금 청구에 대한 문의를 하자 상담사가 문제를 확인하고 부가서비스 해지 및 요금 조정을 안내했다.
5863-OOKCL,10,18.85,163.2,493,91,5,0.0,0,True,False,True,False,False,False,0.0,0.0,0.1683901825758591,No phone service,No,No internet service,No internet service,No internet service,No internet service,No internet service,No internet service,Month-to-month,Yes,Mailed check,장애,1070348593,권하윤,"고객이 TV 끊김 문제를 상담사에게 문의하자, 상담사는 로그 확인 후 재부팅 및 방문 기사 예약을 제안했다."
3896-ZVNET,24,24.7,571.75,505,177,3,0.5,0,True,False,True,False,False,False,0.0,0.0,0.0455647705690736,Yes,No,No internet service,No internet service,No internet service,No internet service,No internet service,No internet service,Two year,Yes,Mailed check,품질,1037152170,신지민,"고객이 회사에서 통화가 자주 끊기는 문제를 상담사에게 보고하고, 상담사가 네트워크 점검과 해결 방안을 제시함."
4829-ZLJTK,72,112.4,8046.85,229,27,2,0.716,1,True,False,True,False,False,False,0.0,0.0,0.1141470912627336,Yes,Fiber optic,Yes,Yes,Yes,No,Yes,Yes,Two year,Yes,Electronic check,요금,1080552268,안지우,"고객이 와이파이플러스 요금 청구 증가에 대해 문의하자 상담사가 요금제 변경으로 절감 가능성을 안내하고, 진행 사항을 문자로 통보하겠다고 말했다."
2346-DJQTB,35,24.15,812.5,110,15,1,0.5,1,True,False,True,False,False,False,0.0,0.0,0.0271782711890663,No phone service,DSL,No,Yes,No,No,No,No,Month-to-month,Yes,Electronic check,요금,1089598211,조지호,"고객이 추가 요금 확인을 요청하였으며, 상담사는 추가 요금이 없다고 답변했다."
7562-GSUHK,16,93.2,1573.7,513,41,5,0.391,0,True,False,True,False,False,False,1.0,1.0,0.8518567869414274,No phone service,Fiber optic,No,Yes,Yes,No,No,Yes,Month-to-month,Yes,Credit card (automatic),장애,1072851427,오하은,고객이 인터넷 장애로 문의하자 상담사가 임시 LTE 백업 연결을 제공하고 요금제 적합성을 재계산하기로 하였다.
2346-CZYIL,27,20.35,531.6,241,15,1,0.285,0,True,False,True,False,False,False,0.0,0.0,0.0943615191123242,No phone service,No,No internet service,No internet service,No internet service,No internet service,No internet service,No internet service,Two year,Yes,Credit card (automatic),해지,1031423754,안지유,"고객이 서비스 품질 문제로 해지를 고려하며 약정과 위약금을 문의하자, 상담사가 해지 전 가능한 대안 및 혜택을 안내하고 진행 상황을 문자로 알려주겠다고 응답했다."
4452-QIIEB,7,43.9,278.4,670,132,2,0.0,1,True,False,True,False,False,False,0.0,0.0,0.051000347065409,No phone service,DSL,No,Yes,No,No,No,No,Month-to-month,Yes,Mailed check,해지,1095717915,정예준,고객이 번호이동 문제를 문의하자 상담사는 확인 후 추가 혜택과 재부팅 및 네트워크 초기화를 제안하며 문자로 안내하겠다고 응답했다.
4465-VDKIQ,18,77.8,1358.6,576,135,6,0.0,1,True,False,True,False,False,False,0.0,0.0,0.1511221928383784,No phone service,Fiber optic,No,Yes,Yes,No,No,No,Month-to-month,Yes,Electronic check,해지,1036778307,조하준,"고객이 서비스 해지를 고려하자 상담사가 요금제 변경과 할인 적용을 제안하고, 문제를 조회해 다시 연락하겠다고 말한다."
1866-OBPNR,1,74.6,74.6,140,25,1,0.5,1,True,False,True,False,False,False,0.0,0.0,0.443751767081649,No phone service,Fiber optic,No,Yes,No,No,No,No,Month-to-month,Yes,Credit card (automatic),장애,1001669952,임지유,고객이 인터넷 설치 후 상태 확인 요청을 하자 상담사가 신호가 정상이라고 답변했다.
6972-SNKKW,6,20.0,109.2,481,172,1,0.5,1,True,False,True,False,False,False,0.0,0.0,0.0207775064805683,No phone service,No,No internet service,No internet service,No internet service,No internet service,No internet service,No internet service,Month-to-month,Yes,Mailed check,요금,1029775238,장하윤,고객이 이중 청구를 의심하자 상담사가 확인 후 요금제 변경과 기술지원 연결을 제안하며 앱에서도 처리가 가능하다고 안내했다.
5014-GSOUQ,13,19.95,243.65,0,0,0,0.5,1,True,False,True,False,False,False,0.0,0.0,0.0097989587428801,No phone service,No,No internet service,No internet service,No internet service,No internet service,No internet service,No internet service,Two year,Yes,Mailed check,해당 없음,1097769237,서지민,대화 내용이 없음을 나타냅니다.
0324-BRPCJ,68,100.2,6851.65,935,17,6,1.0,0,True,False,True,False,False,False,1.0,1.0,0.7329950843950667,Yes,Fiber optic,No,Yes,No,No,Yes,Yes,Month-to-month,Yes,Electronic check,해지,1023828613,황민준,고객이 약정 만료로 해지를 원했으나 상담사는 혜택과 요금제 변경을 제안하며 문제 해결을 위해 재접속 후 연락하겠다고 안내했다.
6242-SGYTS,62,94.95,5791.85,150,25,1,1.0,1,True,False,True,False,False,False,0.0,0.0,0.0512713242111713,Yes,Fiber optic,Yes,Yes,No,No,Yes,No,One year,Yes,Credit card (automatic),요금,1002674793,박지민,"VIP 고객이 모바일 결합 할인의 적용 여부를 확인하였고, 상담사가 정상 적용을 확인해주었습니다."
5816-SCGFC,7,51.3,419.35,161,155,5,0.0,1,True,False,True,False,False,False,0.0,0.0,0.0304323603979302,No phone service,DSL,No,Yes,No,No,No,No,Month-to-month,Yes,Mailed check,장애,1072070081,신주원,"고객이 TV 끊김 문제를 상담사에게 문의하자, 상담사는 원인 확인 후 방문 기사 예약과 데이터 리필 혜택을 제안하며 문자로 안내하겠다고 답변했다."
3062-ICYZQ,51,93.8,4539.35,0,0,0,1.0,1,True,False,True,False,False,False,0.0,0.0,0.2402558191272906,Yes,Fiber optic,Yes,Yes,No,No,No,Yes,Month-to-month,Yes,Electronic check,해당 없음,1017772856,한하은,대화 내용이 없음을 나타냅니다.
9845-PEEKO,59,79.2,4590.35,357,26,4,0.777,0,True,False,True,False,False,False,0.0,0.0,0.0269188255977042,Yes,Fiber optic,No,Yes,No,No,No,No,Two year,Yes,Credit card (automatic),해지,1060269189,황연우,고객이 서비스 품질 문제로 해지를 고려하며 약정과 위약금을 문의하자 상담사가 대안 검토와 해지 절차를 안내했다.
7566-DSRLQ,72,110.15,7998.8,932,108,0,0.32,1,True,False,True,False,False,False,0.0,0.0,0.0016983414109036,Yes,Fiber optic,No,Yes,Yes,Yes,Yes,Yes,Two year,Yes,Electronic check,장애,1080394047,안서현,"고객이 인터넷 문제로 상담사에게 연락하자, 상담사는 지역 장애를 알리고 복구 정보를 문자로 안내하겠다고 답했다."
9894-QMIMJ,23,55.8,1327.85,0,0,0,0.5,1,True,False,True,False,False,False,0.0,0.0,0.0180454853819784,No phone service,DSL,No,Yes,Yes,No,No,No,One year,Yes,Electronic check,해당 없음,1054445064,박지우,대화의 내용이 없음을 표현한 것입니다.
5627-TVBPP,35,20.1,644.5,634,71,2,0.45,0,True,False,True,False,False,False,0.0,0.0,0.0027801208490542,No phone service,No,No internet service,No internet service,No internet service,No internet service,No internet service,No internet service,One year,Yes,Credit card (automatic),품질,1015357769,정도윤,"고객이 저녁에 인터넷 속도 저하 문제를 신고하고, 상담사가 채널 변경과 모뎀 재설정 제공 후 방문 점검 예약에 동의했다."
8200-KLNYW,21,80.9,1714.95,543,106,3,0.44,0,True,False,True,False,False,False,0.0,0.0,0.0047842574037565,No phone service,DSL,Yes,Yes,Yes,Yes,Yes,Yes,One year,Yes,Mailed check,품질,1083646814,임지민,"고객이 저녁 시간 속도 저하 문제를 상담사에게 전달하였고, 상담사는 채널 변경, 모뎀 재설정 및 방문 점검을 제안하며 예약을 진행하기로 함."
5119-NZPTV,2,70.1,141.65,136,66,2,0.722,0,True,False,True,False,False,False,0.0,0.0,0.4466366956155223,No phone service,Fiber optic,No,Yes,No,No,No,No,Month-to-month,Yes,Electronic check,요금,1007764806,황지우,"고객이 패밀리 결합 요금 청구가 예상보다 높아 상담 요청하였고, 상담사가 원인과 조정을 위해 확인 작업을 시작했다."
9800-OUIGR,66,20.0,1374.2,390,14,1,0.522,0,True,False,True,False,False,False,0.0,0.0,0.0081433658477738,No phone service,No,No internet service,No internet service,No internet service,No internet service,No internet service,No internet service,Two year,Yes,Credit card (automatic),품질,1036699743,정하준,"고객이 회의 중 끊김 문제로 상담 요청을 하자, 상담사가 연결 환경을 점검하고 해결책을 제안했다."
2058-DCJBE,5,69.75,324.6,320,80,3,1.0,0,True,False,True,False,False,False,1.0,1.0,0.9630085642967184,No phone service,Fiber optic,No,Yes,No,No,No,No,Month-to-month,Yes,Electronic check,해지,1062013492,권연우,고객이 인터넷 문제로 불만을 표하며 해지를 요청한다.
4521-WFJAI,56,25.95,1444.05,429,111,5,1.0,0,True,False,True,False,False,False,0.0,0.0,0.0238135310001421,Yes,No,No internet service,No internet service,No internet service,No internet service,No internet service,No internet service,Two year,Yes,Electronic check,품질,1042099935,임하준,"고객이 데이터 속도 문제를 상담사에게 문의하자, 상담사는 문제 원인을 설명하고 네트워크 초기화를 제안했다."
2863-IMQDR,61,89.65,5308.7,319,47,0,0.659,1,True,False,True,False,False,False,0.0,0.0,0.1314971535379747,Yes,DSL,Yes,Yes,Yes,Yes,Yes,Yes,Two year,Yes,Electronic check,요금,1098157681,정주원,"고객이 기가라이트 500M 사용 중 청구액이 평소보다 높아 상담을 요청하였고, 상담사는 요금제 변경을 통해 절감할 수 있음을 안내하며 진행 사항을 문자로 전달하겠다고 설명했다."
5816-JMLGY,70,80.4,5717.85,0,0,0,0.5,1,True,False,True,False,False,False,0.0,0.0,0.0171861892101488,No phone service,DSL,No,Yes,Yes,Yes,Yes,Yes,Two year,Yes,Electronic check,해당 없음,1026178395,박지호,대화 내용이 없어서 요약할 내용이 없습니다.
3744-ZRRDZ,21,82.35,1852.85,728,110,4,0.6,1,True,False,True,False,False,False,1.0,1.0,0.9766044240752322,Yes,Fiber optic,No,Yes,No,No,No,No,Month-to-month,Yes,Electronic check,요금,1047041320,윤서연,고객이 요금 인상에 대해 문의하자 상담사가 요금제 변경을 확인하고 해제 및 환불 가능성을 검토하겠다고 답했다.
3645-DEYGF,1,20.75,20.75,203,8,0,0.434,0,True,False,True,False,False,False,0.0,0.0,0.3304442607332796,No phone service,No,No internet service,No internet service,No internet service,No internet service,No internet service,No internet service,Month-to-month,Yes,Mailed check,해지,1073984949,임서현,고객이 불편을 호소하며 해지 가능성을 문의하자 상담사가 문제 해결을 위한 대안을 제시했다.
6647-ZEDXT,30,110.45,3327.05,400,65,0,0.982,0,True,False,True,False,False,False,0.0,0.0,0.2577060728513625,Yes,Fiber optic,No,Yes,Yes,Yes,Yes,Yes,One year,Yes,Credit card (automatic),품질,1057852108,정도윤,"고객이 회의 중 Fiber optic 인터넷 끊김 문제를 상담하였고, 상담사는 신호 약화 확인 후 기사 방문 예약과 요금제 재검토를 안내했다."
4070-OKWVH,52,94.6,5025.8,360,52,3,0.49,1,True,False,True,False,False,False,0.0,1.0,0.7833743910705816,Yes,Fiber optic,No,Yes,Yes,No,Yes,No,Month-to-month,Yes,Electronic check,품질,1038989095,권하윤,"고객이 Fiber optic 연결 문제로 상담사에게 도움을 요청했고, 상담사는 문제 해결을 위한 점검과 조치를 안내했다."
7629-WFGLW,56,95.65,5471.75,1062,93,4,0.23,0,True,False,True,False,False,False,0.0,0.0,0.008460043083918,Yes,Fiber optic,Yes,Yes,Yes,Yes,No,No,One year,Yes,Electronic check,품질,1021893538,이하윤,고객이 저녁 시간에 인터넷 속도 저하를 겪어 상담사에게 방문 점검을 요청했다.
2259-OUUSZ,7,35.5,249.55,241,8,3,0.0,0,True,False,True,False,False,False,0.0,0.0,0.2804309951854428,No phone service,DSL,No,Yes,Yes,Yes,No,No,One year,Yes,Credit card (automatic),품질,1086510064,이지우,"고객이 지하철역에서 통화 끊김 문제를 상담사에게 알리고, 상담사는 점검 예정인 기지국과 기술 지원 옵션을 안내한다."
4495-LHSSK,18,57.65,992.7,564,69,1,1.0,1,True,False,True,False,False,False,0.0,0.0,0.0228746103565506,Yes,DSL,Yes,Yes,No,No,No,No,Month-to-month,Yes,Mailed check,품질,1097478498,임지우,고객이 학교에서 통화가 자주 끊긴다고 문의하자 상담사가 신호 문제를 확인하고 해결 방법과 데이터 리필 혜택을 제안했다.
5061-PBXFW,32,61.4,1864.65,576,96,2,0.32,0,True,False,True,False,False,False,0.0,0.0,0.0037769859154484,No phone service,DSL,Yes,Yes,No,Yes,No,No,Month-to-month,Yes,Electronic check,품질,1050116228,한예준,"고객이 저녁마다 인터넷 속도 저하를 호소하자 상담사가 채널 변경과 모뎀 재설정, 방문 점검 예약을 제안하고 고객이 이를 요청했다."
6116-RFVHN,34,100.45,3414.65,1078,252,2,0.57,1,True,False,True,False,False,False,0.0,0.0,0.0174607627919689,Yes,Fiber optic,No,Yes,Yes,No,Yes,Yes,Month-to-month,Yes,Electronic check,장애,1008074629,장지민,고객이 인터넷 문제를 문의하자 상담사가 지역 장애로 인한 복구 작업 중이며 ETA와 임시 조치 안내를 문자로 보내겠다고 설명했다.
5474-LAMUQ,24,20.1,533.9,364,16,0,0.4,0,True,False,True,False,False,False,0.0,0.0,0.032620752472012,No phone service,No,No internet service,No internet service,No internet service,No internet service,No internet service,No internet service,One year,Yes,Mailed check,품질,1034491788,임지민,고객이 인터넷 회의 중 끊김 현상을 문의하자 상담사는 연결 상태와 장비 점검 후 기사 방문 예약과 요금제 적합성 검토를 안내했다.
3221-CJMSG,24,51.1,1269.6,0,0,0,0.5,1,True,False,True,False,False,False,0.0,0.0,0.0249212413818592,No phone service,DSL,No,Yes,No,Yes,No,No,Month-to-month,Yes,Credit card (automatic),해당 없음,1030481057,정지유,대화 내용이 없는 상태입니다.
8075-GXIUB,9,19.85,183.15,775,285,4,0.44,0,True,False,True,False,False,False,0.0,0.0,0.1646890228290863,No phone service,No,No internet service,No internet service,No internet service,No internet service,No internet service,No internet service,One year,Yes,Credit card (automatic),해지,1026768416,김서현,고객이 해지 의사를 밝히자 상담사가 개선 방안을 제안하고 고객이 제안서를 받아보기로 결정한다.
0853-TWRVK,72,105.6,7581.5,435,18,1,0.0,0,True,False,True,False,False,False,0.0,0.0,0.0263003176060433,Yes,Fiber optic,Yes,Yes,Yes,Yes,No,Yes,Two year,Yes,Electronic check,요금,1058651097,권서연,고객의 청구 금액에 대한 문의에 상담사가 문제 점검과 요금제 변경을 제안하며 문자로 결과를 안내하겠다고 약속했다.
3198-VELRD,3,84.75,264.85,360,90,3,1.0,0,True,False,True,False,False,False,1.0,1.0,0.954355178705561,Yes,Fiber optic,No,Yes,No,No,No,Yes,Month-to-month,Yes,Electronic check,해지,1015440498,오서준,고객이 인터넷 끊김 문제로 불만을 제기하며 해지를 원한다고 말했다.
4419-UJMUS,69,99.35,6856.45,1159,55,2,0.43,0,True,False,True,False,False,False,0.0,0.0,0.0046138729526801,Yes,Fiber optic,No,Yes,No,Yes,Yes,Yes,Two year,Yes,Electronic check,품질,1017446463,서하윤,"고객이 저녁에 인터넷 속도가 느려진다고 하자 상담사가 채널 변경과 모뎀 재설정을 제안하고, 필요시 방문 점검을 예약해 주기로 했다."
5138-WVKYJ,10,98.55,1008.55,427,16,2,0.654,1,True,False,True,False,False,False,1.0,1.0,0.7994553257611082,Yes,Fiber optic,Yes,Yes,No,No,Yes,Yes,Month-to-month,Yes,Electronic check,장애,1026421925,김하은,고객이 인터넷 장애로 도움을 요청하자 상담사가 장애 점검과 보상 안내를 하고 진행 사항을 문자로 안내하기로 했다.
8952-WCVCD,41,104.45,4162.05,0,0,0,1.0,1,True,False,True,False,False,False,0.0,0.0,0.1520953977684161,No phone service,Fiber optic,Yes,Yes,Yes,No,Yes,Yes,One year,Yes,Electronic check,해당 없음,1073546056,서도윤,대화 내용이 없음을 나타냄.
4903-UYAVB,5,19.35,126.05,189,24,0,0.171,0,True,False,True,False,False,False,1.0,1.0,0.8869831923424231,No phone service,No,No internet service,No internet service,No internet service,No internet service,No internet service,No internet service,Month-to-month,Yes,Mailed check,요금,1033295898,김예준,"고객이 청구금액 문제로 상담을 요청하였고, 상담사가 부가서비스 해지 및 요금제 적합성을 검토하겠다고 안내했다."
3976-HXHCE,72,19.3,1414.8,120,20,1,0.0,1,True,False,True,False,False,False,0.0,0.0,0.0061958607387929,No phone service,No,No internet service,No internet service,No internet service,No internet service,No internet service,No internet service,Two year,Yes,Electronic check,요금,1055092406,신서준,"고객이 약정 만료 후 기본 요금 부과 여부를 문의하였고, 상담사가 확인해주었다."
5671-RQRLP,70,75.65,5411.4,231,20,0,0.529,1,True,False,True,False,False,False,0.0,0.0,0.0644645371696397,Yes,Fiber optic,No,Yes,No,No,No,No,Two year,Yes,Credit card (automatic),요금,1052702193,권연우,"고객이 청구 금액에 대해 상담하며, 상담사는 요금제와 부가서비스 확인 후 조정 가능성을 안내하기로 했다."
1926-QUZNN,72,25.25,1841.2,0,0,0,0.0,1,True,False,True,False,False,False,0.0,0.0,0.0033228092614867,Yes,No,No internet service,No internet service,No internet service,No internet service,No internet service,No internet service,Two year,Yes,Electronic check,해당 없음,1034527519,이지호,"""해당 없음""이라는 표현은 특정 상황이나 질문에 대한 적용 가능성이 없음을 나타낸다."
9897-KXHCM,3,80.3,250.05,327,6,0,0.518,0,True,False,True,False,False,False,1.0,1.0,0.8228485077723219,No phone service,Fiber optic,No,Yes,No,No,No,Yes,Month-to-month,Yes,Electronic check,해지,1057606783,장서연,"고객이 요금 인상으로 해지를 고려 중이며, 상담사가 대안과 해지 절차를 안내하는 대화 내용."
5277-ZLOOR,2,85.55,187.45,743,180,2,0.5,0,True,False,True,False,False,False,1.0,1.0,0.9669882051844432,Yes,Fiber optic,No,Yes,No,No,Yes,No,Month-to-month,Yes,Electronic check,해지,1065038274,이하은,고객이 번호이동 문제를 문의하자 상담사는 확인 후 문자로 안내하며 해지 대신 요금제 변경을 제안했다.
8345-MVDYC,45,81.65,3618.7,0,0,0,0.5,1,True,False,True,False,False,False,0.0,0.0,0.0210690040745481,No phone service,DSL,Yes,Yes,Yes,Yes,Yes,Yes,Two year,Yes,Electronic check,해당 없음,1084332714,박연우,"""해당 없음""이라는 대화는 특정 주제나 내용을 언급하지 않음을 나타냅니다."
1099-GODLO,1,20.35,20.35,335,13,4,0.398,0,True,False,True,False,False,False,0.0,0.0,0.0929002966641553,No phone service,No,No internet service,No internet service,No internet service,No internet service,No internet service,No internet service,Two year,Yes,Mailed check,장애,1078394436,신연우,"고객이 인터넷 연결 문제로 상담에 연락했으며, 상담사가 지역 장애 점검과 복구 예정 시간, 보상 안내를 제공했다."
0870-VEMYL,5,53.85,259.8,302,16,0,0.459,0,True,False,True,False,False,False,1.0,0.0,0.2105431537244982,No phone service,DSL,Yes,Yes,No,Yes,No,No,Month-to-month,Yes,Credit card (automatic),품질,1085285440,최서준,"고객이 DSL 회의 중 끊김 문제를 상담하며, 상담사가 원인 분석과 해결 방안을 제안하고 접수번호를 안내하는 내용입니다."
8216-AZUUZ,42,100.4,4303.65,0,0,0,1.0,1,True,False,True,False,False,False,0.0,0.0,0.1463721306863548,No phone service,Fiber optic,No,Yes,Yes,Yes,Yes,Yes,Two year,Yes,Electronic check,해당 없음,1081415761,신도윤,대화 내용이 없음을 나타냅니다.
7880-XSOJX,4,42.4,146.4,856,245,4,0.78,1,True,False,True,False,False,False,0.0,0.0,0.2876992386120416,No phone service,DSL,Yes,Yes,No,Yes,No,No,Month-to-month,Yes,Mailed check,요금,1075371959,이서현,고객이 요금 인상에 대해 이의를 제기하자 상담사가 확인 후 해제와 환불 여부를 검토하기로 했다.
2739-CCZMB,5,20.35,122.0,260,211,7,0.0,0,True,False,True,False,False,False,0.0,1.0,0.5291606908967348,No phone service,No,No internet service,No internet service,No internet service,No internet service,No internet service,No internet service,Month-to-month,Yes,Credit card (automatic),장애,1035067721,권민준,고객이 인터넷 오류를 신고하자 상담사가 문제를 확인하고 임시 데이터 제공 및 현장 점검을 제안했다.
0118-JPNOY,26,85.8,2193.65,216,16,1,0.749,0,True,False,True,False,False,False,0.0,0.0,0.1343844267616723,No phone service,Fiber optic,Yes,Yes,No,No,Yes,No,Month-to-month,Yes,Credit card (automatic),요금,1069813969,한지민,"고객이 기업용 프리미엄 요금 청구액이 예상보다 높아 상담을 요청하였고, 상담사가 문제를 확인하고 조정 가능성을 안내하며 진행 상황을 문자로 알리겠다고 했음."
8898-KASCD,39,35.55,1309.15,0,0,0,0.5,1,True,False,True,False,False,False,0.0,0.0,0.0179608918655821,No phone service,DSL,No,Yes,Yes,Yes,No,No,One year,Yes,Mailed check,해당 없음,1089570794,조서연,대화 내용이 없음을 전달하는 요약입니다.
2560-PPCHE,65,105.05,6744.25,222,32,1,0.918,1,True,False,True,False,False,False,0.0,0.0,0.2819272132135297,Yes,Fiber optic,No,Yes,No,Yes,Yes,Yes,One year,Yes,Electronic check,요금,1085489200,윤지호,"고객이 청구 금액 증가에 대해 상담 요청하였고, 상담사가 청구 내역과 부가서비스를 확인한 후 조정 가능성을 안내했습니다."
3194-ORPIK,50,84.4,4116.15,311,106,6,1.0,0,True,False,True,False,False,False,1.0,0.0,0.4293974146834288,Yes,Fiber optic,No,Yes,No,No,Yes,No,Month-to-month,Yes,Electronic check,장애,1060156453,임하린,"고객이 와이파이 문제를 상담사에게 상담하며, 원격 점검과 함께 문제 해결을 요청하는 대화입니다."
1064-FBXNK,1,19.85,19.85,323,95,0,0.28,1,True,False,True,False,False,False,0.0,0.0,0.0102164183018169,No phone service,No,No internet service,No internet service,No internet service,No internet service,No internet service,No internet service,One year,Yes,Credit card (automatic),장애,1059864344,한하린,고객이 인터넷 연결 문제를 보고하자 상담사가 지역 장애를 설명하고 복구 정보를 문자로 안내하기로 했다.
9184-GALIL,38,20.45,781.25,820,245,2,0.44,0,True,False,True,False,False,False,0.0,0.0,0.3454855538906741,No phone service,No,No internet service,No internet service,No internet service,No internet service,No internet service,No internet service,Month-to-month,Yes,Mailed check,해지,1035284103,윤하준,고객이 서비스 해지를 원하지만 상담사가 개선 방안을 제안하며 제안서를 기다리기로 함.
6474-FVJLC,2,86.0,165.45,360,90,3,1.0,0,True,False,True,False,False,False,1.0,1.0,0.9584817134915062,Yes,Fiber optic,No,Yes,No,No,No,Yes,Month-to-month,Yes,Electronic check,해지,1000191153,신연우,고객이 인터넷 연결 문제가 지속되자 불만을 제기하며 서비스 해지를 원한다고 이야기합니다.
5619-XZZKR,4,19.95,68.2,335,5,0,0.327,0,True,False,True,False,False,False,0.0,0.0,0.0519185448975099,No phone service,No,No internet service,No internet service,No internet service,No internet service,No internet service,No internet service,One year,Yes,Mailed check,해지,1094025958,서하린,고객이 서비스 품질 문제로 해지를 고려하며 상담사와 대안을 논의한 내용.
8784-CGILN,18,99.85,1776.95,270,40,0,0.863,0,True,False,True,False,False,False,1.0,1.0,0.6136244546181673,Yes,Fiber optic,No,Yes,No,Yes,Yes,Yes,Month-to-month,Yes,Electronic check,요금,1015535134,한연우,고객이 청구 금액에 대한 문의를 하자 상담사가 요금제와 사용량을 점검하고 더 적합한 요금제로 변경할 경우 절감 가능성을 안내하였다.
7055-JCGNI,70,111.95,7795.95,0,0,0,1.0,1,True,False,True,False,False,False,0.0,0.0,0.0508593085902261,Yes,Fiber optic,Yes,Yes,Yes,Yes,Yes,Yes,Two year,Yes,Credit card (automatic),해당 없음,1019322975,오하준,"""해당 없음""이라는 표현은 특정 내용이나 상황이 적용되지 않음을 나타낸다."
1017-FBQMM,62,106.05,6703.5,1066,211,5,1.0,0,True,False,True,False,False,False,0.0,0.0,0.4968110171068068,Yes,Fiber optic,No,Yes,No,Yes,Yes,Yes,One year,Yes,Credit card (automatic),품질,1061292421,임주원,"고객이 영상 버퍼링 문제를 상담하자, 상담사는 원인 분석과 기술 지원을 제안하며 문자로 결과를 안내하겠다고 응답했다."
2465-BLLEU,1,19.75,19.75,1177,92,7,0.0,1,True,False,True,False,False,False,0.0,0.0,0.0763497109158375,No phone service,No,No internet service,No internet service,No internet service,No internet service,No internet service,No internet service,Month-to-month,Yes,Mailed check,요금,1051631860,권시우,고객이 요금 인상에 대해 문의하자 상담사가 문제를 확인하고 해결책을 제시했다.
7294-TMAOP,1,90.55,90.55,360,7,2,0.525,0,True,False,True,False,False,False,1.0,1.0,0.9506460970525696,No phone service,Fiber optic,No,Yes,No,No,Yes,Yes,Month-to-month,Yes,Electronic check,해지,1017225263,정예준,"고객이 요금 상승으로 인해 해지를 고려 중이며, 상담사는 해지 사유 확인 후 대안을 제시하고 위약금을 안내했다."
4195-PNGZS,69,24.45,1718.2,0,0,0,0.0,1,True,False,True,False,False,False,0.0,0.0,0.0082693069206056,Yes,No,No internet service,No internet service,No internet service,No internet service,No internet service,No internet service,Two year,Yes,Electronic check,해당 없음,1018233436,김하은,대화 내용이 없어서 요약할 수 없습니다.
6127-ISGTU,16,84.95,1378.25,653,207,5,0.0,0,True,False,True,False,False,False,1.0,1.0,0.9358036621472032,Yes,Fiber optic,No,Yes,No,No,Yes,No,Month-to-month,Yes,Electronic check,장애,1081723823,한도윤,고객이 와이파이 문제를 문의하자 상담사가 봉사내역 검토와 임시 데이터 제공을 제안하며 기술지원팀으로 연결할 수 있다고 안내했다.
7463-IFMQU,72,20.05,1423.65,1049,209,3,1.0,1,True,False,True,False,False,False,0.0,0.0,0.0034446248467754,No phone service,No,No internet service,No internet service,No internet service,No internet service,No internet service,No internet service,Two year,Yes,Electronic check,품질,1061300924,정지민,"고객이 지하철역에서 통화 끊김 문제를 상담사에게 신고하고, 상담사는 문제 해결을 위해 네트워크 상태 점검과 데이터 리필 혜택을 제공하겠다고 안내한다."
2888-ADFAO,47,21.3,1041.8,297,21,0,0.33,0,True,False,True,False,False,False,0.0,0.0,0.0143296892249209,No phone service,No,No internet service,No internet service,No internet service,No internet service,No internet service,No internet service,Two year,Yes,Electronic check,해지,1046001316,장서연,고객이 품질 문제로 해지를 고려하고 상담사가 해지 전 가능한 대안과 혜택을 안내하는 대화 내용입니다.
6994-ORCWG,14,54.25,773.2,373,18,2,0.498,0,True,False,True,False,False,False,0.0,0.0,0.1646593819800262,Yes,DSL,No,Yes,No,No,No,No,One year,Yes,Mailed check,품질,1074722491,이서현,"고객이 DSL 인터넷의 끊김 문제로 상담을 요청하였고, 상담사는 점검 후 기사 방문과 요금제 재계산을 안내하였다."
1200-TUZHR,8,85.2,695.75,836,67,4,0.0,1,True,False,True,False,False,False,0.0,0.0,0.4467857528175989,Yes,Fiber optic,No,Yes,No,No,No,Yes,Month-to-month,Yes,Electronic check,해지,1066912682,정연우,고객이 해지를 고려하자 상담사가 요금제 변경과 데이터 리필 혜택을 제안하며 지원을 약속했다.
8879-ZKJOF,41,79.85,3320.75,629,225,7,0.0,0,True,False,True,False,False,False,0.0,0.0,0.2571228526557225,No phone service,DSL,Yes,Yes,Yes,Yes,Yes,Yes,One year,Yes,Electronic check,해지,1002045345,장서준,"고객이 서비스 해지를 고려하며 문제 발생 시간과 위치를 상담사에게 문의하고, 상담사는 문제 개선과 해지 조건에 대해 안내하겠다고 답했다."
0257-ZESQC,27,75.2,1929.35,271,35,0,0.324,0,True,False,True,False,False,False,1.0,1.0,0.703385072729642,No phone service,Fiber optic,Yes,Yes,No,No,No,No,Month-to-month,Yes,Electronic check,품질,1006323132,윤서현,"고객이 Fiber optic 회선의 끊김 문제로 상담을 요청하였고, 상담사는 문제 해결을 위해 연결 환경과 장비 상태를 점검하며 요금제 적합성도 재계산하기로 했습니다."
4765-OXPPD,9,65.0,663.05,371,16,1,0.052,0,True,False,True,False,False,False,1.0,1.0,0.8590132224958242,No phone service,DSL,Yes,Yes,Yes,Yes,No,No,Month-to-month,Yes,Mailed check,해지,1088212108,조지우,"고객이 서비스 품질 문제로 해지를 고려하며 약정 및 위약금에 대해 문의하자, 상담사가 해지 전 대안을 제안하고 위약금을 안내했다."
3466-WAESX,16,69.1,1083.7,130,20,1,0.5,1,True,False,True,False,False,False,0.0,0.0,0.0355862224461742,Yes,DSL,Yes,Yes,No,No,No,Yes,Month-to-month,Yes,Electronic check,요금,1075463079,조주원,고객이 1년 약정으로 바꾸어 월 10달러 할인을 요청하여 상담사가 수락했다.
9779-DPNEJ,22,80.15,1790.65,0,0,0,1.0,1,True,False,True,False,False,False,0.0,0.0,0.2673897327872771,No phone service,Fiber optic,No,Yes,No,No,No,Yes,Month-to-month,Yes,Electronic check,해당 없음,1013418230,조지호,"""해당 없음""이라는 대화는 특정한 정보나 내용을 요구하지 않음을 나타낸다."
7596-ZYWBB,65,59.6,3739.8,320,11,0,0.525,0,True,False,True,False,False,False,0.0,0.0,0.0095958264822083,No phone service,DSL,Yes,Yes,No,Yes,No,No,Two year,Yes,Mailed check,품질,1066131479,황시우,"고객이 DSL 끊김 문제로 상담사에게 도움을 요청했고, 상담사는 확인 후 기사 방문 예약과 요금제 적합성을 검토하기로 했다."
7801-KICAO,18,74.15,1345.75,1028,66,1,0.0,0,True,False,True,False,False,False,0.0,1.0,0.7398244331619412,Yes,Fiber optic,No,Yes,No,No,No,No,Month-to-month,Yes,Electronic check,장애,1003818072,임시우,"고객이 와이파이 문제를 상담사에게 문의하며, 상담사는 점검과 방문 예약을 제안한다."
6778-YSNIH,2,59.0,114.15,326,33,5,0.43,0,True,False,True,False,False,False,0.0,0.0,0.4149970152128037,No phone service,DSL,No,Yes,No,No,Yes,No,Month-to-month,Yes,Electronic check,품질,1016336676,장하린,"고객이 DSL 연결 문제를 상담사에게 문의하였고, 상담사는 단계별 점검과 해결 방안을 제시하며 고객의 요금제를 재검토하기로 하였다."
6128-CZOMY,1,45.65,45.65,1167,181,6,0.0,0,True,False,True,False,False,False,1.0,1.0,0.8992449473223961,No phone service,DSL,No,Yes,No,No,No,No,Month-to-month,Yes,Electronic check,품질,1057445895,황시우,"고객이 학교에서 통화가 끊기는 문제를 상담사에게 문의하고, 상담사가 해결 방안을 제안하며 문자로 안내하기로 함."
1120-BMWUB,16,53.9,834.15,267,124,7,0.5,0,True,False,True,False,False,False,1.0,1.0,0.5691059455638228,No phone service,DSL,No,Yes,No,Yes,No,No,Month-to-month,Yes,Mailed check,장애,1090544173,조지유,고객이 인터넷 오류 신고를 하자 상담사가 네트워크 점검과 원격 점검을 진행하겠다고 안내했다.
7102-JJVTX,9,48.6,422.3,169,15,0,0.376,0,True,False,True,False,False,False,0.0,0.0,0.0871356508756271,No phone service,DSL,Yes,Yes,No,No,No,No,One year,Yes,Mailed check,해지,1057063331,신민준,"고객이 서비스 품질 문제로 해지를 고려하며 약정과 위약금에 대해 문의하자, 상담사가 해지 전 가능한 대안을 검토하고 즉시 해지 접수를 안내했다."
2729-VNVAP,33,19.8,641.35,234,20,0,0.646,0,True,False,True,False,False,False,0.0,0.0,0.0109394095055758,No phone service,No,No internet service,No internet service,No internet service,No internet service,No internet service,No internet service,Two year,Yes,Credit card (automatic),해지,1025955065,이하준,"고객이 서비스 해지를 고려하며 약정 및 위약금 확인을 요청하자, 상담사가 대안을 제시하고 해지 진행을 안내했다."
6029-CSMJE,17,25.65,440.2,423,192,7,0.0,1,True,False,True,False,False,False,0.0,0.0,0.038300366926262,No phone service,DSL,No,Yes,No,No,No,No,Month-to-month,Yes,Mailed check,요금,1076131503,박연우,고객이 청구 금액의 변동에 대해 문의하자 상담사가 원인 분석과 요금제 변경을 제안하며 지원하겠다고 응답했다.
0289-IVARM,35,60.55,1982.6,255,15,0,0.445,0,True,False,True,False,False,False,0.0,0.0,0.2616064895974478,No phone service,DSL,Yes,Yes,Yes,No,No,No,Month-to-month,Yes,Electronic check,요금,1005791110,서지호,고객이 패밀리 결합 요금 청구액 증가에 대해 문의하자 상담사가 요금제 적합성을 검토하고 더 나은 요금제 변경을 제안했다.
2194-IIQOF,71,89.3,6388.65,479,45,1,0.619,0,True,False,True,False,False,False,0.0,0.0,0.0572627444755361,Yes,DSL,Yes,Yes,Yes,Yes,Yes,Yes,Two year,Yes,Credit card (automatic),품질,1000011617,황지호,"고객이 DSL 연결 문제에 대해 상담을 요청하였고, 상담사가 문제 해결을 위한 점검을 진행하며 조치를 권장한 대화 내용입니다."
5206-XZZQI,53,80.6,4348.1,836,112,2,1.0,0,True,False,True,False,False,False,0.0,1.0,0.6201964853805966,No phone service,Fiber optic,No,Yes,No,Yes,No,No,Month-to-month,Yes,Mailed check,장애,1032213400,박지유,고객의 TV 끊김 문제에 대해 상담사가 로그 조회 후 임시 데이터 제공을 검토하겠다고 안내했다.
8388-FYNPZ,4,56.75,245.15,393,11,1,0.451,0,True,False,True,False,False,False,0.0,0.0,0.3597978538377043,No phone service,DSL,Yes,Yes,Yes,No,No,No,Month-to-month,Yes,Electronic check,품질,1032991106,오서준,"고객이 DSL 연결 문제로 상담을 요청하였고, 상담사는 문제 확인 후 기사 방문 예약과 요금제 적합성 검토를 안내했다."
0639-TSIQW,67,102.95,6886.25,295,20,3,0.615,0,True,False,True,False,False,False,1.0,0.0,0.3649578908592009,Yes,Fiber optic,Yes,Yes,Yes,No,Yes,No,Month-to-month,Yes,Credit card (automatic),요금,1058913411,황지민,고객이 청구 금액이 평소보다 높아 문의하자 상담사가 원인 확인 후 부가서비스 해지와 요금 조정 가능성을 알렸다.
8626-PTQGE,69,60.05,4176.7,296,26,0,0.662,1,True,False,True,False,False,False,0.0,0.0,0.0346199817389957,No phone service,DSL,Yes,Yes,No,Yes,Yes,Yes,Two year,Yes,Electronic check,요금,1014511780,권서준,"고객이 UHD 셋톱을 사용하며 청구금액이 평소보다 높아 상담 요청하였고, 상담사가 청구 내역 및 부가서비스를 확인하여 조정 가능성을 안내했다."
8150-QUDFX,2,19.85,51.6,120,20,1,0.0,1,True,False,True,False,False,False,0.0,0.0,0.0180286595947141,No phone service,No,No internet service,No internet service,No internet service,No internet service,No internet service,No internet service,Month-to-month,Yes,Mailed check,요금,1085046576,김지호,"고객이 요금 확인을 위해 문의했으며, 상담사가 요금이 맞다고 확인했다."
4568-KNYWR,52,63.25,3342.45,146,48,0,0.526,1,True,False,True,False,False,False,0.0,0.0,0.0348440707717261,No phone service,DSL,Yes,Yes,No,No,Yes,No,Two year,Yes,Credit card (automatic),요금,1075544939,박예준,"고객이 기가라이트 500M 요금 청구가 평소보다 높아 문의하자, 상담사가 부가서비스 해지 및 요금 조정과 함께 이용 내역을 확인하고 진행 상황을 문자로 안내하겠다고 했다."
8194-PEEBY,24,19.9,533.5,691,144,7,1.0,1,True,False,True,False,False,False,0.0,0.0,0.0100308765487751,No phone service,No,No internet service,No internet service,No internet service,No internet service,No internet service,No internet service,One year,Yes,Mailed check,요금,1007784206,김시우,고객이 청구 금액에 대해 문의하자 상담사가 프로모션 종료로 인한 할인 축소를 설명하고 요금제 변경을 제안하며 기술 지원팀 연결 가능성을 언급했다.
0330-IVZHA,5,69.95,330.15,270,130,3,0.0,0,True,False,True,False,False,False,1.0,1.0,0.978256741831512,No phone service,Fiber optic,No,Yes,No,No,No,No,Month-to-month,Yes,Electronic check,해지,1001991299,박예준,고객이 가입 5개월 만에 인터넷 속도 불만으로 해지를 원함.
4609-KNNWG,27,19.9,550.1,223,12,0,0.454,0,True,False,True,False,False,False,0.0,0.0,0.0177033655039141,No phone service,No,No internet service,No internet service,No internet service,No internet service,No internet service,No internet service,Two year,Yes,Mailed check,요금,1050410692,정서연,"고객이 패밀리 결합 요금 청구가 평소보다 많아 확인 요청을 하자, 상담사는 청구 내역과 요금제를 점검하고 적합한 요금제로 변경 시 절감 가능성을 안내하며 진행 상황을 문자로 알리겠다고 말했다."
9957-YODKZ,6,80.8,457.1,220,50,1,0.5,1,True,False,True,False,False,False,0.0,1.0,0.5047654115339401,Yes,Fiber optic,No,Yes,Yes,No,No,No,Month-to-month,Yes,Electronic check,장애,1041719071,최시우,"고객이 인터넷 문제를 상담사에게 문의했고, 상담사의 안내로 문제를 해결했다."
5906-DVAPM,55,75.0,4213.9,577,100,2,0.2,0,True,False,True,False,False,False,0.0,0.0,0.0049688117159683,Yes,DSL,Yes,Yes,No,Yes,Yes,No,One year,Yes,Credit card (automatic),품질,1059240893,장하린,"고객은 저녁에 인터넷 속도가 느려져 상담사에게 점검을 요청했고, 상담사는 채널 변경과 모뎀 재설정 후 방문 점검을 예약하기로 했다."
2275-RBYQS,1,45.4,45.4,635,133,2,0.91,0,True,False,True,False,False,False,0.0,0.0,0.0308303976723997,No phone service,DSL,No,Yes,No,No,No,No,Month-to-month,Yes,Mailed check,품질,1039420558,오시우,고객이 인터넷 속도 저하를 호소하고 상담사는 채널 변경과 모뎀 재설정을 제안한 후 방문 점검 예약을 진행하기로 했다.
8735-DCXNF,10,54.95,568.85,195,6,1,0.333,0,True,False,True,False,False,False,0.0,0.0,0.3998977335129716,No phone service,DSL,Yes,Yes,No,Yes,No,No,Month-to-month,Yes,Credit card (automatic),해지,1027593150,이연우,"고객은 품질 문제로 해지를 고민하고 있으며, 상담사는 해지 전 대안을 제시하고 혜택을 안내하며 진행사항을 문자로 안내한다고 했다."
7250-EQKIY,1,50.45,50.45,756,106,7,1.0,0,True,False,True,False,False,False,1.0,1.0,0.6576238961323163,No phone service,DSL,No,Yes,Yes,No,No,No,Month-to-month,Yes,Mailed check,요금,1070900657,박주원,고객이 요금 상승에 대한 불만을 제기하자 상담사가 문제를 확인하고 문자 청구서 수신 전환 및 검토 요청을 제안했다.
2061-VVFST,37,19.5,805.2,361,25,1,0.318,0,True,False,True,False,False,False,0.0,0.0,0.1844899708874835,No phone service,No,No internet service,No internet service,No internet service,No internet service,No internet service,No internet service,Month-to-month,Yes,Electronic check,품질,1078042123,황지민,"고객이 인터넷 회의 중 끊김 문제를 상담하였고, 상담사는 문제 해결을 위해 장비 확인과 요금제 적합성을 검토하기로 하며 진행 상황을 문자로 알리기로 했다."
9509-MPYOD,35,20.75,700.45,601,110,1,0.44,1,True,False,True,False,False,False,0.0,0.0,0.0024640167114949,No phone service,No,No internet service,No internet service,No internet service,No internet service,No internet service,No internet service,One year,Yes,Mailed check,장애,1077618321,황연우,"고객은 인터넷 연결 문제에 대해 문의했고, 상담사는 지역 장애를 설명하며 복구 ETA와 가이드를 문자로 안내하겠다고 했습니다."
5730-DBDSI,66,19.7,1253.8,173,7,0,0.28,1,True,False,True,False,False,False,0.0,0.0,0.0447029990266775,No phone service,No,No internet service,No internet service,No internet service,No internet service,No internet service,No internet service,Two year,Yes,Electronic check,요금,1090892448,한예준,"고객이 청구 내역에 대해 문의하였고, 상담사가 문제를 확인하고 조정을 약속하며 진행 상황을 문자로 안내하겠다고 말했다."
7010-BRBUU,72,24.1,1734.65,0,0,0,0.0,1,True,False,True,False,False,False,0.0,0.0,0.0034352402182647,Yes,No,No internet service,No internet service,No internet service,No internet service,No internet service,No internet service,Two year,Yes,Credit card (automatic),해당 없음,1069413738,최지민,대화 내용이 없음을 알리는 메시지입니다.
2038-YSEZE,29,67.45,1801.1,235,17,0,0.465,0,True,False,True,False,False,False,0.0,0.0,0.07106318697632,Yes,DSL,Yes,Yes,No,Yes,No,No,Month-to-month,Yes,Mailed check,요금,1076510645,조시우,"고객이 패밀리 결합 이용 중 이번 달 청구가 평소보다 많아 상담했으며, 상담사는 청구 내역과 부가서비스를 확인하고 해지 및 요금 조정을 진행하기로 했다."
2796-NNUFI,46,19.95,927.1,380,28,0,0.358,1,True,False,True,False,False,False,0.0,0.0,0.0221935171269496,No phone service,No,No internet service,No internet service,No internet service,No internet service,No internet service,No internet service,Two year,Yes,Mailed check,장애,1084623829,윤주원,"고객이 인터넷 장애로 상담을 요청하였고, 상담사는 문제 점검과 복구 예상 시간을 안내하며, 불편 보상과 요금제 적합성 재검토를 약속했다."
6360-SVNWV,31,73.55,2094.65,0,0,0,0.5,1,True,False,True,False,False,False,0.0,0.0,0.1072386947561664,No phone service,Fiber optic,Yes,Yes,No,No,No,No,Month-to-month,Yes,Credit card (automatic),해당 없음,1054173768,최연우,대화 내용이 없음을 전달하는 요약입니다.
9720-JJJOR,41,60.3,2511.3,0,0,0,0.5,1,True,False,True,False,False,False,0.0,0.0,0.0160670534057524,No phone service,DSL,Yes,Yes,Yes,No,No,No,One year,Yes,Electronic check,해당 없음,1099594786,조예준,특정한 정보나 내용이 없다는 점을 언급하고 있다.
2293-IJWPS,57,100.75,5985.0,302,18,2,0.849,1,True,False,True,False,False,False,0.0,0.0,0.4316748113019926,Yes,Fiber optic,No,Yes,Yes,No,Yes,Yes,One year,Yes,Credit card (automatic),요금,1080820419,윤하윤,"고객이 청구 금액이 예상보다 높아 상담을 요청하였고, 상담사가 요금 조정과 사용량 확인을 약속했다."
8066-POXGX,13,35.1,446.1,373,34,1,0.31,0,True,False,True,False,False,False,1.0,0.0,0.4955528250006311,No phone service,DSL,No,Yes,No,No,No,Yes,Month-to-month,Yes,Electronic check,품질,1087764240,윤주원,"고객이 회사에 DSL 회선의 끊김 문제를 문의하였고, 상담사는 신호 상태 확인 후 기사 방문 예약과 요금제 재검토를 안내했다."
7682-AZNDK,34,89.85,3091.75,963,20,7,1.0,1,True,False,True,False,False,False,0.0,0.0,0.1716734624261084,No phone service,Fiber optic,No,Yes,Yes,No,Yes,No,Month-to-month,Yes,Electronic check,요금,1049970384,최민준,"고객이 청구 금액 문제를 상담사에게 문의하자, 상담사는 확인 후 지원하고 문자 청구서 수신으로 전환하거나 기술지원팀에 연결하겠다고 안내했다."
6300-BWMJX,59,93.35,5386.5,462,10,4,0.584,0,True,False,True,False,False,False,0.0,1.0,0.7280244016744605,Yes,Fiber optic,No,Yes,Yes,Yes,Yes,No,Month-to-month,Yes,Electronic check,해지,1000602222,임주원,고객이 요금 상승으로 해지를 고민하자 상담사가 대안을 제시하며 해지 및 위약금 정보를 안내했다.
3671-SHRSP,4,80.6,319.15,274,11,1,0.73,1,True,False,True,False,False,False,1.0,0.0,0.2793183167323684,No phone service,Fiber optic,No,Yes,Yes,Yes,No,No,Month-to-month,Yes,Mailed check,요금,1012048389,권주원,고객이 기가라이트 500M 요금 청구액 증가에 대해 문의하자 상담사는 요금제와 사용량 불일치를 확인하고 더 적합한 요금제로 변경할 것을 제안했다.
1899-VXWXM,48,106.1,5082.8,370,90,3,1.0,1,True,False,True,False,False,False,1.0,1.0,0.8491466049798275,Yes,Fiber optic,No,Yes,Yes,No,Yes,Yes,One year,Yes,Credit card (automatic),해지,1086849880,안서현,고객이 인터넷 속도 불만으로 변경 의사를 밝히자 상담사가 해지를 수긍했다.
7516-GMHUV,50,105.05,5163.3,0,0,0,1.0,1,True,False,True,False,False,False,0.0,0.0,0.0866895955605111,Yes,Fiber optic,Yes,Yes,Yes,No,Yes,Yes,Two year,Yes,Credit card (automatic),해당 없음,1050835584,이예준,대화 내용이 없음을 확인했습니다.
7255-SSFBC,72,112.25,8041.65,411,66,2,0.845,0,True,False,True,False,False,False,0.0,0.0,0.0283309012497062,Yes,Fiber optic,No,Yes,Yes,Yes,Yes,Yes,Two year,Yes,Electronic check,품질,1077061383,박지우,"고객이 Fiber optic 연결 문제를 상담사에게 문의하였고, 상담사는 문제 해결을 위해 단계별로 확인 및 조치를 안내하며 진행 사항을 문자로 전달하기로 했다."
8199-ZLLSA,67,118.35,7804.15,838,229,2,0.89,1,True,False,True,False,False,False,1.0,1.0,0.9799126347271734,Yes,Fiber optic,Yes,Yes,Yes,Yes,Yes,Yes,One year,Yes,Electronic check,요금,1084361274,최서준,"고객이 이번 달 높은 요금을 문의하자, 상담사는 부가서비스 자동 갱신을 확인하고 해제 및 환불 가능성을 안내하겠다고 답했다."
1493-AMTIE,1,20.2,20.2,201,5,5,0.33,0,True,False,True,False,False,False,1.0,0.0,0.3035580264601696,No phone service,No,No internet service,No internet service,No internet service,No internet service,No internet service,No internet service,Month-to-month,Yes,Electronic check,품질,1085783238,김지우,"고객이 No 회의 중 끊김 문제에 대해 문의하자, 상담사가 단계별로 상태를 확인하고 해결 방안을 제시하며 접수번호를 안내했다."
5035-PGZXH,56,106.8,5914.4,0,0,0,1.0,0,True,False,True,False,False,False,0.0,0.0,0.4972679466888847,Yes,Fiber optic,No,Yes,Yes,No,Yes,Yes,One year,Yes,Electronic check,해당 없음,1022802499,박예준,대화 내용이 없음을 요약합니다.
8028-PNXHQ,62,24.25,1424.6,284,13,0,0.334,0,True,False,True,False,False,False,0.0,0.0,0.0515501548654618,Yes,No,No internet service,No internet service,No internet service,No internet service,No internet service,No internet service,Two year,Yes,Electronic check,품질,1028811325,최도윤,고객이 회의 중 끊김 문제로 상담을 요청하자 상담사가 신호 문제를 발견하고 기사 방문 예약 및 요금제 적합성 재검토를 안내했다.
0697-ZMSWS,4,85.65,338.9,427,14,4,1.0,0,True,False,True,False,False,False,1.0,1.0,0.7604073110144242,Yes,Fiber optic,No,Yes,No,No,No,Yes,Month-to-month,Yes,Electronic check,장애,1075368438,권하은,고객은 인터넷 오류를 신고하고 상담사는 문제를 확인 후 임시 데이터 제공과 현장 점검을 검토하겠다고 안내했다.
5197-LQXXH,71,83.3,5894.5,986,12,2,1.0,0,True,False,True,False,False,False,0.0,0.0,0.0674263096133442,Yes,DSL,No,Yes,Yes,Yes,Yes,Yes,Two year,Yes,Credit card (automatic),장애,1067302661,김서준,고객이 퇴근 시간에 와이파이 문제를 신고하자 상담사가 데이터 제공 및 현장 점검을 언급하며 해결 방안을 제시했다.
3055-MJDSB,9,24.6,190.1,185,9,0,0.491,0,True,False,True,False,False,False,0.0,0.0,0.4697692180488788,No phone service,DSL,No,Yes,No,No,No,No,Month-to-month,Yes,Mailed check,해지,1001991111,안지호,"고객이 서비스 품질 문제로 해지를 고려하며 상담을 요청하자, 상담사가 대안을 제시하고 진행 상황을 문자로 안내하기로 했다."
0080-OROZO,35,99.25,3532.0,276,56,1,0.636,1,True,False,True,False,False,False,0.0,1.0,0.8063571757237761,No phone service,Fiber optic,No,Yes,Yes,Yes,Yes,Yes,One year,Yes,Electronic check,요금,1007485890,박시우,"고객이 청구 금액이 평소보다 많이 나왔다고 문의하자 상담사가 요금제 적합성 검토 후 변경 시 절감 가능성을 안내하고, 진행 상황을 문자로 알려주기로 했다."
6248-TKCQV,70,80.6,5460.2,361,57,3,0.661,0,True,False,True,False,False,False,0.0,0.0,0.120767563666478,Yes,DSL,Yes,Yes,No,Yes,Yes,Yes,Two year,Yes,Electronic check,품질,1030582978,황하윤,"고객의 DSL 연결 불량 문제를 상담사가 확인하고, 기사 방문 예약 및 요금제 재검토를 약속했다."
7722-VJRQD,72,60.95,4549.05,304,16,0,0.396,1,True,False,True,False,False,False,0.0,0.0,0.0262472849209997,No phone service,DSL,Yes,Yes,Yes,Yes,Yes,Yes,Two year,Yes,Electronic check,요금,1012509404,신예준,"고객이 청구금액에 대한 확인 요청을 하자, 상담사가 요금제 변경을 통해 절감 가능성을 안내하고 진행 상황을 문자로 알리겠다고 전했다."
3967-VQOGC,67,24.9,1680.25,198,23,0,0.447,0,True,False,True,False,False,False,0.0,0.0,0.0071140642492592,Yes,No,No internet service,No internet service,No internet service,No internet service,No internet service,No internet service,Two year,Yes,Mailed check,해지,1077522893,임하윤,"고객이 서비스 품질 문제로 해지를 고려하며 상담을 요청하자, 상담사가 해지 사유를 확인하고 대안 및 위약금 정보를 안내했다."
9081-WWXKP,47,20.25,873.4,290,130,2,0.0,0,True,False,True,False,False,False,0.0,0.0,0.3254148416562641,No phone service,No,No internet service,No internet service,No internet service,No internet service,No internet service,No internet service,Two year,Yes,Credit card (automatic),해지,1002026168,조주원,고객이 통화 품질 불만으로 해지를 원한다고 상담사에게 말하고 있다.
6794-HKIAJ,62,90.7,5586.45,955,189,1,0.5,0,True,False,True,False,False,False,0.0,1.0,0.5470245450808203,Yes,Fiber optic,Yes,Yes,Yes,No,No,No,Month-to-month,Yes,Electronic check,해지,1057935227,권시우,고객이 해지를 고려하자 상담사가 불편사항을 개선하고 대안을 제안하기 위해 필요한 정보를 조회하겠다고 응답했다.
6873-UDNLD,40,67.45,2731.0,670,146,4,0.46,1,True,False,True,False,False,False,0.0,0.0,0.4138992036356134,No phone service,DSL,Yes,Yes,Yes,No,No,Yes,Month-to-month,Yes,Electronic check,요금,1057675665,서지우,고객이 요금 증가에 대해 문의하자 상담사가 변경 내역을 확인하고 해제 및 환불 가능성을 안내했습니다.
4801-KFYKL,8,19.45,159.2,473,26,1,0.48,1,True,False,True,False,False,False,0.0,0.0,0.0090554630453946,No phone service,No,No internet service,No internet service,No internet service,No internet service,No internet service,No internet service,Month-to-month,Yes,Electronic check,장애,1073971184,조도윤,고객이 인터넷 장애로 문의하자 상담사가 복구 작업 중임을 알리고 ETA와 임시 조치를 문자로 안내하겠다고 했습니다.
0230-UBYPQ,63,36.1,2298.9,187,15,0,0.242,0,True,False,True,False,False,False,0.0,0.0,0.268130554385715,No phone service,DSL,Yes,Yes,No,Yes,No,No,One year,Yes,Electronic check,요금,1086567483,장서준,고객이 기업용 프리미엄 요금 청구 금액 증가에 대한 문의를 하자 상담사가 요금제 적합성 검토와 변경 제안을 하며 문제 해결을 안내했다.
2335-GSODA,23,40.1,857.75,479,23,1,0.313,0,True,False,True,False,False,False,0.0,0.0,0.0380517282243304,No phone service,DSL,Yes,Yes,Yes,Yes,No,No,Two year,Yes,Mailed check,품질,1003625478,권지우,"고객이 DSL 인터넷 끊김 문제를 상담사에게 문의하였고, 상담사는 점검 후 기사 방문 예약과 요금제 재검토에 대한 안내를 제공했다."
1266-NZYUI,72,66.85,4758.8,310,37,1,0.303,0,True,False,True,False,False,False,0.0,0.0,0.0167493575981412,Yes,DSL,Yes,Yes,Yes,Yes,No,No,Two year,Yes,Electronic check,해지,1016377642,최하린,"고객이 품질 문제로 해지를 고려하며 약정과 위약금에 대해 문의하자, 상담사는 대안을 제시하고 해지 접수를 안내했다."
4295-YURET,56,72.6,4084.35,150,25,1,0.5,1,True,False,True,False,False,False,0.0,0.0,0.0131449179981104,No phone service,DSL,Yes,Yes,No,Yes,Yes,Yes,Two year,Yes,Credit card (automatic),요금,1038623569,안지우,"고객이 서비스 상태 확인을 위해 연락했으며, 상담사가 정상 작동 중이라고 응답했다."
6119-SPUDB,46,38.25,1755.35,285,120,4,0.28,0,True,False,True,False,False,False,0.0,0.0,0.0022869398840192,No phone service,DSL,Yes,Yes,Yes,Yes,No,No,Two year,Yes,Mailed check,품질,1032550191,윤연우,"고객의 인터넷 속도 문제에 대해 상담사가 채널 변경과 모뎀 재설정을 제안하고, 방문 점검 예약을 진행하기로 했다."
1261-FWTTE,23,34.65,768.45,603,120,4,0.27,0,True,False,True,False,False,False,0.0,0.0,0.0053105623475299,No phone service,DSL,No,Yes,No,No,No,Yes,Month-to-month,Yes,Electronic check,품질,1075914461,권지우,"고객이 저녁 시간 속도 저하를 호소하자 상담사가 채널 변경과 모뎀 재설정, 방문 점검 예약을 제안한다."
8668-KNZTI,52,53.75,2790.65,260,16,2,0.46,0,True,False,True,False,False,False,0.0,0.0,0.1858541864252944,No phone service,DSL,Yes,Yes,Yes,No,No,No,One year,Yes,Electronic check,요금,1099009394,권하준,"고객이 기업용 베이직 청구금액 증가에 대해 문의하자, 상담사가 부가서비스 해지와 요금제 적합성 검토를 약속하며 진행 사항을 문자로 안내하겠다고 했다."
9895-VFOXH,1,24.4,24.4,762,243,3,0.8,1,True,False,True,False,False,False,0.0,0.0,0.4407604467671161,No phone service,DSL,No,Yes,No,No,No,No,Month-to-month,Yes,Mailed check,요금,1010015296,서지유,고객이 요금 상승에 대해 문의하자 상담사가 요금제 변경을 확인하고 환불 가능성을 검토하기로 했다.
5339-TJFEK,62,105.5,6487.2,867,262,2,0.79,1,True,False,True,False,False,False,0.0,0.0,0.0204318165938485,Yes,Fiber optic,Yes,Yes,No,No,Yes,Yes,Month-to-month,Yes,Electronic check,장애,1097299908,서주원,"고객은 인터넷 장애에 대한 안내를 요청했고, 상담사는 복구 작업 중이며 문자로 ETA와 임시 조치를 안내하겠다고 말함."
5980-NOPLP,44,96.1,4364.1,858,249,2,0.77,1,True,False,True,False,False,False,1.0,1.0,0.9928648559554116,Yes,Fiber optic,No,Yes,No,No,Yes,Yes,Month-to-month,Yes,Electronic check,요금,1086177411,이하린,"고객이 요금 상승에 대해 문의하자 상담사가 부가서비스 자동 갱신을 확인하고 환불 여부를 안내하며, 고객은 다음 달에는 안정된 요금을 부탁했다."
8844-TONUD,13,96.65,1162.85,304,14,3,0.682,0,True,False,True,False,False,False,1.0,1.0,0.8301015283680184,No phone service,Fiber optic,No,Yes,Yes,No,Yes,Yes,Month-to-month,Yes,Mailed check,해지,1015941130,황하윤,"고객이 요금 인상으로 해지를 고려 중이지만, 상담사가 대안 제시와 혜택 안내를 통해 문제 해결을 시도하는 대화입니다."
3266-FTKHB,17,19.15,343.45,295,22,0,0.43,0,True,False,True,False,False,False,0.0,0.0,0.0125251164379279,No phone service,No,No internet service,No internet service,No internet service,No internet service,No internet service,No internet service,Two year,Yes,Mailed check,해지,1084703309,김연우,"고객이 품질 문제로 해지를 고려하며 약정과 위약금을 문의하자, 상담사가 대안과 함께 해지 절차를 안내했다."
6828-HMKWP,12,21.05,262.05,392,40,0,0.594,0,True,False,True,False,False,False,0.0,0.0,0.0203699750639467,No phone service,No,No internet service,No internet service,No internet service,No internet service,No internet service,No internet service,Two year,Yes,Electronic check,품질,1066475291,조주원,"고객이 집에서 기가 와이파이 홈 사용 중 회의 중 끊김 문제를 상담사에게 문의하였고, 상담사는 점검 및 최적화 방법을 안내하며 진행 상황을 문자로 알리겠다고 했습니다."
7296-PIXQY,14,70.2,1046.5,307,70,2,0.662,0,True,False,True,False,False,False,0.0,1.0,0.7065078482011666,No phone service,Fiber optic,No,Yes,No,No,No,No,Month-to-month,Yes,Electronic check,품질,1021141273,장지우,"고객이 광랜 회의 중 끊김 문제를 상담하자, 상담사는 점검 후 기사 방문을 예약하고 요금제 조정을 제안하며 진행 사항을 문자로 안내하겠다고 밝혔다."
0707-HOVVN,70,75.5,5212.65,529,33,4,0.27,0,True,False,True,False,False,False,0.0,0.0,0.0022926116678032,Yes,DSL,No,Yes,Yes,Yes,Yes,No,Two year,Yes,Electronic check,품질,1094425133,한민준,"고객은 저녁에 인터넷 속도가 느려지는 문제를 상담사에게 문의하며, 상담사는 채널 변경과 모뎀 재설정 후 방문 점검 예약을 제안했다."
8947-YRTDV,32,94.8,3131.55,349,45,3,0.534,0,True,False,True,False,False,False,0.0,1.0,0.6085983805435389,No phone service,Fiber optic,Yes,Yes,Yes,No,No,Yes,One year,Yes,Mailed check,품질,1071558784,황지우,"고객이 광모뎀의 끊김 문제로 상담을 요청하였고, 상담사는 문제 확인 후 기사 방문을 예약하고 요금제 적합성을 재검토하기로 하였다."
9912-GVSEQ,26,93.85,2381.55,285,34,0,0.675,0,True,False,True,False,False,False,1.0,1.0,0.771366960961329,Yes,Fiber optic,No,Yes,Yes,No,No,Yes,Month-to-month,Yes,Electronic check,해지,1071978676,서하윤,"고객은 요금 인상이 불만스럽고 해지를 고려하며 약정 및 위약금에 대해 문의했고, 상담사는 다양한 해결책과 요금 인하 옵션을 제안하였다."
3285-UCQVC,37,28.6,973.55,689,180,5,0.5,0,True,False,True,False,False,False,1.0,0.0,0.1681643324448317,No phone service,DSL,No,Yes,No,Yes,No,No,Month-to-month,Yes,Credit card (automatic),품질,1098077449,조시우,고객이 데이터 속도가 느리다고 신고하자 상담사는 네트워크 상태 점검과 재등록을 제안했다.
4710-NKCAW,5,64.4,316.9,331,10,0,0.207,0,True,False,True,False,False,False,0.0,1.0,0.7249765128747934,Yes,DSL,Yes,Yes,No,Yes,No,No,Month-to-month,Yes,Credit card (automatic),해지,1071318641,장하은,고객이 품질 문제로 해지를 고려하고 상담사가 대안과 위약금 정보를 제공하며 해지 여부를 논의하는 대화 내용.
3209-ZPKFI,47,54.25,2538.2,869,107,4,0.0,1,True,False,True,False,False,False,0.0,0.0,0.024361294312058,Yes,DSL,No,Yes,No,No,No,No,Month-to-month,Yes,Electronic check,장애,1000152974,최지호,"고객의 TV 끊김 문제에 대해 상담사가 원인 파악과 해결 방법을 안내하며, 필요 시 문자로 결과를 전달하고 앱에서 처리할 수 있도록 도와주는 대화입니다."
2380-DAMQP,72,115.15,8349.7,443,19,0,0.777,0,True,False,True,False,False,False,0.0,0.0,0.0475694777953468,Yes,Fiber optic,Yes,Yes,Yes,Yes,Yes,Yes,Two year,Yes,Electronic check,해지,1023938764,김연우,고객이 요금 인상으로 해지를 고려하자 상담사가 불만 해결과 요금 조정 옵션을 제안하며 지원하였다.
8318-LCNBW,35,53.15,1930.9,253,15,0,0.508,0,True,False,True,False,False,False,0.0,0.0,0.1172907135707043,No phone service,DSL,Yes,Yes,Yes,No,Yes,Yes,One year,Yes,Credit card (automatic),해지,1059702342,한서준,"고객이 서비스 품질 문제로 해지를 고려하며 약정 및 위약금에 대해 문의했고, 상담사는 대안과 해지 절차를 안내했다."
7825-ECJRF,19,106.6,1934.45,343,9,2,0.759,0,True,False,True,False,False,False,1.0,0.0,0.4821882612866776,No phone service,Fiber optic,Yes,Yes,Yes,Yes,Yes,Yes,Month-to-month,Yes,Electronic check,품질,1044629863,장서준,"고객이 광 인터넷 연결 문제로 상담에 문의하자, 상담사가 점검 후 기사 방문을 예약하고 요금제 재검토를 약속했다."
3274-NSDWE,68,19.6,1441.65,403,51,2,1.0,1,True,False,True,False,False,False,0.0,0.0,0.0054589798816724,No phone service,No,No internet service,No internet service,No internet service,No internet service,No internet service,No internet service,Two year,Yes,Credit card (automatic),장애,1071139301,조지민,고객의 TV 끊김 문제에 대해 상담사가 네트워크 점검과 방문 기사 예약 등 해결책을 제안하며 데이터 리필 혜택을 제공하겠다고 안내했다.
1000-AJSLD,1,20.1,20.1,465,6,1,0.482,0,True,False,True,False,False,False,1.0,0.0,0.2812704131641154,No phone service,No,No internet service,No internet service,No internet service,No internet service,No internet service,No internet service,Month-to-month,Yes,Mailed check,장애,1074615192,최연우,"고객이 인터넷 장애로 상담사에게 문의하고, 상담사는 장애 점검과 보상 안내, 요금제 재검토를 진행하기로 했습니다."
9347-AERRL,23,19.3,486.2,180,74,1,0.428,0,True,False,True,False,False,False,0.0,0.0,0.0312182328328701,No phone service,No,No internet service,No internet service,No internet service,No internet service,No internet service,No internet service,One year,Yes,Credit card (automatic),해지,1086914443,황하윤,고객이 서비스 품질 문제로 해지를 고려하고 상담사가 대안과 위약금을 안내하며 해지 절차를 도와주기로 함.
4881-JVQOD,10,34.55,362.6,249,15,0,0.322,0,True,False,True,False,False,False,0.0,0.0,0.3829038149504151,No phone service,DSL,No,Yes,No,No,No,Yes,Month-to-month,Yes,Electronic check,품질,1008470513,신하린,"고객이 DSL 회의 중 끊김 문제를 상담사에게 문의하였고, 상담사는 문제 해결을 위한 점검과 조치를 안내하며 접수번호를 제공했다."
6344-SFJVH,20,24.9,505.95,945,193,3,0.36,1,True,False,True,False,False,False,0.0,0.0,0.0671990999653152,No phone service,DSL,No,Yes,No,No,No,No,Month-to-month,Yes,Credit card (automatic),요금,1054701033,윤하준,고객이 요금 상승에 대해 문의하자 상담사가 요금제 변경 사실을 확인하고 취소 및 환불 여부를 안내하겠다고 응답했다.
5663-QBGIS,72,98.35,6929.4,0,0,0,1.0,1,True,False,True,False,False,False,0.0,0.0,0.0215586798838851,Yes,Fiber optic,No,Yes,No,No,Yes,Yes,Two year,Yes,Electronic check,해당 없음,1044550682,임하린,특별한 내용을 담고 있지 않은 대화입니다.
9888-ZCUMM,64,60.05,3845.45,323,21,0,0.339,0,True,False,True,False,False,False,0.0,0.0,0.1267373632742734,No phone service,DSL,Yes,Yes,Yes,Yes,Yes,Yes,Two year,Yes,Electronic check,품질,1049141109,정하윤,고객이 DSL 회의 중 끊김 문제를 상담하자 상담사가 신호 약화를 확인하고 기사 방문 예약 및 요금제 적합성 검토를 안내했다.
3777-XROBG,58,19.55,1079.65,302,21,1,0.307,0,True,False,True,False,False,False,0.0,0.0,0.0248227879576151,No phone service,No,No internet service,No internet service,No internet service,No internet service,No internet service,No internet service,Two year,Yes,Credit card (automatic),장애,1004211718,한서연,"고객이 인터넷 장애로 상담 요청을 했고, 상담사가 지역 장애를 확인 후 LTE 백업 연결을 제공하며 요금제 적합성을 재계산하겠다고 안내했다."
7279-NMVJC,17,19.9,323.15,0,0,0,0.0,1,True,False,True,False,False,False,0.0,0.0,0.0120515093892904,No phone service,No,No internet service,No internet service,No internet service,No internet service,No internet service,No internet service,One year,Yes,Electronic check,해당 없음,1007968273,박시우,대화 내용이 없음을 나타냅니다.
2565-JSLRY,1,24.05,24.05,1114,100,3,0.0,0,True,False,True,False,False,False,1.0,1.0,0.780430696025047,Yes,No,No internet service,No internet service,No internet service,No internet service,No internet service,No internet service,Month-to-month,Yes,Mailed check,품질,1000582963,권도윤,"고객이 영상 버퍼링 문제를 상담사에게 문의하자, 상담사는 네트워크 초기화를 제안하고 문자로 처리 결과를 안내하겠다고 답했다."
4530-NDRKU,42,19.05,761.85,341,21,2,0.47,1,True,False,True,False,False,False,0.0,0.0,0.0034484815442059,No phone service,No,No internet service,No internet service,No internet service,No internet service,No internet service,No internet service,One year,Yes,Electronic check,장애,1076903399,김하린,"고객은 인터넷 연결 문제를 문의했고, 상담사는 지역 장애가 있어 복구 작업 중이며 ETA와 임시 조치를 문자로 안내하겠다고 답했다."
2378-VTKDH,65,104.35,6578.55,371,59,1,0.875,0,True,False,True,False,False,False,0.0,1.0,0.6568773309027077,Yes,Fiber optic,No,Yes,Yes,No,Yes,Yes,Month-to-month,Yes,Electronic check,품질,1068241783,장민준,고객이 회의 중 끊김 문제에 대해 상담 요청하자 상담사가 문제 해결을 위한 점검과 안내를 제공하였다.
3633-CDBUW,17,80.85,1445.95,907,248,2,0.53,1,True,False,True,False,False,False,0.0,1.0,0.5916732760112162,No phone service,DSL,No,Yes,Yes,Yes,Yes,Yes,One year,Yes,Electronic check,요금,1094762261,정서준,고객이 이번 달 요금이 높다고 문의하자 상담사가 요금제 변경을 확인하고 즉시 해제 및 환불 가능 여부를 안내하겠다고 답변했다.
5302-BDJNT,35,95.5,3418.2,0,0,0,1.0,1,True,False,True,False,False,False,0.0,0.0,0.3064400056633597,Yes,Fiber optic,No,Yes,Yes,Yes,Yes,No,Month-to-month,Yes,Electronic check,해당 없음,1008322734,안지호,대화 내용이 없음을 표현합니다.
0135-NMXAP,12,89.75,1052.4,181,26,4,0.702,1,True,False,True,False,False,False,1.0,0.0,0.2555999330855974,Yes,Fiber optic,No,Yes,No,No,Yes,No,Month-to-month,Yes,Electronic check,요금,1083042091,한주원,고객이 기업용 베이직 요금 청구에 대한 불만을 제기하자 상담사가 청구 내역과 사용량을 확인하고 부가서비스 해지 및 요금 조정 가능성을 검토하기로 했다.
8777-PVYGU,52,64.3,3410.6,277,15,0,0.296,1,True,False,True,False,False,False,0.0,0.0,0.2429439518269432,No phone service,DSL,Yes,Yes,Yes,No,Yes,No,One year,Yes,Mailed check,요금,1001649151,오도윤,고객이 청구금액 증가에 대해 문의하자 상담사가 청구 내역과 부가서비스를 확인하고 조정 가능성을 안내하며 진행 사항을 문자로 알리기로 했다.
6288-CHQJB,54,69.95,3871.85,0,0,0,0.5,1,True,False,True,False,False,False,0.0,0.0,0.017978831965921,No phone service,DSL,Yes,Yes,Yes,Yes,No,Yes,Two year,Yes,Electronic check,해당 없음,1026694283,이예준,대화 내용이 없음을 요약함.
9830-ECLEN,58,50.0,2919.85,920,164,4,0.5,1,True,False,True,False,False,False,0.0,0.0,0.0171917856558931,No phone service,DSL,Yes,Yes,Yes,No,Yes,No,One year,Yes,Mailed check,요금,1005018642,이도윤,고객이 이중 청구를 의심하자 상담사가 문제를 확인하고 해결 방안을 제안하는 대화.
3808-HFKDE,20,44.35,927.15,300,5,5,0.463,0,True,False,True,False,False,False,0.0,0.0,0.3470350723686816,No phone service,DSL,No,Yes,No,No,No,No,Month-to-month,Yes,Electronic check,해지,1018820035,조민준,고객이 서비스 해지를 고려하며 상담 요청을 하자 상담사는 해지 사유를 묻고 대안을 제시하며 위약금을 안내했다.
3580-HYCSP,72,110.3,7966.9,369,21,0,0.839,1,True,False,True,False,False,False,0.0,0.0,0.0325422975122377,Yes,Fiber optic,Yes,Yes,Yes,No,Yes,Yes,Two year,Yes,Electronic check,요금,1058077139,박주원,"고객이 청구 금액 증가에 대해 상담 요청을 했고, 상담사는 사용량 및 부가서비스 점검 후 조정을 안내하였습니다."
9795-NREXC,64,85.0,5484.4,276,39,0,0.599,0,True,False,True,False,False,False,0.0,0.0,0.0593350054500928,Yes,DSL,Yes,Yes,Yes,Yes,Yes,Yes,Two year,Yes,Credit card (automatic),품질,1032550977,조하윤,"고객이 DSL 연결 문제로 상담을 요청하였고, 상담사가 점검 후 기사 방문을 예약하며 요금제 적합성을 확인하기로 했다는 내용입니다."
3794-NFNCH,30,50.0,1474.9,100,15,1,0.5,1,True,False,True,False,False,False,0.0,0.0,0.0154119739024807,No phone service,DSL,No,Yes,Yes,No,No,No,Month-to-month,Yes,Mailed check,요금,1040273374,신하윤,고객이 요금 입금 확인을 요청하자 상담사가 확인해 주었다.
4402-FTBXC,54,89.8,4667.0,242,192,3,0.0,1,True,False,True,False,False,False,0.0,0.0,0.0997035288411829,No phone service,Fiber optic,Yes,Yes,Yes,No,Yes,No,Month-to-month,Yes,Mailed check,요금,1066898104,서연우,고객이 이중 청구를 의심하자 상담사가 네트워크 상태 점검과 문자 청구서 전환을 제안했다.
4909-JOUPP,72,109.7,7898.45,356,39,1,0.862,0,True,False,True,False,False,False,0.0,0.0,0.0382734919863377,Yes,Fiber optic,No,Yes,Yes,Yes,Yes,Yes,Two year,Yes,Credit card (automatic),품질,1099968624,오지우,"고객이 광 인터넷 연결 문제로 상담을 요청하였고, 상담사는 문제 해결을 위한 다양한 점검과 제안을 제공하며, 진행 사항을 문자로 안내하겠다고 전달했다."
6857-TKDJV,67,24.65,1620.45,793,175,3,0.53,1,True,False,True,False,False,False,0.0,0.0,0.0095888433062856,Yes,No,No internet service,No internet service,No internet service,No internet service,No internet service,No internet service,Two year,Yes,Electronic check,요금,1043334581,황서준,고객이 요금 상승에 대한 확인과 조정을 요청하자 상담사가 해제 처리와 환불 가능성을 안내했다.
0428-AXXLJ,25,19.5,516.3,277,71,5,0.0,0,True,False,True,False,False,False,0.0,0.0,0.1405075488468859,No phone service,No,No internet service,No internet service,No internet service,No internet service,No internet service,No internet service,One year,Yes,Electronic check,장애,1093402504,서지민,고객의 인터넷 문제를 상담사가 확인하고 원격 점검을 통해 해결 방안을 모색하는 대화.
8920-NAVAY,62,110.75,7053.35,785,114,3,0.42,0,True,False,True,False,False,False,0.0,0.0,0.009631447995302,Yes,Fiber optic,No,Yes,Yes,Yes,Yes,Yes,One year,Yes,Electronic check,품질,1042445680,한하은,고객이 저녁 시간대 속도 저하 문제로 상담사에게 모뎀 재설정과 기사 방문 점검을 요청했다.
5815-HGGHV,20,64.15,1274.45,1043,223,2,1.0,1,True,False,True,False,False,False,0.0,0.0,0.0163312793868664,No phone service,DSL,Yes,Yes,No,Yes,No,Yes,One year,Yes,Mailed check,요금,1091619918,박지우,"고객이 청구 금액 문제를 문의하자 상담사가 프로모션 종료와 관련된 해법을 제시하며, 앱을 통한 처리를 도와주겠다고 답변했다."
4547-KQRTM,10,80.05,830.7,894,149,2,0.84,0,True,False,True,False,False,False,1.0,1.0,0.9864780367293928,Yes,Fiber optic,No,Yes,No,No,No,No,Month-to-month,Yes,Electronic check,해지,1038688514,최서현,고객이 서비스 해지를 원하지만 상담사가 개선 방안을 제안하며 시간 여유를 요청했다.
9442-JTWDL,11,20.05,237.7,305,13,0,0.443,0,True,False,True,False,False,False,0.0,0.0,0.0296833696835487,No phone service,No,No internet service,No internet service,No internet service,No internet service,No internet service,No internet service,One year,Yes,Credit card (automatic),품질,1076414778,정서준,"고객이 회의 중 끊김 문제로 상담 요청을 하였고, 상담사가 문제 해결을 위한 조치를 안내하며 요금제를 재검토하기로 했다."
9531-NSBMR,36,19.25,679.8,285,11,0,0.771,0,True,False,True,False,False,False,0.0,0.0,0.0079729595108092,No phone service,No,No internet service,No internet service,No internet service,No internet service,No internet service,No internet service,One year,Yes,Electronic check,품질,1012481439,윤지유,"고객이 집에서 인터넷 연결 불안정 문제를 문의하였고, 상담사가 문제 해결을 위한 점검과 조치를 안내하며 접수번호를 제공했다."
3966-HRMZA,3,75.05,202.9,271,16,0,0.608,1,True,False,True,False,False,False,0.0,1.0,0.690601883913682,No phone service,Fiber optic,No,Yes,Yes,No,No,No,Month-to-month,Yes,Mailed check,요금,1025159243,권서연,고객이 청구금액 증가에 대해 문의하자 상담사가 요금제와 부가서비스를 확인하고 조정 가능성을 안내하기로 하였다.
1293-BSEUN,72,20.7,1482.3,228,49,1,0.177,0,True,False,True,False,False,False,0.0,0.0,0.1077658456739546,No phone service,No,No internet service,No internet service,No internet service,No internet service,No internet service,No internet service,Two year,Yes,Mailed check,해지,1031832557,장서준,고객이 품질 문제로 해지를 고려하고 상담사가 혜택과 대안을 안내하며 문제 해결을 위해 노력하는 대화 내용.
9489-DEDVP,70,69.2,4872.35,360,22,1,0.514,0,True,False,True,False,False,False,0.0,0.0,0.0263392977225327,Yes,DSL,Yes,Yes,No,No,Yes,No,Two year,Yes,Credit card (automatic),품질,1000758481,임서연,"고객이 DSL 회의 중 끊김 문제로 상담하였고, 상담사는 점검 후 기사 방문을 예약하며 요금제 재검토도 하겠다고 안내했다."
8838-GPHZP,63,20.6,1298.7,534,162,3,0.44,1,True,False,True,False,False,False,0.0,0.0,0.0079408134181736,No phone service,No,No internet service,No internet service,No internet service,No internet service,No internet service,No internet service,Two year,Yes,Mailed check,요금,1035122339,한지민,고객이 요금 증가에 대한 확인과 조정을 요청하자 상담사가 해제 처리와 환불 여부를 확인하겠다고 답했다.
8249-THVEC,51,19.4,997.75,134,14,0,0.313,1,True,False,True,False,False,False,0.0,0.0,0.0342267233952597,No phone service,No,No internet service,No internet service,No internet service,No internet service,No internet service,No internet service,One year,Yes,Mailed check,요금,1082001767,권예준,고객이 청구 금액이 평소보다 많이 나왔다며 문의하자 상담사가 확인 후 부가서비스 해지 및 요금제 적합성 재검토를 약속했다.
9027-TMATR,43,78.8,3460.3,725,168,2,0.27,1,True,False,True,False,False,False,0.0,0.0,0.1369325768453646,No phone service,DSL,Yes,Yes,Yes,Yes,Yes,Yes,Two year,Yes,Electronic check,요금,1017528191,권지민,고객은 요금 상승에 대해 불만을 제기하고 상담사는 문제 해결을 약속했다.
7105-BENQF,15,64.85,950.75,700,91,2,0.42,0,True,False,True,False,False,False,0.0,0.0,0.0054842250712221,No phone service,DSL,Yes,Yes,Yes,No,No,Yes,One year,Yes,Mailed check,품질,1045475071,박지호,"고객이 저녁마다 인터넷 속도 저하 문제를 상담사에게 보고하자, 상담사는 채널 변경과 모뎀 재설정을 제안하며 기사 방문 점검을 예약하기로 했다."
3307-TLCUD,17,34.4,592.75,100,15,1,0.5,1,True,False,True,False,False,False,0.0,0.0,0.0186732824482421,No phone service,DSL,Yes,Yes,Yes,No,No,No,Month-to-month,Yes,Mailed check,요금,1050254313,이하린,"고객이 보낸 요금 34.45달러가 확인되었으며, 상담사와 고객 간의 간단한 인사로 대화가 마무리되었다."
1891-UAWWU,20,90.8,1951.0,432,12,4,0.828,0,True,False,True,False,False,False,1.0,1.0,0.5166323906164312,Yes,Fiber optic,No,Yes,Yes,No,Yes,No,Month-to-month,Yes,Electronic check,요금,1048697042,이지유,"고객이 요금 문제로 상담을 요청하였고, 상담사는 요금제 분석 후 적절한 요금제 변경을 제안하며 진행 상황을 문자로 안내하기로 했다."
8205-VSLRB,70,77.3,5498.2,1171,45,2,1.0,1,True,False,True,False,False,False,0.0,0.0,0.0144841890158921,Yes,DSL,Yes,Yes,Yes,Yes,No,Yes,Two year,Yes,Credit card (automatic),요금,1033201638,권지호,고객이 요금 상승에 대해 문의하자 상담사가 프로모션 종료를 설명하며 요금제 변경과 추가 할인 적용을 제안했다.
2521-NPUZR,70,101.0,7085.5,354,12,2,0.921,0,True,False,True,False,False,False,0.0,0.0,0.0305025740786881,No phone service,Fiber optic,Yes,Yes,Yes,Yes,No,Yes,Two year,Yes,Credit card (automatic),품질,1095633981,윤주원,"고객이 광 인터넷 끊김 문제로 상담을 요청하였고, 상담사는 문제 진단 후 기사 방문 예약과 요금제 재검토를 안내했다."
3400-ESFUW,55,57.55,3046.4,537,197,4,0.79,0,True,False,True,False,False,False,1.0,1.0,0.8760901509111968,No phone service,DSL,Yes,Yes,No,Yes,No,No,Two year,Yes,Electronic check,해지,1040297947,정예준,고객이 서비스 해지를 원하지만 상담사가 개선 방안을 제안하자 고객은 제안을 검토하기로 함.
6752-APNJL,42,54.5,2301.15,1034,141,2,1.0,0,True,False,True,False,False,False,0.0,0.0,0.3544297416827045,No phone service,DSL,Yes,Yes,No,No,No,No,Month-to-month,Yes,Mailed check,품질,1089099686,신주원,"고객이 영상 버퍼링 문제를 상담사에게 문의하자, 상담사는 신호 세기 문제 해결을 위한 조치를 안내하며 결과를 문자로 통보하겠다고 답변했다."
9975-SKRNR,1,18.9,18.9,1207,171,4,0.86,1,True,False,True,False,False,False,0.0,0.0,0.0980549588408241,No phone service,No,No internet service,No internet service,No internet service,No internet service,No internet service,No internet service,Month-to-month,Yes,Mailed check,요금,1080432755,조하윤,고객이 요금 인상에 대해 문의하자 상담사가 요금제 변경 사실을 확인하고 해제 및 환불 가능성을 안내했습니다.
8229-BUJHX,71,20.5,1500.95,0,0,0,0.0,1,True,False,True,False,False,False,0.0,0.0,0.0065382491152982,No phone service,No,No internet service,No internet service,No internet service,No internet service,No internet service,No internet service,Two year,Yes,Electronic check,해당 없음,1087950566,박민준,대화 내용이 없음을 요약함.
8189-DUKMV,4,20.5,79.05,257,9,4,0.0,0,True,False,True,False,False,False,0.0,0.0,0.0518966484782221,No phone service,No,No internet service,No internet service,No internet service,No internet service,No internet service,No internet service,One year,Yes,Electronic check,품질,1093092220,박서현,고객이 데이터 속도가 느리다고 문의하자 상담사가 네트워크 상태 점검과 해결 방안을 제시했다.
2506-CLAKW,6,98.15,567.45,370,90,3,1.0,0,True,False,True,False,False,False,1.0,1.0,0.960780823811187,No phone service,Fiber optic,Yes,Yes,Yes,Yes,No,Yes,Month-to-month,Yes,Electronic check,해지,1082743203,신예준,고객이 인터넷 연결 문제로 불만을 제기하며 서비스 해지를 원함.
3154-HMWUU,60,20.5,1198.8,465,216,2,0.47,0,True,False,True,False,False,False,0.0,0.0,0.0426161446984546,No phone service,No,No internet service,No internet service,No internet service,No internet service,No internet service,No internet service,Two year,Yes,Electronic check,해지,1000653221,박주원,고객이 해지를 고려하자 상담사가 개선 방안을 제안하고 제안서를 보내기로 했다.
5325-UWTWJ,31,90.55,2929.75,758,210,4,0.61,1,True,False,True,False,False,False,0.0,0.0,0.0147938047291589,Yes,Fiber optic,Yes,Yes,No,Yes,No,No,Month-to-month,Yes,Credit card (automatic),장애,1031683505,정하린,고객이 인터넷 장애에 대해 문의하자 상담사는 복구 중임을 알리고 ETA 및 가이드를 문자로 안내하겠다고 답변했다.
7450-NWRTR,12,99.45,1200.15,790,204,3,0.8,1,True,False,True,False,False,False,1.0,1.0,0.9932725041733518,Yes,Fiber optic,No,Yes,Yes,No,Yes,Yes,Month-to-month,Yes,Electronic check,요금,1047336920,권도윤,고객이 요금 상승을 문의하자 상담사가 부가서비스 자동 갱신을 확인하고 환불 절차를 안내하며 다음 달 안정성을 약속함.
6308-CQRBU,71,109.25,7707.7,472,48,0,0.92,0,True,False,True,False,False,False,0.0,0.0,0.2929642205244882,Yes,Fiber optic,No,Yes,Yes,Yes,Yes,Yes,Two year,Yes,Electronic check,장애,1087589303,서시우,"고객이 인터넷 문제로 상담사에게 연락했으며, 상담사는 지역 장애를 확인 후 LTE 백업을 제공하고 요금제 검토 및 진행 상황을 문자로 안내하겠다고 말했다."
0723-DRCLG,1,74.45,74.45,249,37,2,0.412,0,True,False,True,False,False,False,1.0,1.0,0.95453895098911,Yes,Fiber optic,No,Yes,No,No,No,No,Month-to-month,Yes,Electronic check,해지,1001189313,조서현,"고객이 품질 문제로 해지를 고려 중이며, 상담사가 해지 전 대안을 제시하고, 혜택을 안내하며 진행 상황을 문자로 전달하기로 했다."
5016-LIPDW,57,19.4,1061.6,372,71,2,0.42,0,True,False,True,False,False,False,0.0,0.0,0.0043828778226253,No phone service,No,No internet service,No internet service,No internet service,No internet service,No internet service,No internet service,One year,Yes,Mailed check,품질,1031201120,권하준,"고객이 저녁 속도 저하 문제로 상담사에게 문의하자, 상담사는 채널 변경과 모뎀 재설정, 그리고 필요시 기사 방문 점검을 제안하며 고객은 방문 예약을 요청했다."
5915-DGNVC,49,71.8,3472.05,195,18,0,0.751,1,True,False,True,False,False,False,0.0,0.0,0.0266547651331779,Yes,DSL,Yes,Yes,Yes,No,No,Yes,One year,Yes,Electronic check,요금,1040347128,조하준,고객이 기업용 베이직 요금이 평소보다 많이 나왔다고 문의하자 상담사가 청구 내역과 사용량을 확인하고 부가서비스 해지 및 요금 조정 가능성을 안내했다.
4550-VBOFE,70,102.95,7101.5,903,202,1,1.0,0,True,False,True,False,False,False,1.0,0.0,0.4718948719789121,Yes,Fiber optic,No,Yes,Yes,No,Yes,Yes,Month-to-month,Yes,Electronic check,해지,1064034565,정하준,"고객이 번호이동 문제를 문의하자 상담사가 확인 후 안내하고 재부팅 및 네트워크 초기화를 제안하며, 위약금을 조회하고 후속 연락을 약속했다."
8999-YPYBV,45,84.35,3858.05,340,22,1,0.76,0,True,False,True,False,False,False,0.0,0.0,0.0156284011272231,No phone service,DSL,Yes,Yes,Yes,Yes,Yes,Yes,Two year,Yes,Mailed check,품질,1051915121,정서준,"고객이 DSL 회의 중 끊김 문제를 상담하자, 상담사는 장비 상태 점검 후 기사 방문과 요금제 재검토를 약속했다."
8680-CGLTP,29,58.75,1696.2,373,60,2,0.3,0,True,False,True,False,False,False,0.0,0.0,0.0053916188087666,No phone service,DSL,Yes,Yes,No,Yes,No,No,One year,Yes,Electronic check,품질,1025325951,박지민,"고객이 저녁에 인터넷 속도 저하로 인해 상담사에게 문제 해결을 요청하고, 방문 점검 예약을 진행하는 대화입니다."
7998-ZLXWN,15,20.45,330.8,1026,175,4,0.6,1,True,False,True,False,False,False,0.0,0.0,0.0583313608760478,No phone service,No,No internet service,No internet service,No internet service,No internet service,No internet service,No internet service,Month-to-month,Yes,Credit card (automatic),요금,1002111980,최민준,고객이 요금 상승 이유와 조정을 요청하며 상담사가 이를 확인하겠다고 응답하는 대화입니다.
0129-KPTWJ,72,94.65,6747.35,803,132,4,0.49,1,True,False,True,False,False,False,0.0,0.0,0.0119919728827154,No phone service,Fiber optic,No,Yes,Yes,No,Yes,Yes,Month-to-month,Yes,Electronic check,장애,1011139494,박민준,"고객이 인터넷 문제로 상담하자, 상담사는 지역 장애로 인해 복구 중이며 ETA와 임시 조치를 문자로 안내하겠다고 설명했다."
2675-IJRGJ,53,19.65,978.0,231,5,1,0.307,1,True,False,True,False,False,False,0.0,0.0,0.0231111057374081,No phone service,No,No internet service,No internet service,No internet service,No internet service,No internet service,No internet service,Two year,Yes,Electronic check,요금,1044728558,권민준,고객이 청구금액 문제를 상담하자 상담사는 사용 내역과 요금제를 확인하고 부가서비스 해지를 제안하며 진행 상황을 문자로 안내하겠다고 했다.
6168-WFVVF,3,70.3,235.5,853,240,2,0.99,1,True,False,True,False,False,False,1.0,1.0,0.9773301847088648,No phone service,Fiber optic,No,Yes,No,No,No,No,Month-to-month,Yes,Electronic check,요금,1024210349,한하은,"고객이 요금 인상에 대해 문의하자, 상담사가 요금제 변경을 확인하고 환불 가능성을 검토하기로 했다."
9170-ARBTB,52,19.6,1012.4,207,7,2,0.495,0,True,False,True,False,False,False,0.0,0.0,0.0285735897568931,No phone service,No,No internet service,No internet service,No internet service,No internet service,No internet service,No internet service,One year,Yes,Credit card (automatic),품질,1059086144,박하린,"고객이 회의 중 끊김 문제로 상담을 요청하자, 상담사는 문제 확인 후 기사를 예약하고 요금제 적합성을 재계산하기로 했다."
4902-OHLSK,29,98.65,2862.75,747,116,2,0.5,0,True,False,True,False,False,False,1.0,1.0,0.7595956491782608,Yes,Fiber optic,No,Yes,No,Yes,Yes,Yes,Month-to-month,Yes,Electronic check,품질,1098555373,이도윤,고객이 영상 버퍼링 문제를 보고하자 상담사가 네트워크 점검과 초기화 방법을 안내했다.
5743-KHMNA,71,25.55,1898.1,314,27,2,0.26,1,True,False,True,False,False,False,0.0,0.0,0.0013289870725374,Yes,No,No internet service,No internet service,No internet service,No internet service,No internet service,No internet service,Two year,Yes,Electronic check,장애,1044471926,조지호,"고객은 인터넷 장애로 상담사에게 복구 시간을 문의했으며, 상담사는 문자로 ETA와 가이드를 안내하겠다고 응답했다."
8138-EALND,15,19.75,311.6,267,5,1,0.235,1,True,False,True,False,False,False,0.0,0.0,0.2517096709271578,No phone service,No,No internet service,No internet service,No internet service,No internet service,No internet service,No internet service,Month-to-month,Yes,Mailed check,요금,1044309262,신도윤,"고객이 청구금액이 예상보다 많아 확인을 요청하자, 상담사가 요금제 적합성을 분석하고 변경 시 절감 가능성을 안내하며 진행 상황을 문자로 알려주겠다고 응답했다."
2546-KZAAT,52,75.4,3865.45,140,25,1,0.5,1,True,False,True,False,False,False,0.0,0.0,0.0139325915232295,No phone service,DSL,Yes,Yes,No,No,Yes,Yes,One year,Yes,Mailed check,품질,1012065798,신지호,"고객이 인터넷 속도가 느려진 문제를 상담사에게 문의하자, 상담사가 신호를 재설정해 주고 고객이 감사의 인사를 전했다."
2433-KMEAS,22,54.45,1127.35,360,90,3,0.5,0,True,False,True,False,False,False,1.0,1.0,0.9105091822733234,Yes,DSL,Yes,Yes,No,No,No,No,Month-to-month,Yes,Electronic check,해지,1018456580,장지우,고객이 인터넷 속도 문제로 짜증을 내며 상담사에게 해지를 요청했다.
4778-IZARL,63,110.1,6705.7,446,55,2,1.0,1,True,False,True,False,False,False,0.0,0.0,0.0874194611445434,No phone service,Fiber optic,Yes,Yes,Yes,Yes,Yes,Yes,Two year,Yes,Credit card (automatic),해지,1078132911,신서현,"고객이 서비스 해지를 고려 중이며, 상담사는 네트워크 상태 점검과 혜택 안내를 제공하겠다고 답변했다."
6556-DBKZF,71,76.05,5436.45,304,29,1,0.446,0,True,False,True,False,False,False,0.0,0.0,0.0918005383670288,No phone service,Fiber optic,No,Yes,Yes,No,No,No,Two year,Yes,Electronic check,품질,1028355806,정서현,"고객이 회의 중 끊김 문제로 상담 요청을 하였고, 상담사는 원인 확인 후 기사 방문 예약과 요금제 검토를 진행하겠다고 안내하였다."
2189-UXTKY,22,79.2,1742.75,350,70,1,0.5,0,True,False,True,False,False,False,1.0,1.0,0.9144451896274144,Yes,DSL,Yes,Yes,No,Yes,Yes,Yes,Month-to-month,Yes,Electronic check,해지,1023130233,박하은,고객이 요금 인상이 부담스럽다며 해지를 요청했다.
0668-OGMHD,21,28.5,629.35,278,5,2,0.511,0,True,False,True,False,False,False,0.0,0.0,0.1632057765748966,No phone service,DSL,Yes,Yes,No,No,No,No,Month-to-month,Yes,Electronic check,해지,1047809316,김민준,"고객이 품질 문제로 해지를 고려하고 있으며, 상담사는 문제 해결과 대안을 제시하며 해지 접수를 안내했다."
0147-ESWWR,39,101.25,3949.15,436,43,0,0.705,0,True,False,True,False,False,False,0.0,1.0,0.7633026077383986,Yes,Fiber optic,No,Yes,No,Yes,Yes,Yes,Month-to-month,Yes,Electronic check,해지,1090697889,임하준,"고객이 요금 인상 문제로 해지를 고려하자, 상담사가 해지 전 대안과 장기 고객 혜택을 안내하며 지원을 약속했다."
0572-ZJKLT,46,99.65,4630.2,321,22,0,0.786,0,True,False,True,False,False,False,0.0,0.0,0.1113536523712647,Yes,Fiber optic,Yes,Yes,Yes,Yes,No,Yes,Two year,Yes,Mailed check,해지,1074976102,신연우,"고객이 요금 인상으로 해지 고려 중이라 상담사에게 약정 및 위약금 문의를 하였고, 상담사는 대안과 혜택을 안내하며 진행 사항을 문자로 전달하기로 했다."
0804-XBFBV,11,25.2,321.05,708,78,4,0.21,0,True,False,True,False,False,False,0.0,0.0,0.0061542868129681,No phone service,DSL,No,Yes,No,No,No,No,Month-to-month,Yes,Electronic check,품질,1013648692,윤서준,고객이 저녁마다 인터넷 속도 저하 문제로 상담사에게 도움을 요청하고 방문 점검을 예약했다.
1568-BEKZM,70,90.05,6333.4,314,185,6,1.0,1,True,False,True,False,False,False,0.0,0.0,0.012936194744212,Yes,DSL,Yes,Yes,Yes,Yes,Yes,Yes,Two year,Yes,Credit card (automatic),요금,1043610442,신예준,고객의 요금 인상이 불만인 상황에서 상담사가 원인과 해결책을 제시하며 지원하고 있다.
7452-FOLON,39,25.45,958.45,199,6,0,0.645,1,True,False,True,False,False,False,0.0,0.0,0.0113403532859261,Yes,No,No internet service,No internet service,No internet service,No internet service,No internet service,No internet service,One year,Yes,Electronic check,요금,1019087642,김지유,고객이 모바일세이브 5G 요금 청구에 대해 불편을 호소하자 상담사가 요금제 적합성을 검토하고 요금제 변경으로 절감을 제안하였다.
4003-OCTMP,31,64.0,1910.75,326,30,2,0.5,1,True,False,True,False,False,False,0.0,0.0,0.0237983051499875,No phone service,DSL,Yes,Yes,No,Yes,No,Yes,One year,Yes,Electronic check,요금,1067906357,이하은,"고객이 청구 금액 차이에 대해 문의하자 상담사가 프로모션 종료로 인한 할인 감소를 설명하고, 소액결제 차단 및 현장 점검 가능성을 안내하며 문자로 후속 연락하기로 했다."
6380-ARCEH,1,20.2,20.2,225,39,1,0.35,1,True,False,True,False,False,False,0.0,0.0,0.2146079446738114,No phone service,No,No internet service,No internet service,No internet service,No internet service,No internet service,No internet service,Month-to-month,Yes,Mailed check,요금,1062263321,안지우,"고객이 모바일세이브 5G의 청구 금액 증가에 대해 상담 요청하자, 상담사가 원인 파악과 조정을 약속하며 진행 상황을 안내하겠다고 했다."
6447-EGDIV,31,20.95,683.25,642,231,2,0.5,0,True,False,True,False,False,False,0.0,0.0,0.0598926527675497,No phone service,No,No internet service,No internet service,No internet service,No internet service,No internet service,No internet service,One year,Yes,Mailed check,품질,1040171170,오지민,"고객이 느린 데이터 속도 문제를 상담사에게 문의하자, 상담사는 요금 청구 내역을 확인하고 문제 해결을 위한 초기화를 제안했다."
3908-MKIMJ,68,41.95,2965.75,264,20,0,0.403,1,True,False,True,False,False,False,0.0,0.0,0.1654946811362247,No phone service,DSL,Yes,Yes,Yes,No,No,No,Two year,Yes,Electronic check,요금,1099219253,이하린,"고객이 안심요금 청구가 평소보다 많아 상담 요청했고, 상담사는 요금제 변경으로 절감 가능성을 제안하며 진행 사항을 문자로 안내하겠다고 말함."
9129-UXERG,18,103.6,1806.35,304,25,1,0.772,0,True,False,True,False,False,False,0.0,1.0,0.6034480182124673,Yes,Fiber optic,No,Yes,No,Yes,Yes,Yes,Month-to-month,Yes,Credit card (automatic),요금,1065903256,서지호,고객이 기가프리미엄 요금 청구가 평소보다 높아 문의하자 상담사가 부가서비스 해지와 요금 조정 가능성을 확인하겠다고 안내했다.
1403-LKLIK,33,20.1,579.4,545,102,1,0.5,1,True,False,True,False,False,False,0.0,0.0,0.0063868912783347,No phone service,No,No internet service,No internet service,No internet service,No internet service,No internet service,No internet service,One year,Yes,Mailed check,장애,1037481815,서도윤,고객이 인터넷 오류를 신고하자 상담사가 문제를 확인하고 임시 데이터 제공 및 문자 안내를 약속했다.
7017-VFULY,2,20.1,43.15,732,249,4,0.66,0,True,False,True,False,False,False,0.0,0.0,0.0108788037151771,No phone service,No,No internet service,No internet service,No internet service,No internet service,No internet service,No internet service,Month-to-month,Yes,Electronic check,품질,1080815962,박예준,"고객은 저녁에 인터넷 속도가 느려져 불편함을 호소하며, 상담사는 문제 해결을 위해 채널 변경과 모뎀 재설정, 그리고 기사 방문 점검 예약을 제안합니다."
1820-DJFPH,72,24.05,1709.15,1042,216,3,0.41,0,True,False,True,False,False,False,0.0,0.0,0.01883668041794,Yes,No,No internet service,No internet service,No internet service,No internet service,No internet service,No internet service,Two year,Yes,Electronic check,해지,1059591647,장민준,고객이 서비스 해지를 원하지만 상담사가 개선 방안을 제안하자 고객이 고민해보겠다고 응답한다.
2205-LPVGL,58,89.85,5125.75,488,9,2,0.809,0,True,False,True,False,False,False,0.0,0.0,0.077912713442045,Yes,Fiber optic,Yes,Yes,No,Yes,No,No,One year,Yes,Electronic check,장애,1018869383,김지호,고객이 인터넷 장애로 도움을 요청하자 상담사가 장애 확인 및 복구 시간 안내와 고객의 요금제 재검토를 약속했다.
5583-EJXRD,44,54.05,2375.2,403,110,3,0.44,0,True,False,True,False,False,False,0.0,0.0,0.0023126143436263,No phone service,DSL,Yes,Yes,Yes,Yes,No,Yes,Two year,Yes,Credit card (automatic),품질,1035643459,최하은,"고객은 저녁에 인터넷 속도 저하 문제를 상담사에게 알리고, 상담사는 채널 변경과 모뎀 재설정 후 기사 방문 점검을 예약해 주기로 했다."
2195-VVRJF,18,59.1,1011.05,378,221,3,1.0,1,True,False,True,False,False,False,0.0,0.0,0.0443402062987843,No phone service,DSL,Yes,Yes,No,No,No,Yes,Month-to-month,Yes,Credit card (automatic),장애,1064128322,장연우,"고객이 인터넷 문제를 상담사에게 문의하였고, 상담사는 지역 장애를 설명하며 재부팅과 기사 방문 예약을 제안했다."
3807-XHCJH,1,20.0,20.0,321,5,3,0.361,1,True,False,True,False,False,False,0.0,0.0,0.1948598246179269,No phone service,No,No internet service,No internet service,No internet service,No internet service,No internet service,No internet service,Month-to-month,Yes,Electronic check,장애,1073290125,안민준,"고객이 인터넷 문제로 상담사에게 도움을 요청하였고, 상담사는 장애 확인 및 복구 예상 시간을 안내하며 상황을 처리하기로 결정하였다."
7978-DKUQH,25,74.6,1797.75,0,0,0,1.0,1,True,False,True,False,False,False,0.0,0.0,0.2508550574069227,No phone service,Fiber optic,No,Yes,Yes,No,No,No,Month-to-month,Yes,Electronic check,해당 없음,1041790307,최도윤,대화 내용이 없으므로 요약할 수 없음.
0060-FUALY,59,94.75,5597.65,795,246,2,0.76,0,True,False,True,False,False,False,0.0,0.0,0.0143676821203515,Yes,Fiber optic,Yes,Yes,No,No,Yes,No,Month-to-month,Yes,Electronic check,품질,1071310415,안서준,"고객이 저녁에 인터넷 속도 저하 문제를 상담사에게 알리고, 기사 방문 점검을 요청했다."
9933-QRGTX,60,97.2,5611.75,304,5,0,0.672,0,True,False,True,False,False,False,0.0,0.0,0.254024519717632,No phone service,Fiber optic,Yes,Yes,No,Yes,Yes,Yes,Two year,Yes,Electronic check,품질,1053798614,서연우,"고객이 회의 중 끊김 문제를 상담사에게 문의하였고, 상담사는 단계별 해결 방안을 안내했다."
5357-TZHPP,9,84.4,732.5,310,60,2,0.5,0,True,False,True,False,False,False,1.0,1.0,0.9808881252989262,Yes,Fiber optic,No,Yes,No,No,No,Yes,Month-to-month,Yes,Credit card (automatic),해지,1025732243,오하린,고객이 9개월 사용 후 요금에 불만을 제기하며 상담사와의 대화 중 서비스를 해지하겠다고 결정했다.
8713-IGZSO,2,24.85,62.0,510,50,3,0.562,0,True,False,True,False,False,False,0.0,0.0,0.1455425152142859,Yes,No,No internet service,No internet service,No internet service,No internet service,No internet service,No internet service,Month-to-month,Yes,Mailed check,품질,1000427132,최하준,"고객이 회의 중 끊김 문제로 상담을 요청했고, 상담사는 문제 확인 후 기사 방문을 예약하고 요금제 적합성을 재검토하겠다고 안내했다."
4816-OKWNX,50,103.4,5236.4,452,114,2,0.935,0,True,False,True,False,False,False,0.0,0.0,0.1602808017776343,No phone service,Fiber optic,No,Yes,Yes,Yes,Yes,Yes,One year,Yes,Electronic check,품질,1043654830,박서연,"고객이 회의 중 끊김 문제로 상담을 요청했으며, 상담사는 원인 확인과 해결 방안을 제시하고 진행 상황을 문자로 안내하겠다고 밝혔다."
2034-GDRCN,2,90.4,168.2,411,20,2,0.85,1,True,False,True,False,False,False,1.0,1.0,0.7362120079037423,No phone service,Fiber optic,No,Yes,No,No,Yes,Yes,Month-to-month,Yes,Electronic check,장애,1079129407,권지호,고객이 인터넷 장애로 상담을 요청하자 상담사는 지역 장애를 확인하고 임시로 LTE 백업 연결을 제공하며 요금제를 재계산하겠다고 안내했다.
0219-QAERP,30,19.8,576.65,0,0,0,0.0,1,True,False,True,False,False,False,0.0,0.0,0.0118327398348482,No phone service,No,No internet service,No internet service,No internet service,No internet service,No internet service,No internet service,One year,Yes,Credit card (automatic),해당 없음,1095603628,신예준,대화 내용이 없어서 요약할 내용도 없다.
6161-ERDGD,71,85.45,6300.85,310,150,4,0.5,0,True,False,True,False,False,False,0.0,1.0,0.8485791878599993,Yes,DSL,Yes,Yes,Yes,Yes,Yes,Yes,One year,Yes,Electronic check,해지,1083234231,이주원,고객이 가입 후 1주일 만에 인터넷 속도 문제를 겪고 환불 및 해지를 원함.
6328-ZPBGN,11,95.15,997.65,468,15,2,0.537,1,True,False,True,False,False,False,1.0,1.0,0.9051857348742772,Yes,Fiber optic,No,Yes,No,No,Yes,Yes,Month-to-month,Yes,Electronic check,장애,1067848641,안민준,"고객이 인터넷 장애로 도움을 요청하자 상담사가 지역 장애를 확인하고 임시 LTE 백업 연결을 제공하며, 요금제 적합성을 재계산하고 진행 사항을 문자로 안내하기로 했다."
3498-LZGQZ,63,19.15,1177.05,0,0,0,0.5,1,True,False,True,False,False,False,0.0,0.0,0.0121042871472566,No phone service,No,No internet service,No internet service,No internet service,No internet service,No internet service,No internet service,Two year,Yes,Mailed check,해당 없음,1062109845,오연우,대화 내용이 없으므로 요약할 수 없습니다.
7501-IWUNG,61,73.8,4616.05,293,19,0,0.587,1,True,False,True,False,False,False,0.0,0.0,0.0348928798165196,No phone service,DSL,No,Yes,Yes,Yes,Yes,Yes,Two year,Yes,Electronic check,요금,1027670947,윤주원,"고객이 청구금액이 평소보다 많다고 문의하자 상담사가 부가서비스 해지와 함께 청구 조정을 진행하고, 이용 상황을 문자로 안내하기로 했다."
8725-JEDFD,27,69.05,1793.25,268,14,0,0.678,0,True,False,True,False,False,False,0.0,0.0,0.4722221919535021,No phone service,Fiber optic,No,Yes,No,No,No,No,Month-to-month,Yes,Mailed check,요금,1060066479,윤하준,고객이 와이파이플러스 요금 청구액 증가에 대해 문의하자 상담사가 요금제 적합성 검토를 제안하고 진행 사항을 문자로 안내하겠다고 설명했다.
3387-VATUS,5,94.85,462.8,350,90,3,1.0,0,True,False,True,False,False,False,1.0,1.0,0.9767756951113902,Yes,Fiber optic,No,Yes,No,No,Yes,Yes,Month-to-month,Yes,Electronic check,해지,1088599874,신하준,고객이 가입한 인터넷 속도가 광고보다 느리다며 해지를 원하고 상담사는 신호 점검을 제안함.
1080-BWSYE,64,25.65,1740.8,619,213,7,1.0,1,True,False,True,False,False,False,0.0,0.0,0.0108234157089288,Yes,No,No internet service,No internet service,No internet service,No internet service,No internet service,No internet service,Two year,Yes,Credit card (automatic),해지,1052251835,오하윤,고객이 해지를 원했지만 상담사는 문제 해결을 위해 요금제 변경이나 할인 적용을 제안하며 기술 지원팀으로의 연결도 가능하다고 안내했다.
1862-QRWPE,48,20.65,1057.0,246,8,0,0.425,0,True,False,True,False,False,False,0.0,0.0,0.0106966443188698,No phone service,No,No internet service,No internet service,No internet service,No internet service,No internet service,No internet service,Two year,Yes,Electronic check,해지,1071935971,임하준,고객이 품질 문제로 해지를 고려하고 상담사가 해지 전 대안을 제시하며 요금 인하 옵션을 안내하는 대화.
2996-XAUVF,70,40.05,2799.75,102,13,0,0.575,1,True,False,True,False,False,False,0.0,0.0,0.0230763811282527,No phone service,DSL,No,Yes,No,Yes,No,Yes,Two year,Yes,Mailed check,요금,1017442383,신지민,고객이 와이파이플러스 청구금액이 증가한 것에 대해 문의하자 상담사가 자세히 확인하고 문제 해결을 위한 조치를 약속했다.
0365-BZUWY,17,102.55,1742.5,347,59,6,1.0,1,True,False,True,False,False,False,0.0,0.0,0.2692263437089757,Yes,Fiber optic,No,Yes,Yes,No,Yes,Yes,Month-to-month,Yes,Electronic check,해지,1077767201,박하은,"고객은 번호이동에 대해 문의하고, 상담사는 추가 혜택을 제공하며 처리 결과를 문자로 안내하겠다고 약속했다."
1360-JYXKQ,54,99.1,5437.1,790,81,0,0.5,1,True,False,True,False,False,False,0.0,0.0,0.012257796436315,No phone service,Fiber optic,No,Yes,Yes,Yes,Yes,Yes,One year,Yes,Electronic check,장애,1061894806,서지민,"고객이 인터넷 문제를 상담사에게 문의하자, 상담사는 지역 장애로 인해 복구 중이며 ETA 정보를 문자로 안내하겠다고 답했다."
1143-NMNQJ,2,85.7,169.8,380,110,3,1.0,0,True,False,True,False,False,False,1.0,1.0,0.9800430303403118,Yes,Fiber optic,No,Yes,No,No,No,Yes,Month-to-month,Yes,Electronic check,해지,1091804827,안서준,고객이 파이버 인터넷 끊김 문제로 불만을 제기하며 해지를 요청했다.
8707-RMEZH,69,87.3,6055.55,355,189,6,1.0,0,True,False,True,False,False,False,0.0,0.0,0.3392201823182949,No phone service,Fiber optic,Yes,Yes,No,No,No,Yes,One year,Yes,Credit card (automatic),요금,1040835204,김하준,고객이 이중 청구를 의심하자 상담사가 요금 내역을 확인하고 요금제 변경을 제안했다.
1205-WNWPJ,7,59.5,415.95,240,60,2,0.0,1,True,False,True,False,False,False,1.0,0.0,0.4840878256153921,No phone service,DSL,No,Yes,No,Yes,Yes,No,Month-to-month,Yes,Mailed check,해지,1086679933,정주원,고객이 인터넷 속도 문제로 해지를 요청하며 마지막 고지서를 우편으로 보내달라고 요청했다.
1442-OKRJE,66,103.15,7031.3,0,0,0,1.0,1,True,False,True,False,False,False,0.0,0.0,0.1215907711294103,No phone service,Fiber optic,Yes,Yes,Yes,No,Yes,Yes,One year,Yes,Electronic check,해당 없음,1023334992,정서연,대화 내용이 없음을 나타냄.
5204-QZXPU,19,39.65,733.35,142,24,1,0.626,1,True,False,True,False,False,False,1.0,1.0,0.5240532839173546,No phone service,DSL,No,Yes,Yes,No,Yes,No,Month-to-month,Yes,Electronic check,요금,1088522711,장하준,"고객이 안심요금 청구서에 대한 불편을 상담하였고, 상담사는 요금제 변경을 통해 비용 절감 가능성을 안내하며 진행 사항을 문자로 통보하겠다고 하였다."
9430-NKQLY,72,25.1,1790.8,385,94,1,0.5,1,True,False,True,False,False,False,0.0,0.0,0.0066419147360486,Yes,No,No internet service,No internet service,No internet service,No internet service,No internet service,No internet service,Two year,Yes,Credit card (automatic),해지,1051424728,임주원,고객이 약정 만료로 해지를 원하자 상담사가 요금제 변경과 할인 적용을 제안했다.
8242-SOQUO,5,84.7,392.5,322,65,1,0.545,0,True,False,True,False,False,False,0.0,1.0,0.8402069095906093,No phone service,Fiber optic,No,Yes,No,No,Yes,No,Month-to-month,Yes,Electronic check,해지,1003950351,장하은,고객이 요금 인상 문제로 해지를 고려하고 상담사는 대안을 제시하며 도움을 주기로 했다.
1915-OAKWD,16,19.3,360.35,208,13,1,0.289,0,True,False,True,False,False,False,0.0,0.0,0.1979051350859985,No phone service,No,No internet service,No internet service,No internet service,No internet service,No internet service,No internet service,One year,Yes,Electronic check,해지,1058009697,오시우,"고객이 서비스 품질 문제로 해지를 고려하며 상담을 요청했고, 상담사는 대안과 혜택을 안내하며 품질 점검 후 결정할 수 있음을 설명했다."
2749-CTKAJ,22,20.15,419.9,377,42,2,0.591,1,True,False,True,False,False,False,0.0,0.0,0.0245102903152477,No phone service,No,No internet service,No internet service,No internet service,No internet service,No internet service,No internet service,One year,Yes,Mailed check,장애,1006303767,신하은,고객이 인터넷 장애로 인해 도움을 요청하자 상담사가 지역 장애를 확인하고 임시 LTE 백업 연결을 제공하며 요금제 재검토 및 진행 상황을 문자로 안내하겠다고 설명했다.
5160-UXJED,17,44.6,681.4,170,74,2,0.32,1,True,False,True,False,False,False,0.0,0.0,0.0770049603553749,No phone service,DSL,No,Yes,No,No,No,No,One year,Yes,Mailed check,요금,1078147411,임지유,고객이 패밀리 결합 요금 청구가 평소보다 높다고 문의하자 상담사가 청구 내역과 부가서비스를 확인하고 조정 가능성을 안내하며 진행 상황을 문자로 알려주기로 했다.
5792-JALQC,52,59.85,3103.25,485,210,4,0.52,1,True,False,True,False,False,False,0.0,0.0,0.0140856622123468,Yes,DSL,Yes,Yes,Yes,No,No,No,Two year,Yes,Electronic check,요금,1076041395,황하린,고객이 요금 인상에 대해 확인 요청하자 상담사가 요금제 변경을 안내하며 해제와 환불 가능성을 확인하겠다고 답변했다.
6732-VAILE,70,85.95,5931.75,0,0,0,0.5,1,True,False,True,False,False,False,0.0,0.0,0.0249063543504163,Yes,DSL,No,Yes,Yes,Yes,Yes,Yes,Two year,Yes,Credit card (automatic),해당 없음,1010496674,이하은,대화 내용이 없음을 알려줍니다.
2968-SSGAA,10,100.6,1060.2,128,19,0,0.86,0,True,False,True,False,False,False,1.0,0.0,0.4446361014531449,Yes,Fiber optic,No,Yes,Yes,No,Yes,Yes,Month-to-month,Yes,Electronic check,요금,1098499631,이연우,고객이 UHD 셋톱 요금이 예상보다 높게 나왔다고 문의하자 상담사가 청구 내역과 부가서비스를 확인하고 조정 가능성을 안내하며 진행 사항을 문자로 알리겠다고 했습니다.
7024-OHCCK,2,93.85,170.85,300,50,3,0.0,0,True,False,True,False,False,False,1.0,1.0,0.9729800437304024,Yes,Fiber optic,No,Yes,No,No,Yes,Yes,Month-to-month,Yes,Electronic check,해지,1008333218,최연우,고객이 요금에 불만을 토로하며 서비스 해지를 요청하자 상담사가 사과했다.
0374-IOEGQ,3,44.6,122.7,284,22,4,0.395,0,True,False,True,False,False,False,0.0,1.0,0.5870122045583321,No phone service,DSL,No,Yes,No,No,No,No,Month-to-month,Yes,Electronic check,해지,1022350291,안도윤,"고객이 서비스 품질 문제로 해지를 고민하며 약정과 위약금 문의를 하자, 상담사가 해결 방안과 해지 절차를 안내했다."
0661-KBKPA,53,78.75,3942.45,390,110,3,1.0,0,True,False,True,False,False,False,0.0,1.0,0.8812342244545605,Yes,DSL,No,Yes,Yes,Yes,Yes,Yes,One year,Yes,Mailed check,해지,1080165712,서서준,고객이 인터넷 문제로 불만을 표시하며 가입 취소를 요청했다.
2265-CYWIV,4,99.6,347.65,259,123,3,1.0,0,True,False,True,False,False,False,1.0,1.0,0.7266830502211424,Yes,Fiber optic,Yes,Yes,No,No,Yes,Yes,Month-to-month,Yes,Electronic check,품질,1007117764,오지우,"고객이 데이터 속도 문제를 상담사에게 문의하자, 상담사가 요금 내역 확인과 문제 해결 방안을 안내했다."
5384-ZTTWP,15,19.8,272.95,213,66,6,0.5,1,True,False,True,False,False,False,0.0,0.0,0.0205983683231144,No phone service,No,No internet service,No internet service,No internet service,No internet service,No internet service,No internet service,Month-to-month,Yes,Mailed check,장애,1063669680,신시우,"고객이 TV 끊김 문제를 상담사에게 문의하고, 상담사가 원격 점검 및 문자 안내를 약속하며 데이터 리필 혜택을 제안하는 대화."
2754-XBHTB,9,77.65,714.15,390,44,2,0.387,0,True,False,True,False,False,False,1.0,1.0,0.8518736538000725,No phone service,Fiber optic,No,Yes,No,No,Yes,No,Month-to-month,Yes,Electronic check,품질,1051424512,김서연,"고객이 인터넷 연결 문제를 상담하자, 상담사가 점검 후 기사 방문을 예약하고 요금제를 재평가하겠다고 안내했다."
4018-PPNDW,61,24.1,1551.6,128,28,0,0.115,1,True,False,True,False,False,False,0.0,0.0,0.1872434794180451,Yes,No,No internet service,No internet service,No internet service,No internet service,No internet service,No internet service,Two year,Yes,Mailed check,요금,1000814292,윤하은,"고객이 패밀리 결합 이용 중 청구금액이 예상보다 높아 상담을 요청하였고, 상담사는 부가서비스 해지와 요금제 재검토로 문제 해결을 약속하였다."
9066-QRSDU,69,26.3,1763.55,85,28,1,0.423,0,True,False,True,False,False,False,0.0,0.0,0.1321220431036017,Yes,No,No internet service,No internet service,No internet service,No internet service,No internet service,No internet service,One year,Yes,Electronic check,요금,1081045691,서하준,"고객이 청구금액이 평소보다 많아 문의하였고, 상담사는 요금제 변경을 통해 절감할 수 있음을 안내하며 진행사항을 문자로 알리겠다고 하였다."
0318-ZOPWS,49,20.15,973.35,275,34,1,0.545,0,True,False,True,False,False,False,0.0,0.0,0.0103653436602042,No phone service,No,No internet service,No internet service,No internet service,No internet service,No internet service,No internet service,Two year,Yes,Electronic check,해지,1045109527,권민준,고객이 서비스 품질 문제로 해지를 고려하며 약정 및 위약금 정보를 문의하자 상담사는 대안과 해지 절차를 안내했다.
4043-MKDTV,71,105.25,7291.75,969,39,0,0.56,1,True,False,True,False,False,False,0.0,0.0,0.0048205048683854,No phone service,Fiber optic,No,Yes,Yes,Yes,Yes,Yes,Two year,Yes,Electronic check,장애,1086954891,권하린,"고객이 인터넷 연결 문제로 상담사에게 문의했으며, 상담사는 지역 장애로 복구 중임을 설명하고 문자로 자세한 안내를 약속했다."
2842-JTCCU,2,46.05,80.35,364,30,4,0.08,0,True,False,True,False,False,False,1.0,1.0,0.913961862711906,No phone service,DSL,No,Yes,No,No,No,No,Month-to-month,Yes,Electronic check,장애,1093600976,이하윤,고객이 인터넷 장애 원인과 해결 일정을 문의하자 상담사가 지역 장애를 확인하고 임시 LTE 연결을 제공하며 진행 사항을 문자로 안내하겠다고 말했다.
1122-YJBCS,69,53.65,3804.4,366,6,2,0.26,0,True,False,True,False,False,False,0.0,0.0,0.1776031943076683,No phone service,DSL,Yes,Yes,No,No,No,No,One year,Yes,Credit card (automatic),품질,1017171221,한시우,"고객이 DSL 연결 문제로 상담 요청하였고, 상담사는 장비 상태와 연결 환경을 점검하며 최적화 제안을 하고 접수번호를 안내했다."
0585-EGDDA,40,80.0,3168.75,576,183,4,0.0,1,True,False,True,False,False,False,0.0,0.0,0.298883600196986,No phone service,Fiber optic,No,Yes,Yes,No,No,No,Month-to-month,Yes,Electronic check,장애,1028098626,신하윤,고객의 TV 끊김 문제에 대해 상담사가 지역 장애를 확인하고 임시 데이터 제공과 앱을 통한 처리 방법을 안내함.
1536-YHDOE,17,62.1,1096.65,310,127,3,0.5,0,True,False,True,False,False,False,0.0,0.0,0.1617397610081636,Yes,DSL,Yes,Yes,No,Yes,No,No,One year,Yes,Mailed check,장애,1076818769,조도윤,고객의 와이파이 문제에 대해 상담사가 상황을 확인하고 원격 점검 및 기술 지원을 안내한 대화.
9896-UYMIE,66,114.3,7383.7,893,62,0,0.46,1,True,False,True,False,False,False,0.0,0.0,0.0111922859297666,Yes,Fiber optic,Yes,Yes,Yes,Yes,Yes,Yes,One year,Yes,Electronic check,장애,1020323522,서지유,고객이 인터넷 연결 문제에 대해 문의하자 상담사는 지역 장애로 인한 복구 작업 중이라고 안내하고 예상 복구 시간을 문자로 보낼 것이라고 전했다.
2043-WVTQJ,1,55.7,55.7,500,196,3,0.77,0,True,False,True,False,False,False,0.0,0.0,0.0345945361095418,No phone service,DSL,Yes,Yes,Yes,No,No,No,Month-to-month,Yes,Mailed check,품질,1047056738,정연우,"고객이 저녁 속도 저하 문제를 상담하자, 상담사가 채널 변경과 모뎀 재설정 후 기사 방문 점검을 예약하기로 했다."
0302-JOIVN,8,101.15,842.9,922,267,3,0.85,1,True,False,True,False,False,False,1.0,1.0,0.9908579558092276,No phone service,Fiber optic,No,Yes,Yes,No,Yes,Yes,Month-to-month,Yes,Electronic check,요금,1040525882,이하린,"고객이 요금 인상에 대해 문의하자 상담사는 부가서비스 자동 갱신을 확인하고 해제 및 환불 가능성을 안내했고, 고객은 다음 달 요금이 안정되기를 요청했다."
9090-SGQXL,68,105.3,7299.65,406,34,2,0.519,0,True,False,True,False,False,False,1.0,1.0,0.8761004838488503,Yes,Fiber optic,No,Yes,Yes,No,Yes,Yes,Month-to-month,Yes,Electronic check,품질,1080628258,이연우,"고객이 Fiber optic 회의 중 끊김 문제를 상담사에게 문의하고, 상담사는 단계별로 문제를 확인하며 해결 방안을 제안했다."
9097-ZUBYC,14,48.8,664.4,885,109,5,1.0,0,True,False,True,False,False,False,0.0,0.0,0.4197748957680286,No phone service,DSL,No,Yes,No,Yes,No,No,Month-to-month,Yes,Electronic check,장애,1015921247,임지민,"고객이 와이파이 문제를 상담하며, 상담사는 원격 점검과 청구 검토를 제안했다."
1792-UXAFY,17,89.15,1496.9,702,138,2,0.8,1,True,False,True,False,False,False,1.0,1.0,0.9837241139197844,No phone service,Fiber optic,No,Yes,Yes,No,Yes,No,Month-to-month,Yes,Electronic check,요금,1069199858,오지호,고객이 요금 인상에 불만을 제기하자 상담사가 요금제 변경 사항을 확인하고 환불 가능성을 검토하기로 했다.
3396-DKDEL,70,115.15,8250.0,480,16,0,1.0,0,True,False,True,False,False,False,0.0,0.0,0.1448351932851196,Yes,Fiber optic,Yes,Yes,Yes,Yes,Yes,Yes,Two year,Yes,Credit card (automatic),품질,1002050502,안하린,"고객이 Fiber optic 인터넷 사용 중 끊김 문제로 상담을 요청하며, 상담사는 연결 상태와 장비 점검 후 해결 방안을 제시하고 진행 상황을 문자로 안내하기로 했다."
0848-SOMKO,70,48.4,3442.8,221,19,0,0.505,0,True,False,True,False,False,False,0.0,0.0,0.0115303527889081,No phone service,DSL,Yes,Yes,Yes,Yes,No,Yes,Two year,Yes,Electronic check,해지,1089588238,김서준,고객이 품질 문제로 해지를 고려하자 상담사가 혜택과 대안을 안내하며 도움을 제공했다.
8752-GHJFU,71,92.0,6585.2,0,0,0,1.0,1,True,False,True,False,False,False,0.0,0.0,0.1076507594507472,Yes,Fiber optic,Yes,Yes,Yes,Yes,No,No,One year,Yes,Electronic check,해당 없음,1075630378,장연우,대화 내용이 없다는 점을 요약했습니다.
3345-JHUEO,4,20.2,55.7,408,172,1,0.5,0,True,False,True,False,False,False,0.0,1.0,0.5365298843035423,No phone service,No,No internet service,No internet service,No internet service,No internet service,No internet service,No internet service,Month-to-month,Yes,Electronic check,장애,1072754669,안서연,"고객은 와이파이 문제로 상담사에게 도움을 요청하고, 상담사는 원격 점검과 문자 안내를 약속하며 기술 지원이 필요할 경우 연결하겠다고 답변했다."
9805-FILKB,46,20.2,845.6,0,0,0,0.0,1,True,False,True,False,False,False,0.0,0.0,0.0099682116956899,No phone service,No,No internet service,No internet service,No internet service,No internet service,No internet service,No internet service,One year,Yes,Electronic check,해당 없음,1084170567,정서준,요약할 내용이 없습니다.
1156-ZFYDO,1,19.75,19.75,527,221,4,0.48,0,True,False,True,False,False,False,0.0,0.0,0.0205929067992975,No phone service,No,No internet service,No internet service,No internet service,No internet service,No internet service,No internet service,Month-to-month,Yes,Electronic check,품질,1082655594,최하은,"고객이 저녁마다 인터넷 속도 저하 문제를 상담사에게 문의하자, 상담사가 채널 변경과 모뎀 재설정을 제안하고 기사 방문 점검을 예약하기로 했다."
5997-OPVFA,72,89.05,6254.45,521,36,1,0.499,1,True,False,True,False,False,False,0.0,0.0,0.0211444482002187,Yes,DSL,Yes,Yes,Yes,Yes,Yes,Yes,Two year,Yes,Electronic check,장애,1033312058,안하린,"고객의 인터넷 장애 문제를 상담사가 지역 장애 확인 후 LTE 백업 연결 및 요금제 재검토를 안내하며, 진행 상황을 문자로 전달하기로 한 대화."
2150-UWTFY,22,61.15,1422.05,1243,169,3,0.62,0,True,False,True,False,False,False,1.0,1.0,0.8843419523021157,No phone service,DSL,Yes,Yes,Yes,No,No,No,Month-to-month,Yes,Mailed check,해지,1094906053,권연우,"고객이 서비스 해지를 원하자 상담사는 개선 방안을 제안하고, 고객은 제안서를 받고 결정하기로 했다."
3873-NFTGI,14,55.5,767.55,318,61,3,0.453,0,True,False,True,False,False,False,0.0,0.0,0.4947913101017528,Yes,DSL,No,Yes,No,No,No,No,Month-to-month,Yes,Credit card (automatic),해지,1014412350,이예준,고객이 품질 문제로 해지를 고려하자 상담사가 대안을 제시하고 해지 절차를 안내했다.
4468-KAZHE,20,60.0,1259.35,183,22,1,0.244,1,True,False,True,False,False,False,0.0,1.0,0.6053929744511752,No phone service,DSL,No,Yes,No,No,No,Yes,Month-to-month,Yes,Electronic check,요금,1049307442,임하윤,고객이 와이파이플러스 청구 금액에 대해 문의하자 상담사가 요금제 적합성을 확인하고 변경 시 절감을 안내하며 접수번호를 알려줌.
2223-KAGMX,15,19.4,289.3,350,29,0,0.277,0,True,False,True,False,False,False,1.0,0.0,0.1730186775311436,No phone service,No,No internet service,No internet service,No internet service,No internet service,No internet service,No internet service,Month-to-month,Yes,Electronic check,품질,1030964445,신도윤,"고객이 IPTV 끊김 문제로 상담을 요청하였고, 상담사가 문제 원인 확인 후 기사 방문 예약 및 요금제 재검토를 안내했습니다."
4291-HPAXL,1,19.85,19.85,198,11,0,0.385,1,True,False,True,False,False,False,0.0,0.0,0.0237295252707264,No phone service,No,No internet service,No internet service,No internet service,No internet service,No internet service,No internet service,Month-to-month,Yes,Mailed check,요금,1002608679,황지유,"고객이 모바일세이브 5G 청구 금액이 평소보다 많아 문의하자, 상담사가 원인 파악과 조정 방안을 안내했다."
4565-EVZMJ,47,58.9,2813.05,1199,223,2,0.48,1,True,False,True,False,False,False,0.0,0.0,0.017787510861625,No phone service,DSL,Yes,Yes,No,Yes,No,No,One year,Yes,Mailed check,요금,1089889820,오하준,"고객이 이번 달 요금이 높아진 이유를 문의하자 상담사는 요금제 변경 내역을 확인하고, 고객은 동의 없이 변경된 것 같아 취소와 조정을 요청했다."
5834-ASPWA,1,75.45,75.45,300,140,3,1.0,0,True,False,True,False,False,False,1.0,1.0,0.9833457537534072,Yes,Fiber optic,No,Yes,No,No,No,No,Month-to-month,Yes,Electronic check,해지,1014658532,조서연,고객이 가입한 지 1주일 만에 요금이 너무 비싸다며 해지를 요구하고 상담사가 설명하려 하자 고객이 취소를 고집한다.
3785-KTYSH,53,24.6,1279.0,243,93,3,1.0,1,True,False,True,False,False,False,0.0,0.0,0.0064816508426086,Yes,No,No internet service,No internet service,No internet service,No internet service,No internet service,No internet service,Two year,Yes,Mailed check,요금,1006825681,권하준,고객이 이중 청구 의심을 제기하자 상담사가 문제를 확인하고 해결 방안을 제시했다.
1346-UFHAX,13,80.0,1029.35,211,12,4,0.603,1,True,False,True,False,False,False,0.0,1.0,0.5879875930898836,Yes,Fiber optic,Yes,Yes,No,No,No,No,Month-to-month,Yes,Credit card (automatic),요금,1021316339,서지민,고객이 와이파이플러스 청구금액 증가에 대해 문의하자 상담사가 요금제 적합성 재조정을 제안하고 진행 사항을 안내하기로 했다.
8328-SKJNO,23,40.65,947.4,1153,225,2,1.0,0,True,False,True,False,False,False,0.0,0.0,0.1013925385067721,No phone service,DSL,Yes,Yes,No,Yes,No,No,One year,Yes,Electronic check,장애,1049274846,신도윤,고객의 TV 끊김 문제에 대해 상담사가 네트워크 점검과 방문 기사 예약을 제안했다.
7623-HKYRK,6,19.7,111.65,80,10,1,0.0,1,True,False,True,False,False,False,0.0,0.0,0.020033827644759,No phone service,No,No internet service,No internet service,No internet service,No internet service,No internet service,No internet service,Month-to-month,Yes,Mailed check,요금,1012327055,오하린,고객이 전화 요금 고지서에 대해 문의하자 상담사가 확인해줌.
7493-GVFIO,57,20.55,1252.85,340,41,0,0.573,0,True,False,True,False,False,False,0.0,0.0,0.0104267325950587,No phone service,No,No internet service,No internet service,No internet service,No internet service,No internet service,No internet service,Two year,Yes,Credit card (automatic),장애,1049812411,이도윤,"고객이 인터넷 문제로 문의하자 상담사가 장애 점검 후 임시 LTE 연결과 요금제 재계산을 안내하며, 진행 상황을 문자로 알리기로 했다."
9820-RMCQV,11,48.55,501.0,325,31,0,0.211,0,True,False,True,False,False,False,1.0,1.0,0.6860890983094633,No phone service,DSL,Yes,Yes,No,No,No,No,Month-to-month,Yes,Credit card (automatic),품질,1011441830,윤하윤,"고객이 DSL 회의 중 끊김 문제를 상담사에게 문의하였고, 상담사는 신호 약화 확인 후 기사 방문 예약과 요금제 적합성 재검토를 약속했다."
5387-ASZNZ,66,63.85,4174.35,507,205,4,0.0,1,True,False,True,False,False,False,0.0,0.0,0.0163245836529422,Yes,DSL,Yes,Yes,No,Yes,No,No,One year,Yes,Credit card (automatic),해지,1082857393,신지유,고객이 번호이동에 대해 문의하자 상담사가 네트워크 상태 점검과 요금제 변경을 제안하며 문제 해결을 도와주기로 했다.
0516-OOHAR,28,100.35,2799.0,403,67,0,0.845,0,True,False,True,False,False,False,0.0,0.0,0.4587793635817293,No phone service,Fiber optic,No,Yes,Yes,No,Yes,Yes,One year,Yes,Electronic check,해지,1070905315,박예준,고객이 요금 인상으로 해지를 고려하자 상담사가 혜택과 대안을 제시하며 도움을 제공했다.
8454-AATJP,72,115.05,8405.0,140,20,1,1.0,1,True,False,True,False,False,False,0.0,0.0,0.0091589972128665,Yes,Fiber optic,Yes,Yes,Yes,Yes,Yes,Yes,Two year,Yes,Credit card (automatic),품질,1078940350,권서연,"장기 고객이 OTT 서비스 접속 문제를 상담사에게 보고하고, 상담사가 계정을 재설정해 주었다."
7021-XSNYE,7,49.65,305.55,0,0,0,0.5,1,True,False,True,False,False,False,0.0,0.0,0.029165860140926,No phone service,DSL,Yes,Yes,Yes,Yes,No,Yes,Two year,Yes,Credit card (automatic),해당 없음,1014871814,안지민,요약할 내용이 없습니다.
2384-OVPSA,38,20.2,735.9,241,6,0,0.392,0,True,False,True,False,False,False,0.0,0.0,0.0364285036056911,No phone service,No,No internet service,No internet service,No internet service,No internet service,No internet service,No internet service,Two year,Yes,Mailed check,해지,1028233608,윤하린,"고객이 서비스 해지를 고려하며 약정 및 위약금에 대해 문의하자, 상담사가 혜택과 대안을 제안하며 문제 해결을 도와주기로 했다."
0743-HNPFG,51,69.75,3562.5,0,0,0,0.5,1,True,False,True,False,False,False,0.0,0.0,0.035483138705631,No phone service,DSL,Yes,Yes,No,Yes,No,Yes,One year,Yes,Credit card (automatic),해당 없음,1016461170,장연우,특정 대화 내용이 없어 요약할 내용이 없습니다.
3863-QSTYI,59,64.65,3735.45,942,258,2,0.55,1,True,False,True,False,False,False,0.0,1.0,0.6101083368982924,No phone service,DSL,No,Yes,Yes,Yes,Yes,No,Month-to-month,Yes,Electronic check,요금,1036742768,정서준,고객이 요금 증가에 대해 문의하자 상담사가 요금제 변경을 확인하고 환불 가능성을 상담합니다.
0014-BMAQU,63,84.65,5377.8,120,15,1,1.0,1,True,False,True,False,False,False,0.0,0.0,0.0555336485929619,Yes,Fiber optic,Yes,Yes,No,Yes,No,No,Two year,Yes,Credit card (automatic),요금,1095742305,임주원,"고객이 요금 확인 요청, 상담사가 2년 계약 요금이 84달러임을 확인함."
2883-ILGWO,57,104.9,5913.95,342,233,6,0.5,1,True,False,True,False,False,False,0.0,0.0,0.2590080849340421,Yes,Fiber optic,No,Yes,No,Yes,Yes,Yes,Month-to-month,Yes,Electronic check,해지,1006979309,김시우,고객이 해지를 고려하자 상담사가 불편사항을 확인하고 해지 보류를 위한 추가 혜택을 제안했다.
6366-XIVKZ,13,63.15,816.8,160,30,1,0.5,1,True,False,True,False,False,False,0.0,0.0,0.0297360746349141,No phone service,DSL,Yes,Yes,Yes,No,No,Yes,Month-to-month,Yes,Mailed check,품질,1023896133,조하은,고객이 DSL 인터넷 속도 점검을 요청하자 상담사가 신호를 재설정하고 속도가 회복되었다.
5439-WIKXB,41,94.55,3851.45,740,185,2,0.87,1,True,False,True,False,False,False,0.0,0.0,0.0163105659622798,No phone service,Fiber optic,No,Yes,No,No,Yes,Yes,Month-to-month,Yes,Electronic check,장애,1086275388,황하준,"고객은 인터넷 장애로 상담사에게 도움을 요청했고, 상담사는 복구 작업 중임을 알리며 정보를 문자로 안내하겠다고 전달했습니다."
5397-NSKQG,67,50.9,3281.65,0,0,0,0.5,1,True,False,True,False,False,False,0.0,0.0,0.0195365810845432,No phone service,DSL,Yes,Yes,No,No,Yes,Yes,Two year,Yes,Credit card (automatic),해당 없음,1060010063,권하은,대화 내용이 없음을 나타내는 한 줄 요약입니다.
8943-URTMR,2,79.65,152.7,975,226,2,0.99,0,True,False,True,False,False,False,1.0,1.0,0.9829479734899064,No phone service,Fiber optic,No,Yes,No,No,Yes,No,Month-to-month,Yes,Mailed check,해지,1058008651,권시우,고객이 해지를 고려하자 상담사가 개선 방안을 제안하고 고객은 제안서를 받아본 후 결정을 하겠다고 했다.
3620-MWJNE,2,54.45,87.3,1053,131,7,0.0,0,True,False,True,False,False,False,0.0,1.0,0.7139433568357872,No phone service,DSL,Yes,Yes,No,Yes,No,No,Month-to-month,Yes,Mailed check,장애,1035468569,황연우,고객의 인터넷 문제에 대해 상담사가 데이터 제공과 현장 점검을 검토하겠다고 안내했다.
9786-YWNHU,63,63.55,4014.2,271,79,3,0.31,0,True,False,True,False,False,False,0.0,0.0,0.0011946191036654,No phone service,DSL,Yes,Yes,Yes,Yes,No,No,Two year,Yes,Mailed check,품질,1047436519,한민준,고객이 저녁 시간대 인터넷 속도 저하 문제로 상담사에게 방문 점검을 요청했다.
5707-ORNDZ,9,54.55,494.05,908,164,2,0.67,1,True,False,True,False,False,False,1.0,1.0,0.7678274291893412,Yes,DSL,Yes,Yes,No,No,No,No,Month-to-month,Yes,Electronic check,요금,1043488311,오시우,"고객이 요금 인상이 동의 없이 이루어진 것 같다며 취소와 조정을 요청하자, 상담사가 해제 처리와 환불 가능성을 확인하겠다고 답했습니다."
6023-GSSXW,69,61.45,4131.2,295,60,2,1.0,1,True,False,True,False,False,False,0.0,0.0,0.0121311809430367,No phone service,DSL,No,Yes,No,No,No,Yes,Two year,Yes,Credit card (automatic),해지,1029722994,최지우,고객이 해지를 고려하는 상황에서 상담사가 문제를 확인하고 추가 혜택을 제안하는 대화.
6261-RCVNS,42,73.9,3160.55,226,51,1,0.361,0,True,False,True,False,False,False,1.0,0.0,0.337567049971152,No phone service,DSL,Yes,Yes,Yes,Yes,No,Yes,One year,Yes,Credit card (automatic),해지,1036604078,권서현,고객이 서비스 품질 불만으로 해지를 고려하며 약정 및 위약금에 대해 상담 요청했으나 상담사가 대안을 제시하며 해지 전 문제 해결을 제안하였다.
8614-VGMMV,15,49.1,679.55,966,169,7,1.0,0,True,False,True,False,False,False,1.0,1.0,0.859965055691702,Yes,DSL,No,Yes,No,No,No,No,Month-to-month,Yes,Electronic check,해지,1010381806,최하린,고객이 약정 만료로 해지하려는 상황에서 상담사는 혜택과 문제 해결 방안을 제시하며 해지 보류를 제안했다.
2805-EDJPQ,56,99.75,5608.4,232,16,2,0.752,1,True,False,True,False,False,False,0.0,0.0,0.1688000549578868,Yes,Fiber optic,No,Yes,Yes,Yes,No,Yes,One year,Yes,Credit card (automatic),요금,1070915555,윤지호,고객이 안심요금 청구액에 대해 문의하자 상담사가 부가서비스 해지와 요금 조정을 안내하며 진행 사항을 문자로 알리기로 했다.
2359-QWQUL,39,104.7,4134.85,908,107,3,0.97,1,True,False,True,False,False,False,1.0,1.0,0.9747316330426116,No phone service,Fiber optic,Yes,Yes,Yes,Yes,Yes,Yes,One year,Yes,Credit card (automatic),요금,1032235300,안주원,고객이 이번 달 요금 인상에 대한 확인과 조정을 요청하자 상담사가 자동 갱신 내역을 확인하고 바로 해제 및 환불 가능성을 안내했습니다.
8314-HTWVE,7,19.85,144.15,1056,201,3,0.45,0,True,False,True,False,False,False,0.0,0.0,0.0651670518775519,No phone service,No,No internet service,No internet service,No internet service,No internet service,No internet service,No internet service,Two year,Yes,Mailed check,해지,1057261516,윤시우,고객이 서비스 해지를 고려하자 상담사가 개선 방안을 제시하고 고객이 제안서를 받아보기로 했습니다.
7895-VONWT,25,48.25,1293.8,470,8,1,0.562,0,True,False,True,False,False,False,0.0,1.0,0.5148798970804056,No phone service,DSL,No,Yes,Yes,No,Yes,Yes,Month-to-month,Yes,Electronic check,장애,1015919636,한지호,고객이 인터넷 장애로 문의하자 상담사는 지역 장애를 확인하고 임시 LTE 백업 연결을 제공하며 진행 사항을 문자로 안내하기로 했다.
3167-SNQPL,38,101.15,3741.85,267,36,1,0.856,0,True,False,True,False,False,False,0.0,1.0,0.6454219850590754,Yes,Fiber optic,No,Yes,No,No,Yes,Yes,Month-to-month,Yes,Electronic check,해지,1091136571,조하린,"고객이 월 이용 요금 인상으로 해지를 고민하며 약정과 위약금을 문의하자 상담사는 대안을 제시하고, 고객의 이용 현황을 확인해 주기로 한다."
2001-EWBQU,60,104.7,6333.8,735,120,2,0.2,0,True,False,True,False,False,False,0.0,0.0,0.0038027623625151,Yes,Fiber optic,No,Yes,Yes,No,Yes,Yes,Two year,Yes,Electronic check,품질,1039201686,장서현,"고객이 저녁마다 인터넷 속도 저하 문제를 상담사에게 문의하자, 상담사가 채널 변경과 모뎀 재설정, 기사 방문 점검을 제안하며 예약을 진행했다."
9114-AAFQH,48,65.65,3094.65,883,221,7,1.0,1,True,False,True,False,False,False,0.0,0.0,0.0372180074109394,No phone service,DSL,No,Yes,Yes,No,No,Yes,One year,Yes,Electronic check,장애,1062437274,김서연,"고객이 카페에서 와이파이 문제를 제기하자 상담사가 지역 장애를 확인하고 재부팅 방법을 안내하며, 필요 시 기사 방문과 데이터 리필 혜택을 제공하겠다고 답변했다."
0895-LNKRC,6,19.45,113.5,1056,36,2,1.0,1,True,False,True,False,False,False,0.0,0.0,0.0196599574376855,No phone service,No,No internet service,No internet service,No internet service,No internet service,No internet service,No internet service,One year,Yes,Mailed check,요금,1083943189,김지우,고객이 이중 청구를 신고하자 상담사가 요금 내역을 검토하고 요금제 변경을 제안했다.
1057-FOGLZ,18,19.65,391.7,0,0,0,0.0,1,True,False,True,False,False,False,0.0,0.0,0.0171625910519535,No phone service,No,No internet service,No internet service,No internet service,No internet service,No internet service,No internet service,Month-to-month,Yes,Mailed check,해당 없음,1076012055,오지민,요약할 내용이 없습니다.
2252-JHJGE,61,104.0,6363.45,1122,74,2,0.22,0,True,False,True,False,False,False,0.0,0.0,0.0085941780363801,Yes,Fiber optic,Yes,Yes,Yes,No,Yes,Yes,One year,Yes,Electronic check,품질,1037593023,오하준,"고객의 저녁 인터넷 속도 저하 문제에 대해 상담사가 채널 변경과 모뎀 재설정, 추가 방문 점검 예약을 제안합니다."
3055-OYMSE,53,73.8,4003.85,188,29,2,0.636,0,True,False,True,False,False,False,0.0,0.0,0.3907923567524167,No phone service,Fiber optic,No,Yes,No,No,No,No,Month-to-month,Yes,Credit card (automatic),요금,1016785394,신서현,"고객이 기가라이트 500M 요금 청구액이 불만스럽다고 문의하자, 상담사가 요금제 변경을 통해 절감할 수 있음을 안내하며 진행 사항을 문자로 전달하기로 했다."
7765-LWVVH,72,95.1,6843.15,953,154,5,0.5,1,True,False,True,False,False,False,0.0,0.0,0.0458370602365413,Yes,Fiber optic,Yes,Yes,No,No,Yes,No,Two year,Yes,Electronic check,요금,1050164344,김주원,고객이 청구 금액의 변화에 대해 문의하자 상담사가 문제를 확인하고 요금제 변경과 청구 전담팀 검토 요청을 제안했다.
4821-WQOYN,72,20.1,1326.25,60,11,0,0.472,1,True,False,True,False,False,False,0.0,0.0,0.0047852755177315,No phone service,No,No internet service,No internet service,No internet service,No internet service,No internet service,No internet service,Two year,Yes,Credit card (automatic),요금,1069851416,김지우,고객이 UHD 셋톱 청구 금액이 평소보다 높아 확인 요청하자 상담사가 요금제와 사용 패턴을 검토하고 더 적합한 요금제로 변경할 경우 절감 가능성을 안내했다.
6629-CZTTH,1,55.7,55.7,1003,211,3,0.82,0,True,False,True,False,False,False,1.0,1.0,0.9715189075532534,No phone service,DSL,No,Yes,No,No,No,Yes,Month-to-month,Yes,Mailed check,해지,1005788027,최예준,고객이 서비스 해지를 고려하자 상담사가 개선 방안을 제시하고 고객이 제안서를 검토하기로 결정했다.
1716-LSAMB,45,54.65,2553.7,682,51,2,0.44,0,True,False,True,False,False,False,0.0,0.0,0.0021394819945595,No phone service,DSL,Yes,Yes,No,Yes,No,No,Two year,Yes,Electronic check,품질,1002987159,최하린,"고객은 저녁 시간 속도 저하 문제를 상담사에게 알리고, 상담사는 채널 변경과 모뎀 재설정을 제안하며 기사 방문 예약을 진행하기로 합니다."
2038-OEQZH,4,86.05,308.1,0,0,0,0.0,1,True,False,True,False,False,False,0.0,1.0,0.7639847456205551,No phone service,Fiber optic,No,Yes,Yes,No,No,Yes,Month-to-month,Yes,Electronic check,해당 없음,1027542787,임예준,대화 내용이 없음을 알림.
8201-AAXCB,25,60.35,1404.65,140,25,1,0.5,1,True,False,True,False,False,False,0.0,0.0,0.035367546340906,Yes,DSL,No,Yes,No,No,Yes,No,Month-to-month,Yes,Electronic check,품질,1008640984,박서연,"고객이 인터넷 속도가 느려진 것에 대해 상담사에게 문의하며, 점검 후 신호 재설정을 받았다."
8098-TDCBU,42,25.25,1108.2,239,17,0,0.291,0,True,False,True,False,False,False,0.0,0.0,0.1123412398722581,Yes,No,No internet service,No internet service,No internet service,No internet service,No internet service,No internet service,Two year,Yes,Electronic check,품질,1087028218,한지호,"고객이 인터넷 연결 불편을 상담하였고, 상담사는 문제를 확인 후 기사 방문을 예약하고 요금제를 재검토하기로 하였다."
5122-CYFXA,3,75.3,244.1,249,10,2,0.668,1,True,False,True,False,False,False,0.0,1.0,0.5946992560279801,No phone service,DSL,No,Yes,No,Yes,Yes,Yes,Month-to-month,Yes,Electronic check,요금,1071875875,정서준,"고객이 UHD 셋톱 사용으로 인한 청구 금액 증가에 대해 상담 요청하자, 상담사는 원인 분석 후 적합한 요금제로 변경 시 절감 가능성을 안내하며 진행 상황을 문자로 알려주겠다고 약속했다."
1022-RKXDR,41,24.85,962.25,0,0,0,0.0,1,True,False,True,False,False,False,0.0,0.0,0.0132151954227296,Yes,No,No internet service,No internet service,No internet service,No internet service,No internet service,No internet service,One year,Yes,Mailed check,해당 없음,1099542486,오지호,대화 내용이 없음을 나타냅니다.
0788-DXBFY,58,19.55,1108.8,0,0,0,0.0,1,True,False,True,False,False,False,0.0,0.0,0.0251797557673124,No phone service,No,No internet service,No internet service,No internet service,No internet service,No internet service,No internet service,One year,Yes,Electronic check,해당 없음,1087249439,한서준,대화 내용이 없어서 요약할 수 없음.
7526-BEZQB,12,96.05,1148.1,1013,91,7,0.0,0,True,False,True,False,False,False,1.0,1.0,0.8312959616982338,Yes,Fiber optic,No,Yes,No,No,Yes,Yes,Month-to-month,Yes,Electronic check,해지,1060636421,서지민,고객이 서비스 해지를 고려하며 상담사는 문제 해결을 위한 점검과 대안을 제안했다.
6038-GCYEC,24,54.15,1240.25,516,36,5,1.0,0,True,False,True,False,False,False,1.0,1.0,0.6681514966263876,No phone service,DSL,No,Yes,Yes,No,Yes,Yes,Month-to-month,Yes,Credit card (automatic),해지,1082835366,장하은,고객이 약정 만료로 해지를 원하자 상담사는 문제를 확인하고 해지 보류 조건으로 추가 혜택을 제안했다.
0023-UYUPN,50,25.2,1306.3,360,90,3,0.5,0,True,False,True,False,False,False,0.0,1.0,0.7987457444747326,Yes,No,No internet service,No internet service,No internet service,No internet service,No internet service,No internet service,One year,Yes,Electronic check,해지,1003300664,조하은,고객이 인터넷 속도 불만으로 서비스를 해지하려는 상황.
0856-NAOES,6,60.9,414.1,371,34,1,0.689,0,True,False,True,False,False,False,0.0,0.0,0.2365461481002568,No phone service,DSL,No,Yes,Yes,No,Yes,No,Month-to-month,Yes,Mailed check,품질,1001211370,정하윤,"고객이 DSL 회의 중 끊김 문제를 상담사에게 문의하였고, 상담사는 문제 해결을 위한 조치를 안내하며 접수번호를 제공했다."
9475-NNDGC,71,113.15,7953.25,629,109,0,0.53,1,True,False,True,False,False,False,0.0,0.0,0.0125265116959782,Yes,Fiber optic,No,Yes,Yes,Yes,Yes,Yes,One year,Yes,Electronic check,장애,1060552243,오연우,"고객은 인터넷 연결 문제로 상담사에게 복구 시간을 문의했고, 상담사는 문자로 안내하겠다고 답변했다."
3877-JRJIP,1,59.85,59.85,310,150,4,0.5,0,True,False,True,False,False,False,1.0,1.0,0.9454386415900128,Yes,DSL,No,Yes,No,No,Yes,No,Month-to-month,Yes,Electronic check,해지,1058112106,황지우,고객이 인터넷 속도 문제로 화를 내며 환불과 해지를 요구하고 있다.
3486-NPGST,36,19.55,620.75,389,15,1,0.21,0,True,False,True,False,False,False,0.0,0.0,0.0493144589644053,No phone service,No,No internet service,No internet service,No internet service,No internet service,No internet service,No internet service,One year,Yes,Mailed check,품질,1087076307,서지유,"고객은 회의 중 끊김 문제를 호소하며 상담사와 함께 연결 환경과 장비 상태를 점검하고, 진행 상황을 문자로 받기로 했다."
9873-MNDKV,11,44.65,472.25,232,41,1,0.299,1,True,False,True,False,False,False,0.0,0.0,0.4086190206856381,No phone service,DSL,No,Yes,No,No,No,No,Month-to-month,Yes,Mailed check,요금,1081850559,장도윤,"고객이 패밀리 결합 요금 청구액이 평소보다 높아 확인을 요청하였고, 상담사는 요금제 적합성 분석 후 요금제 변경으로 절감 가능성을 안내했다."
9094-AZPHK,15,100.15,1415.0,459,37,1,0.943,0,True,False,True,False,False,False,0.0,1.0,0.7866142872271504,Yes,Fiber optic,No,Yes,No,No,Yes,Yes,Month-to-month,Yes,Electronic check,품질,1043329176,안민준,"고객이 Fiber optic 연결 문제로 상담을 요청하였고, 상담사는 신호 약화를 확인 후 기사 방문 예약과 요금제 재검토를 안내했다."
1270-XKUCC,30,19.7,599.25,910,195,2,0.43,1,True,False,True,False,False,False,0.0,0.0,0.0077029735441692,No phone service,No,No internet service,No internet service,No internet service,No internet service,No internet service,No internet service,Two year,Yes,Mailed check,요금,1004446563,신하준,고객이 요금 인상에 불만을 제기하자 상담사가 요금제 변경을 확인하고 환불 가능성을 조사하기로 했다.
8189-HBVRW,53,90.8,4921.2,0,0,0,1.0,1,True,False,True,False,False,False,0.0,0.0,0.1808346703364543,Yes,Fiber optic,Yes,Yes,Yes,No,No,No,Month-to-month,Yes,Electronic check,해당 없음,1074441291,김지유,대화 내용이 없거나 관련 정보가 제공되지 않았습니다.
6351-SCJKT,3,41.35,107.25,160,30,1,0.5,1,True,False,True,False,False,False,0.0,0.0,0.0351733545617774,No phone service,DSL,Yes,Yes,Yes,Yes,No,No,Month-to-month,Yes,Mailed check,품질,1060400572,김서연,"고객이 DSL 인터넷 속도 저하 문제를 상담사에게 신고하고, 상담사가 신호를 재설정하여 속도가 빨라진 대화."
2851-STERV,35,73.0,2471.25,258,69,2,0.28,0,True,False,True,False,False,False,0.0,0.0,0.0065342453188269,No phone service,DSL,No,Yes,Yes,Yes,Yes,Yes,One year,Yes,Electronic check,품질,1024733114,임하준,"고객이 저녁마다 인터넷 속도가 느려져 상담사에게 채널 변경과 모뎀 재설정을 요청하고, 필요 시 방문 점검을 예약했다."
8942-DBMHZ,12,20.45,255.35,223,18,0,0.337,1,True,False,True,False,False,False,0.0,0.0,0.0777125986326845,No phone service,No,No internet service,No internet service,No internet service,No internet service,No internet service,No internet service,Month-to-month,Yes,Mailed check,요금,1011338700,오도윤,"고객이 안심요금 청구액이 예상보다 많아 문의하자, 상담사가 청구 내역과 부가서비스를 확인하고 조정 가능성을 안내했다."
8705-WZCYL,1,44.8,44.8,318,14,1,0.399,0,True,False,True,False,False,False,0.0,1.0,0.6641336113734875,No phone service,DSL,No,Yes,No,No,No,No,Month-to-month,Yes,Electronic check,품질,1021561987,권민준,"고객이 DSL 연결 문제로 상담 요청을 하였고, 상담사는 문제 해결을 위해 연결 상태와 장비 점검을 안내하며 후속 조치를 약속했다."
0322-YINQP,1,48.55,48.55,316,7,0,0.524,0,True,False,True,False,False,False,1.0,0.0,0.3575017751283131,No phone service,DSL,Yes,Yes,No,No,No,No,Month-to-month,Yes,Mailed check,품질,1090273803,오하린,"고객이 DSL 회의 중 끊김 문제로 상담 요청을 하였고, 상담사가 문제 해결을 위한 단계별 점검과 요금제 재계산을 안내하며 진행 사항을 문자로 소통하기로 했다."
7246-ZGQDF,1,54.5,54.5,853,269,3,0.71,1,True,False,True,False,False,False,0.0,1.0,0.9118001101215626,No phone service,DSL,Yes,Yes,No,Yes,No,No,Month-to-month,Yes,Electronic check,요금,1089921278,조하은,"고객이 요금 인상에 대해 확인 요청하고, 상담사가 해제 및 환불을 안내하며 다음 달 안정성을 약속했다."
4567-AKPIA,41,109.1,4454.25,536,235,6,1.0,1,True,False,True,False,False,False,0.0,0.0,0.1307523006623281,Yes,Fiber optic,No,Yes,Yes,Yes,Yes,Yes,One year,Yes,Electronic check,장애,1083255952,한서현,고객의 인터넷 문제를 상담사가 확인하고 임시 데이터 제공과 기술 지원을 제안하며 요금제 변경 시 할인도 안내했다.
7284-BUYEC,5,50.95,229.4,720,134,6,1.0,0,True,False,True,False,False,False,0.0,1.0,0.6438707755795507,No phone service,DSL,No,Yes,No,No,Yes,Yes,Month-to-month,Yes,Credit card (automatic),장애,1078462928,한하린,"고객이 와이파이 문제를 상담사에게 문의했으며, 상담사는 원격 점검을 진행하고 필요 시 기술지원팀에 연결하겠다고 안내했다."
2242-MFOTG,33,80.1,2603.3,622,22,3,0.29,0,True,False,True,False,False,False,0.0,0.0,0.006662831998654,Yes,Fiber optic,Yes,Yes,No,No,No,No,One year,Yes,Electronic check,품질,1041366003,오지민,"고객이 저녁마다 인터넷 속도 저하로 불편을 토로하자, 상담사가 채널 변경 및 모뎀 재설정을 제안하며 기사 방문 점검을 예약하기로 했다."
1356-MKYSK,6,78.65,483.3,245,13,2,0.481,0,True,False,True,False,False,False,0.0,0.0,0.3418209366323171,No phone service,DSL,Yes,Yes,Yes,Yes,Yes,Yes,Month-to-month,Yes,Credit card (automatic),요금,1081329188,박도윤,"고객이 청구금액 증가에 대해 문의하였고, 상담사는 요금제 적합성을 확인 후 변경 시 절감 가능성을 안내하며 접수번호를 제공했다."
3316-UWXUY,50,93.5,4747.5,327,5,0,0.989,1,True,False,True,False,False,False,0.0,0.0,0.2259975838876548,No phone service,Fiber optic,Yes,Yes,No,Yes,No,Yes,Month-to-month,Yes,Credit card (automatic),요금,1058272234,이하준,"고객이 UHD 셋톱을 사용하며 청구금액이 상승한 문제를 상담사에게 문의했고, 상담사는 요금제 적합성을 검토하여 변경 시 절감 가능성을 안내했다."
3308-DGHKL,69,19.3,1447.9,448,13,1,0.381,0,True,False,True,False,False,False,0.0,0.0,0.0534963249732412,No phone service,No,No internet service,No internet service,No internet service,No internet service,No internet service,No internet service,Two year,Yes,Electronic check,품질,1029034902,안연우,고객이 회의 중 끊김 문제를 문의하자 상담사는 신호 약화 확인 후 기사 방문 예약과 요금제 재검토를 안내하고 진행 사항을 문자로 알려주겠다고 설명했다.
3161-ONRWK,60,65.85,3928.3,340,42,0,0.592,0,True,False,True,False,False,False,0.0,0.0,0.0204138633179873,No phone service,DSL,Yes,Yes,Yes,Yes,No,No,One year,Yes,Electronic check,품질,1044574266,신도윤,"고객이 DSL 연결 문제로 상담 요청을 하였고, 상담사는 환경 점검과 해결 방안을 제시하며 진행 상황을 문자로 안내하기로 했다."
2692-PFYTJ,1,25.75,25.75,1271,168,2,0.98,1,True,False,True,False,False,False,0.0,0.0,0.0962827105992509,Yes,No,No internet service,No internet service,No internet service,No internet service,No internet service,No internet service,Month-to-month,Yes,Mailed check,요금,1070324686,황지유,"고객이 요금 인상에 불만을 제기하며 취소와 조정을 요청하자, 상담사가 해제 처리와 환불 가능성을 확인하겠다고 답변했다."
5982-FPVQN,37,95.15,3532.85,612,187,2,0.57,0,True,False,True,False,False,False,0.0,0.0,0.0104150053888644,Yes,Fiber optic,No,Yes,Yes,No,No,Yes,Month-to-month,Yes,Electronic check,품질,1036664116,박주원,"고객이 저녁 시간대 인터넷 속도 저하 문제로 상담사에게 도움을 요청하였고, 상담사는 채널 변경과 모뎀 재설정을 제안하며 기사 방문 점검을 예약하기로 했다."
6910-HADCM,1,76.35,76.35,390,110,3,1.0,0,True,False,True,False,False,False,1.0,1.0,0.9696926626591188,No phone service,Fiber optic,No,Yes,Yes,No,No,No,Month-to-month,Yes,Electronic check,해지,1062272804,조지우,고객이 인터넷 설치 지연에 불만을 표하며 서비스를 취소하겠다고 요청했다.
5146-YYFRZ,67,19.95,1311.75,260,24,0,0.541,0,True,False,True,False,False,False,0.0,0.0,0.0056020593320085,No phone service,No,No internet service,No internet service,No internet service,No internet service,No internet service,No internet service,Two year,Yes,Electronic check,해지,1038206499,황하윤,"고객이 서비스 품질 문제로 해지 고려 중이며, 상담사는 해지 전 대안과 위약금을 안내하고 진행 상황을 문자로 알리기로 했다."
2424-WVHPL,1,74.7,74.7,306,60,2,0.481,1,True,False,True,False,False,False,0.0,1.0,0.8014052791251133,No phone service,Fiber optic,No,Yes,No,Yes,No,No,Month-to-month,Yes,Electronic check,장애,1014788434,임하은,"고객이 인터넷 장애로 상담 요청을 했고, 상담사는 장애 점검 후 복구 시간과 보상 안내, 요금제 적합성 검토를 약속했다."
2606-PKWJB,40,40.25,1564.05,836,55,3,0.0,1,True,False,True,False,False,False,0.0,0.0,0.0102195383908926,No phone service,DSL,Yes,Yes,No,Yes,No,No,One year,Yes,Mailed check,품질,1003895484,안도윤,"고객이 영상 버퍼링 문제를 상담사에게 문의하자, 상담사는 네트워크 점검과 요금제 변경 시 할인 혜택이 가능하다고 안내했다."
2840-XANRC,24,93.15,2231.05,443,5,1,0.768,0,True,False,True,False,False,False,1.0,1.0,0.5188953848977077,No phone service,Fiber optic,No,Yes,Yes,No,Yes,Yes,Month-to-month,Yes,Electronic check,품질,1078434265,박도윤,"고객이 Fiber optic 회선의 끊김 문제로 상담을 요청하였고, 상담사는 점검 후 기사 방문 예약과 요금제 재조정 안내를 제공했다."
6549-BTYPG,60,60.8,3603.45,409,37,1,0.532,0,True,False,True,False,False,False,0.0,0.0,0.0490291974396386,No phone service,DSL,No,Yes,Yes,Yes,Yes,Yes,Two year,Yes,Credit card (automatic),품질,1043736219,권주원,"고객이 DSL 회선 문제로 문의하자 상담사가 문제 해결을 위한 점검을 시작하고, 요금제를 재검토하며 진행 사항을 문자로 안내하기로 했다."
6356-ELRKD,1,95.6,95.6,400,140,3,1.0,1,True,False,True,False,False,False,1.0,1.0,0.917287285799923,No phone service,Fiber optic,Yes,Yes,No,No,Yes,Yes,Month-to-month,Yes,Electronic check,해지,1036102700,한주원,고객이 인터넷 설치 문제로 불만을 표하며 계약 해지를 요구했다.
0137-UDEUO,3,19.85,63.75,775,203,4,0.77,0,True,False,True,False,False,False,1.0,1.0,0.6466017333328046,No phone service,No,No internet service,No internet service,No internet service,No internet service,No internet service,No internet service,Month-to-month,Yes,Mailed check,해지,1021005880,오지우,"고객이 서비스 해지를 원하자 상담사가 개선 방안을 제안하고, 고객은 제안서를 검토한 후 결정하겠다고 했다."
2263-SFSQZ,51,24.95,1222.25,630,39,2,0.37,1,True,False,True,False,False,False,0.0,0.0,0.0019750771139867,Yes,No,No internet service,No internet service,No internet service,No internet service,No internet service,No internet service,Two year,Yes,Mailed check,장애,1035306580,박민준,"고객이 인터넷 연결 문제를 상담사에게 신고하자, 상담사가 지역 장애로 인한 복구 작업 중임을 설명하고 ETA 및 임시 조치를 문자로 안내할 것이라고 답했다."
7748-UMTRK,30,101.3,2974.5,160,30,1,1.0,1,True,False,True,False,False,False,0.0,0.0,0.1800429180510281,Yes,Fiber optic,No,Yes,No,Yes,Yes,Yes,Month-to-month,Yes,Electronic check,품질,1075152133,이서연,고객이 인터넷 속도에 대한 불만을 표현하자 상담사가 점검 후 문제를 해결해 주었다.
2995-UPRYS,40,99.2,4062.2,951,176,4,0.61,1,True,False,True,False,False,False,1.0,1.0,0.9757632063734156,No phone service,Fiber optic,No,Yes,No,Yes,Yes,Yes,One year,Yes,Credit card (automatic),요금,1028309958,이지호,고객이 요금 인상 문제로 상담사에게 확인 요청하며 부가서비스 해제와 환불을 상담함.
1494-EJZDW,10,20.15,220.8,952,147,3,0.5,1,True,False,True,False,False,False,0.0,0.0,0.009984931510891,No phone service,No,No internet service,No internet service,No internet service,No internet service,No internet service,No internet service,Two year,Yes,Mailed check,요금,1025658013,한하준,고객이 요금 인상에 대해 문의하자 상담사가 요금제 변경을 확인하고 환불 가능성을 안내하는 대화.
4741-WWJQZ,2,80.15,194.55,246,31,1,0.583,1,True,False,True,False,False,False,0.0,1.0,0.6983165120016135,No phone service,Fiber optic,Yes,Yes,No,Yes,No,No,Month-to-month,Yes,Electronic check,요금,1089699754,장하린,고객이 모바일세이브 5G 요금 청구에 불만을 제기하자 상담사가 문제를 확인하고 부가서비스 해지 및 요금 조정 가능성을 안내했다.
9708-KFDBY,1,20.55,20.55,1183,134,3,0.71,0,True,False,True,False,False,False,0.0,1.0,0.8856047266747432,No phone service,No,No internet service,No internet service,No internet service,No internet service,No internet service,No internet service,Month-to-month,Yes,Credit card (automatic),해지,1034936364,권주원,"고객이 서비스 해지를 원하지만, 상담사가 개선 방안을 제시하며 결정 시간을 잇따라 요청했다."
5569-KGJHX,9,85.35,754.65,1196,54,2,1.0,0,True,False,True,False,False,False,1.0,1.0,0.900732378246914,Yes,Fiber optic,No,Yes,No,No,Yes,No,Month-to-month,Yes,Electronic check,해지,1071906196,임지호,"고객이 번호이동 문제를 문의했고, 상담사는 요금 청구 내역을 확인하며 해결 방안을 제시했습니다."
9670-BPNXF,45,62.55,2796.45,344,17,0,0.472,0,True,False,True,False,False,False,0.0,0.0,0.0462620668814308,No phone service,DSL,Yes,Yes,No,Yes,No,No,One year,Yes,Credit card (automatic),품질,1041100872,박민준,"고객이 DSL 회의 중 끊김 문제로 상담을 요청하였고, 상담사는 문제 해결을 위해 환경 점검과 요금제 재검토를 약속하며 진행 사항을 문자로 안내하기로 했다."
8800-ZKRFW,30,107.5,3242.5,381,50,0,0.736,1,True,False,True,False,False,False,0.0,1.0,0.6796854772304592,Yes,Fiber optic,No,Yes,Yes,Yes,Yes,Yes,Month-to-month,Yes,Electronic check,요금,1067943837,신하은,"고객이 기업용 프리미엄 이용 중 청구액 이상에 대한 불만을 상담하며, 상담사가 문제를 확인하고 해결 방안을 안내했다."
6976-BWGLQ,72,25.2,1787.35,368,44,1,0.636,1,True,False,True,False,False,False,0.0,0.0,0.0053700581094183,Yes,No,No internet service,No internet service,No internet service,No internet service,No internet service,No internet service,Two year,Yes,Electronic check,품질,1044942352,신하린,"고객이 회의 중 끊김 문제로 상담사에게 연락하였고, 상담사가 문제 해결을 위해 장비 상태와 연결 환경을 체크하며 최적화 방법을 제안하고 진행 상황을 문자로 안내하기로 함."
0269-XFESX,23,24.35,538.5,263,37,0,0.553,0,True,False,True,False,False,False,0.0,0.0,0.0343056221900123,Yes,No,No internet service,No internet service,No internet service,No internet service,No internet service,No internet service,One year,Yes,Mailed check,요금,1047010505,서시우,고객이 청구 금액이 평소보다 높아진 이유를 문의하며 상담사가 확인 후 문제를 해결하기로 한 대화입니다.
8044-BGWPI,12,21.15,306.05,538,33,2,0.36,1,True,False,True,False,False,False,0.0,0.0,0.0090973896408858,No phone service,No,No internet service,No internet service,No internet service,No internet service,No internet service,No internet service,Month-to-month,Yes,Electronic check,장애,1093518118,장하윤,"인터넷 장애로 인한 복구 작업이 진행 중이며, 상담사가 ETA와 임시 조치 정보를 문자로 안내하기로 했습니다."
6990-YNRIO,65,108.65,6937.95,370,90,2,1.0,0,True,False,True,False,False,False,1.0,1.0,0.7456795530463667,Yes,Fiber optic,Yes,Yes,Yes,Yes,Yes,Yes,Two year,Yes,Electronic check,해지,1051647203,권하윤,고객이 인터넷 서비스의 잦은 끊김과 혜택 부족을 이유로 해지를 요청하고 있다.
1936-CZAKF,49,49.65,2409.9,680,98,2,1.0,0,True,False,True,False,False,False,0.0,0.0,0.04830585816032,No phone service,DSL,No,Yes,No,No,Yes,Yes,Two year,Yes,Credit card (automatic),장애,1019873327,황서준,"고객이 인터넷 문제를 상담사에게 보고하자, 상담사는 지역 장애를 확인하고 필요 시 방문 기사 예약을 제안했다."
6229-UOLQL,56,52.0,2884.9,687,105,4,0.29,0,True,False,True,False,False,False,0.0,0.0,0.0040322724207832,No phone service,DSL,Yes,Yes,No,Yes,Yes,No,One year,Yes,Mailed check,품질,1045760578,박예준,"고객이 저녁 시간대 인터넷 속도 문제를 신고하자 상담사가 채널 변경과 모뎀 재설정을 제안하고, 필요 시 기사 방문 점검을 예약하기로 하였다."
5383-MMTWC,8,84.0,613.4,262,11,0,0.67,0,True,False,True,False,False,False,1.0,1.0,0.8268557116230535,Yes,Fiber optic,No,Yes,No,No,No,Yes,Month-to-month,Yes,Electronic check,요금,1056637054,신하린,"고객이 청구 금액과 관련해 상담을 요청하자, 상담사가 부가서비스 해지와 요금제 적합성 재검토를 약속하며 진행 상황을 문자로 안내하겠다고 전달했다."
9818-XQCUV,2,20.35,45.3,60,10,1,0.5,1,True,False,True,False,False,False,0.0,0.0,0.0296199158713422,No phone service,No,No internet service,No internet service,No internet service,No internet service,No internet service,No internet service,Month-to-month,Yes,Mailed check,요금,1045699139,김도윤,고객이 2개월 차 전화 요금 20.35달러를 납부했다고 확인했습니다.
9620-ENEJV,6,70.55,433.95,295,176,2,0.0,0,True,False,True,False,False,False,0.0,1.0,0.838916466755844,No phone service,Fiber optic,No,Yes,No,No,No,No,Month-to-month,Yes,Credit card (automatic),장애,1075127174,이주원,고객이 인터넷 오류를 신고하자 상담사가 문제를 확인하고 임시 데이터 제공을 검토하기로 했다.
7126-RBHSD,17,78.9,1348.95,200,56,2,0.552,0,True,False,True,False,False,False,0.0,1.0,0.7554105527684118,Yes,Fiber optic,Yes,Yes,No,No,No,No,Month-to-month,Yes,Electronic check,해지,1069285219,서주원,"고객이 품질 문제로 해지를 고민하면서 약정과 위약금에 대해 문의하자, 상담사는 문제 해결을 위한 대안을 제시하고 해지 절차를 안내했다."
8582-KRHPJ,50,35.0,1782.4,886,272,2,0.53,1,True,False,True,False,False,False,0.0,0.0,0.0863217235836588,No phone service,DSL,Yes,Yes,No,No,No,No,Month-to-month,Yes,Mailed check,요금,1019839094,오주원,"고객이 이번 달 요금 증가에 대해 불만을 제기하고, 상담사가 요금제 변경 사항을 확인한 후 해제 및 환불 절차를 안내하기로 했다."
2192-CKRLV,72,49.2,3580.95,499,63,3,0.25,0,True,False,True,False,False,False,0.0,0.0,0.0011948326739081,No phone service,DSL,Yes,Yes,Yes,No,No,Yes,Two year,Yes,Electronic check,품질,1039421815,안서현,"고객이 저녁에 인터넷 속도 저하 문제를 상담사에게 문의하자, 상담사는 채널 변경과 모뎀 재설정을 제안하고 기사 방문 점검도 예약하기로 했다."
7554-AKDQF,6,45.65,323.45,90,15,1,0.5,1,True,False,True,False,False,False,0.0,0.0,0.0211385659472065,No phone service,DSL,No,Yes,No,No,No,No,Month-to-month,Yes,Mailed check,요금,1029457370,황서연,"고객이 DSL 인터넷 요금 확인을 위해 문의했으며, 상담사가 정확한 금액을 확인해 주었다."
4671-LXRDQ,2,45.0,96.45,143,20,4,0.307,1,True,False,True,False,False,False,1.0,1.0,0.5688646643281299,No phone service,DSL,No,Yes,No,No,No,No,Month-to-month,Yes,Mailed check,요금,1061498827,황서준,"고객이 기업용 베이직 요금 청구가 평소보다 많이 나왔다고 문의하자, 상담사가 요금제 적합성을 검토하고 더 적합한 요금제로의 변경 시 할인 가능성을 안내하며 진행 상황을 문자로 알리겠다고 전했다."
8969-PRHFK,18,19.65,411.25,383,14,1,0.315,0,True,False,True,False,False,False,0.0,0.0,0.0599727731987793,No phone service,No,No internet service,No internet service,No internet service,No internet service,No internet service,No internet service,One year,Yes,Mailed check,장애,1019115781,이서연,"고객은 인터넷 장애로 문의하였고, 상담사는 장애 점검과 복구 예상 시간 및 보상 안내를 하며 요금제 검토도 약속했다."
3279-DYZQM,71,19.45,1378.45,0,0,0,0.0,1,True,False,True,False,False,False,0.0,0.0,0.006386548441666,No phone service,No,No internet service,No internet service,No internet service,No internet service,No internet service,No internet service,Two year,Yes,Mailed check,해당 없음,1048066117,오서현,대화 내용이 적혀 있지 않아서 요약할 수 없음.
9351-HXDMR,72,110.9,8240.85,440,225,3,1.0,1,True,False,True,False,False,False,0.0,0.0,0.0167770184670824,Yes,Fiber optic,Yes,Yes,Yes,Yes,Yes,Yes,Two year,Yes,Credit card (automatic),장애,1044339817,황지우,고객이 인터넷 오류를 신고하자 상담사가 문제를 확인하고 원격 점검 및 데이터 리필 혜택을 제공하겠다고 안내했다.
5606-AMZBO,10,78.15,765.15,405,231,2,1.0,0,True,False,True,False,False,False,0.0,1.0,0.6368863635938238,Yes,Fiber optic,Yes,Yes,No,No,No,No,Month-to-month,Yes,Credit card (automatic),장애,1027934124,신주원,"고객이 Wi-Fi 문제를 상담사에게 신고하며, 상담사는 지역 장애를 확인하고 방문 기사 예약을 제안한다."
7929-DMBCV,20,81.0,1683.7,318,15,4,0.544,0,True,False,True,False,False,False,0.0,0.0,0.4832404672747852,No phone service,Fiber optic,No,Yes,Yes,Yes,No,No,Month-to-month,Yes,Mailed check,품질,1072297585,안민준,"고객이 세종시 센터에 Fiber optic 회선 끊김 문제로 문의하였고, 상담사가 신호 약화 발견 후 기사 방문을 예약하며 요금제 재검토를 약속했다."
9065-ZCPQX,72,78.85,5763.15,815,32,1,0.0,0,True,False,True,False,False,False,0.0,0.0,0.0099373569175118,Yes,DSL,Yes,Yes,Yes,Yes,No,Yes,Two year,Yes,Electronic check,장애,1026569801,안예준,고객이 카페에서 와이파이 문제를 보고하자 상담사가 지역 장애를 확인하고 임시 데이터 제공을 제안했다.
1360-RCYRT,23,30.35,678.75,194,28,1,0.121,0,True,False,True,False,False,False,0.0,1.0,0.6134183771474542,No phone service,DSL,No,Yes,No,Yes,No,No,Month-to-month,Yes,Electronic check,해지,1063552573,오연우,"고객이 품질 문제로 통신 서비스 해지를 고려하며 상담을 요청했고, 상담사는 해지 전 대안과 혜택을 안내했다."
6128-DAFVY,56,44.85,2564.95,189,35,1,0.559,0,True,False,True,False,False,False,0.0,0.0,0.2757960063631722,No phone service,DSL,No,Yes,No,No,Yes,Yes,Month-to-month,Yes,Credit card (automatic),해지,1092461565,서하윤,"고객이 품질 문제로 해지를 고민하며 상담을 요청했고, 상담사는 대안을 제시하며 해지 절차를 안내했다."
0123-CRBRT,61,88.1,5526.75,454,42,1,0.747,0,True,False,True,False,False,False,0.0,0.0,0.0428646066321475,Yes,DSL,Yes,Yes,Yes,Yes,Yes,Yes,Two year,Yes,Mailed check,품질,1004161932,조예준,"고객이 DSL 인터넷 끊김 문제를 상담사에게 문의하였고, 상담사는 문제 확인 후 기사 방문을 예약하고 요금제 재검토를 진행하기로 했다."
4570-QHXHL,9,43.75,405.7,759,139,7,1.0,1,True,False,True,False,False,False,0.0,0.0,0.088727896276458,No phone service,DSL,No,Yes,No,No,No,No,Month-to-month,Yes,Electronic check,해지,1009958094,권하린,고객이 번호이동 문제를 문의하자 상담사가 확인 후 개선 방안을 제안하고 추가 혜택 및 기술 지원을 안내했다.
0253-ZTEOB,48,79.65,3870.3,799,189,1,1.0,1,True,False,True,False,False,False,0.0,0.0,0.0066761926579662,Yes,DSL,No,Yes,No,Yes,Yes,Yes,Two year,Yes,Electronic check,요금,1041058125,임지우,고객이 이중 청구를 의심하자 상담사가 네트워크 점검과 해결 방안을 제시하며 추가 조치를 약속했다.
3567-PQTSO,53,105.25,5576.3,916,169,3,0.5,1,True,False,True,False,False,False,0.0,0.0,0.1314992937243381,Yes,Fiber optic,No,Yes,Yes,No,Yes,Yes,One year,Yes,Electronic check,장애,1092506496,한지호,고객의 인터넷 문제에 대해 상담사가 네트워크 점검과 데이터 리필 혜택을 제안하며 도움을 주기로 했다.
6092-QZVPP,36,79.2,2854.95,320,22,3,0.49,0,True,False,True,False,False,False,0.0,0.0,0.2996098999568086,No phone service,DSL,Yes,Yes,Yes,Yes,Yes,Yes,Month-to-month,Yes,Credit card (automatic),품질,1057832062,한도윤,"고객이 DSL 끊김 문제로 문의하였고, 상담사가 원인 점검 및 해결 방법을 안내하며 진행 사항을 문자로 전달하기로 했다."
5129-JLPIS,25,105.5,2686.05,138,10,1,0.789,1,True,False,True,False,False,False,0.0,0.0,0.2798316595327035,No phone service,Fiber optic,Yes,Yes,Yes,Yes,Yes,Yes,Month-to-month,Yes,Electronic check,요금,1029688205,한지유,"고객이 UHD 셋톱 사용 중 청구금액이 평소보다 높아 문의하였고, 상담사가 확인 후 부가서비스 해지와 요금 조정을 제안하며 진행 상황을 문자로 알리기로 했다."
1614-JBEBI,8,20.7,137.6,611,97,2,1.0,1,True,False,True,False,False,False,0.0,0.0,0.0156665610687516,No phone service,No,No internet service,No internet service,No internet service,No internet service,No internet service,No internet service,Month-to-month,Yes,Mailed check,해지,1055758532,황지민,고객이 서비스 해지를 고려하자 상담사가 문제 해결을 위해 요금 청구 내역 및 추가 혜택을 안내하기로 했다.
9313-QOLTZ,26,20.9,518.3,0,0,0,0.5,1,True,False,True,False,False,False,0.0,0.0,0.0154068684684514,No phone service,No,No internet service,No internet service,No internet service,No internet service,No internet service,No internet service,Month-to-month,Yes,Mailed check,해당 없음,1016541035,이서현,대화 내용이 존재하지 않습니다.
4566-NECEV,5,96.55,500.1,488,8,4,0.977,0,True,False,True,False,False,False,0.0,1.0,0.7869473963758848,Yes,Fiber optic,No,Yes,Yes,No,No,Yes,Month-to-month,Yes,Electronic check,장애,1082429791,오지유,고객이 인터넷 장애로 문의하자 상담사가 문제 해결과 보상 안내를 제공하며 진행 상황을 문자로 알리겠다고 약속했다.
7892-POOKP,28,104.8,3046.05,169,32,2,0.895,1,True,False,True,False,False,False,1.0,0.0,0.4248462911244365,Yes,Fiber optic,No,Yes,Yes,Yes,Yes,Yes,Month-to-month,Yes,Electronic check,요금,1072965146,정지유,"고객이 기가라이트 500M 요금 청구가 평소보다 높아 불만을 제기하자, 상담사가 원인 점검과 부가서비스 해지, 요금 조정 가능성을 확인하겠다고 안내했다."
2150-WLKUW,40,63.9,2635.0,163,150,4,0.0,1,True,False,True,False,False,False,0.0,0.0,0.0167498254685665,Yes,DSL,No,Yes,No,No,Yes,No,One year,Yes,Electronic check,품질,1037625093,황도윤,"고객이 영상 버퍼링 문제로 상담사에게 도움을 요청하고, 상담사는 네트워크 점검과 재등록을 제안하며 문자 안내를 약속했다."
1397-XKKWR,7,35.3,264.8,389,9,2,0.255,0,True,False,True,False,False,False,0.0,0.0,0.357144574394209,No phone service,DSL,Yes,Yes,Yes,No,No,No,One year,Yes,Mailed check,장애,1008494736,황민준,"고객이 인터넷 장애로 상담 요청을 하였고, 상담사는 지역 장애를 확인한 후 LTE 백업 연결을 제공하며 요금제를 재검토하겠다고 안내하였다."
1730-ZMAME,32,79.5,2665.0,512,72,6,1.0,0,True,False,True,False,False,False,0.0,1.0,0.6105407159941472,No phone service,Fiber optic,No,Yes,No,No,No,Yes,Month-to-month,Yes,Electronic check,장애,1088787222,장연우,"고객이 와이파이 문제를 상담사에게 문의하자, 상담사는 지역 장애를 확인하고 문자로 처리 결과를 안내하겠다고 답변했다."
7508-KBIMB,24,56.25,1454.25,524,101,4,1.0,1,True,False,True,False,False,False,0.0,0.0,0.0056177667000786,No phone service,DSL,Yes,Yes,Yes,No,No,No,One year,Yes,Credit card (automatic),장애,1022209832,권하윤,고객이 인터넷 문제를 신고하자 상담사가 점검 및 해결 방안을 안내하고 필요한 지원을 제공하겠다고 설명하였습니다.
1343-EHPYB,63,103.4,6603.0,331,30,6,0.498,1,True,False,True,False,False,False,1.0,1.0,0.8395667835542905,Yes,Fiber optic,No,Yes,Yes,No,Yes,Yes,Month-to-month,Yes,Electronic check,요금,1027457223,조예준,고객이 청구금액이 예상보다 많아 문의하자 상담사가 요금제와 사용 패턴을 확인하고 적합한 요금제로 변경하면 절감이 가능하다고 안내했다.
3393-FMZPV,25,100.25,2387.75,840,160,3,0.74,1,True,False,True,False,False,False,1.0,1.0,0.9930234791980936,Yes,Fiber optic,No,Yes,No,No,Yes,Yes,Month-to-month,Yes,Electronic check,요금,1068381856,한서현,고객이 요금 상승에 대한 문의를 하자 상담사가 부가서비스 자동 갱신을 확인하고 취소 및 환불 여부를 안내하기로 했다.
4912-PIGUY,1,84.6,84.6,1172,159,3,0.68,1,True,False,True,False,False,False,0.0,0.0,0.0885516844219689,Yes,Fiber optic,No,Yes,No,No,Yes,No,Month-to-month,Yes,Electronic check,장애,1084199139,황예준,"고객은 인터넷 연결 문제에 대해 문의했고, 상담사는 지역 장애로 복구 중이며 ETA와 조치를 문자로 안내하겠다고 답변했다."
9638-JIQYA,2,24.9,49.7,361,12,4,0.517,0,True,False,True,False,False,False,0.0,0.0,0.2126014554352058,No phone service,DSL,No,Yes,No,No,No,No,Month-to-month,Yes,Credit card (automatic),품질,1076603954,안도윤,"고객이 DSL 연결 문제로 상담 요청했으며, 상담사는 문제 해결을 위한 조치를 안내하고 진행 사항을 문자로 안내하기로 했다."
0479-HMSWA,26,105.45,2715.3,1194,173,6,0.5,1,True,False,True,False,False,False,0.0,0.0,0.0967496032332144,No phone service,Fiber optic,No,Yes,Yes,Yes,Yes,Yes,Two year,Yes,Electronic check,해지,1064567489,정서연,고객이 해지를 고려하고 상담사가 추가 혜택과 기술 지원을 제안하며 도움을 약속하는 대화입니다.
4851-BQDNX,40,85.05,3355.65,176,29,2,0.579,0,True,False,True,False,False,False,0.0,0.0,0.3574397041476244,No phone service,Fiber optic,No,Yes,Yes,No,Yes,No,One year,Yes,Electronic check,품질,1028319267,정서현,"고객이 회의 중 끊김 문제로 상담사에게 문의하고, 상담사는 원인 분석과 해결 방법을 안내하며 요금제를 재검토하기로 했다."
7240-FQLHE,18,99.75,1836.25,502,20,0,0.418,0,True,False,True,False,False,False,1.0,1.0,0.8329043194569331,Yes,Fiber optic,No,Yes,No,Yes,Yes,Yes,Month-to-month,Yes,Electronic check,장애,1027578812,장지호,"고객이 인터넷 장애로 도움을 요청하고, 상담사가 장애 점검 및 복구 예상 시간과 보상 방안을 안내하며 접수번호를 알려준 대화입니다."
5840-NVDCG,16,68.25,1114.85,892,208,2,0.33,1,True,False,True,False,False,False,0.0,0.0,0.0180252895425734,No phone service,DSL,Yes,Yes,No,Yes,No,Yes,Two year,Yes,Electronic check,요금,1028473839,이지유,"고객은 요금이 예상보다 높아 확인 요청을 했고, 상담사는 요금제 변경을 확인한 후 해제와 환불 가능성을 알려주겠다고 답했다."
9962-BFPDU,1,20.05,20.05,245,19,2,0.352,0,True,False,True,False,False,False,0.0,0.0,0.4547244513790772,No phone service,No,No internet service,No internet service,No internet service,No internet service,No internet service,No internet service,Month-to-month,Yes,Mailed check,해지,1022756131,조하린,고객이 품질 불만으로 해지를 고려하며 약정 및 위약금을 문의하자 상담사가 대안과 해지 절차를 안내했다.
5334-JLAXU,60,94.1,5475.9,505,92,4,0.851,1,True,False,True,False,False,False,0.0,0.0,0.4210480165816851,Yes,Fiber optic,Yes,Yes,No,No,No,Yes,Month-to-month,Yes,Credit card (automatic),장애,1029817038,권주원,고객이 인터넷 장애로 상담을 요청하자 상담사가 문제를 점검하고 복구 시간과 보상 안내를 제공한 대화.
4957-SREEC,70,20.35,1458.1,375,46,1,0.312,0,True,False,True,False,False,False,0.0,0.0,0.0265975557766092,No phone service,No,No internet service,No internet service,No internet service,No internet service,No internet service,No internet service,Two year,Yes,Credit card (automatic),장애,1014149985,김지민,"고객이 인터넷 장애로 상담을 요청하였고, 상담사는 장애 점검 및 복구 예정 시간과 보상 내용을 안내했다."
2160-GPFXD,54,65.65,3566.7,704,128,4,0.5,1,True,False,True,False,False,False,0.0,0.0,0.0102434782158054,Yes,DSL,Yes,Yes,No,Yes,No,No,Two year,Yes,Credit card (automatic),해지,1092918780,임시우,고객의 번호이동 문의에 상담사가 요금제 변경과 할인 적용을 안내하며 추가 정보를 문자로 제공하기로 함.
8313-AFGBW,47,73.6,3522.65,316,60,4,0.31,0,True,False,True,False,False,False,0.0,0.0,0.0031476909599895,No phone service,DSL,No,Yes,Yes,No,Yes,Yes,Two year,Yes,Electronic check,품질,1045588658,황민준,"고객이 저녁마다 인터넷 속도 문제를 호소하자 상담사가 채널 변경과 모뎀 재설정을 제안하고, 방문 점검 예약에 동의했다."
9350-ZXYJC,4,25.3,116.95,100,15,1,0.0,1,True,False,True,False,False,False,0.0,0.0,0.0195133480599066,Yes,No,No internet service,No internet service,No internet service,No internet service,No internet service,No internet service,Two year,Yes,Credit card (automatic),요금,1081202330,안하윤,"고객이 요금 확인을 위해 상담사에게 연락했고, 상담사는 요금이 맞다고 답변했다."
8992-OBVDG,21,61.65,1393.6,501,50,2,0.25,0,True,False,True,False,False,False,0.0,0.0,0.0045543536463375,No phone service,DSL,No,Yes,Yes,No,No,Yes,Month-to-month,Yes,Mailed check,품질,1039140816,황지호,"고객이 저녁마다 인터넷 속도가 느려짐을 호소하자 상담사가 채널 변경과 모뎀 재설정을 제안하고, 필요시 기사 방문 점검을 예약하기로 했다."
9178-JHUVJ,24,24.1,587.4,434,17,1,0.536,1,True,False,True,False,False,False,0.0,0.0,0.0281545403109099,Yes,No,No internet service,No internet service,No internet service,No internet service,No internet service,No internet service,Two year,Yes,Electronic check,장애,1035584624,최하윤,고객이 인터넷 장애로 상담을 요청하자 상담사가 장애 여부 확인 후 LTE 백업 연결과 요금제 적합성 검토를 안내했다.
1767-TGTKO,8,45.45,411.75,736,18,7,1.0,1,True,False,True,False,False,False,0.0,0.0,0.0542023494565512,No phone service,DSL,No,Yes,No,No,No,No,Month-to-month,Yes,Electronic check,해지,1048701998,신서연,고객이 해지를 고려하자 상담사가 문제 해결을 위해 필요한 조치를 안내하는 대화.
1194-SPVSP,1,19.65,19.65,110,15,1,0.0,1,True,False,True,False,False,False,0.0,0.0,0.0343175881508489,No phone service,No,No internet service,No internet service,No internet service,No internet service,No internet service,No internet service,Month-to-month,Yes,Electronic check,요금,1039877727,김지호,"고객이 요금 확인을 위해 전화했으며, 상담사가 요금이 맞다고 확인함."
5143-EGQFK,10,29.65,291.4,681,170,4,0.61,1,True,False,True,False,False,False,1.0,1.0,0.6913233667577013,No phone service,DSL,No,Yes,No,Yes,No,No,Month-to-month,Yes,Electronic check,요금,1009728154,최하린,고객이 요금 상승에 대해 문의하자 상담사가 요금제 변경 내역을 확인하고 취소 및 환불 여부를 검토하기로 했다.
9286-DOJGF,38,74.95,2869.85,425,6,2,0.396,0,True,False,True,False,False,False,1.0,1.0,0.7208745989936284,Yes,Fiber optic,No,Yes,No,No,No,No,Month-to-month,Yes,Electronic check,품질,1067234738,이하린,"고객이 Fiber optic 인터넷 회의 중 끊김 문제로 상담 요청했고, 상담사는 신호 약화를 확인 후 기사 방문을 예약하며 요금제 적합성도 검토하겠다고 안내했다."
7980-MHFLQ,72,24.9,1859.2,668,149,2,1.0,0,True,False,True,False,False,False,0.0,0.0,0.0142590885295603,Yes,No,No internet service,No internet service,No internet service,No internet service,No internet service,No internet service,Two year,Yes,Mailed check,장애,1005689298,장서현,고객의 인터넷 문제에 대해 상담사가 문제점을 확인하고 임시 데이터 제공을 검토하기로 함.
2181-UAESM,2,53.45,119.5,343,30,2,0.456,0,True,False,True,False,False,False,0.0,1.0,0.6308977132143017,No phone service,DSL,Yes,Yes,Yes,No,No,No,Month-to-month,Yes,Electronic check,해지,1082974738,최시우,고객이 품질 문제로 해지를 고려하며 약정과 위약금을 문의하자 상담사는 대안을 제시하고 해지 접수를 안내했다.
5899-MQZZL,13,75.0,999.45,1137,177,3,0.5,0,True,False,True,False,False,False,1.0,1.0,0.8988817732173151,Yes,Fiber optic,No,Yes,No,No,No,No,Month-to-month,Yes,Mailed check,해지,1083932389,장지민,고객이 약정 만료로 해지를 원하자 상담사가 요금제 변경 및 할인 혜택을 제안하며 문제 해결을 위해 문자 안내를 약속했다.
3744-ZBHON,3,20.2,65.95,0,0,0,0.0,1,True,False,True,False,False,False,0.0,0.0,0.0736376600792336,No phone service,No,No internet service,No internet service,No internet service,No internet service,No internet service,No internet service,Month-to-month,Yes,Electronic check,해당 없음,1011711044,황시우,"""해당 없음""이라는 표현은 어떤 정보나 내용이 적용되지 않음을 나타냅니다."
2308-STERM,2,19.4,61.05,868,169,2,0.91,0,True,False,True,False,False,False,0.0,1.0,0.7096023760659597,No phone service,No,No internet service,No internet service,No internet service,No internet service,No internet service,No internet service,Month-to-month,Yes,Mailed check,해지,1039281157,오도윤,고객이 서비스 해지를 고려하자 상담사가 개선 방안을 제안하며 제안서를 전달하기로 함.
7521-YXVZY,3,19.95,58.3,0,0,0,0.5,1,True,False,True,False,False,False,0.0,0.0,0.0251607492439467,No phone service,No,No internet service,No internet service,No internet service,No internet service,No internet service,No internet service,Month-to-month,Yes,Mailed check,해당 없음,1056060977,정하준,대화 내용은 구체적인 정보가 없어 요약할 수 없습니다.
7975-JMZNT,66,91.7,6075.9,388,113,2,0.35,0,True,False,True,False,False,False,0.0,0.0,0.0021095001192225,Yes,DSL,Yes,Yes,Yes,Yes,Yes,Yes,Two year,Yes,Electronic check,품질,1044812777,장도윤,"고객이 저녁 시간에 인터넷 속도 저하 문제를 상담하자, 상담사가 채널 변경과 모뎀 재설정을 제안하고 필요시 방문 점검 예약을 도와주기로 했다."
4183-WCSEP,31,78.45,2435.15,910,175,5,0.0,0,True,False,True,False,False,False,1.0,1.0,0.6484522693935835,No phone service,Fiber optic,No,Yes,No,Yes,No,No,Month-to-month,Yes,Electronic check,품질,1080589483,박서현,"고객이 지하철역에서 통화가 끊기는 문제를 상담사에게 신고하고, 상담사는 네트워크 점검 및 품질 최적화를 안내했다."
3178-CIFOT,23,19.65,478.1,954,158,3,0.42,1,True,False,True,False,False,False,0.0,0.0,0.0139869653693941,No phone service,No,No internet service,No internet service,No internet service,No internet service,No internet service,No internet service,One year,Yes,Credit card (automatic),요금,1058128298,신시우,고객이 요금 인상에 대한 확인과 조정을 요청하자 상담사가 해제 처리와 환불 가능성을 안내하기로 했다.
7216-EWTRS,1,100.8,100.8,390,110,3,1.0,0,True,False,True,False,False,False,1.0,1.0,0.982291390104588,Yes,Fiber optic,No,Yes,Yes,No,Yes,Yes,Month-to-month,Yes,Electronic check,해지,1088115853,권시우,고객이 인터넷 불통으로 격앙해 취소를 요청했다.
1803-BGNBD,12,54.3,654.5,110,15,1,0.5,1,True,False,True,False,False,False,0.0,0.0,0.1109844785590314,No phone service,DSL,No,Yes,No,Yes,No,No,Month-to-month,Yes,Electronic check,요금,1035590002,서연우,"고객이 1년 요금 54.3달러 확인을 요청했으며, 상담사는 맞다고 답했다."
2731-GJRDG,32,109.55,3608.0,327,22,0,0.903,0,True,False,True,False,False,False,0.0,0.0,0.1824425150126027,Yes,Fiber optic,Yes,Yes,Yes,Yes,Yes,Yes,One year,Yes,Electronic check,해지,1091448779,서하은,"고객이 요금 상승으로 해지를 고려하며 상담을 요청했고, 상담사는 해지 전 대안을 제시하며 위약금 정보를 안내했다."
6723-WSNTY,66,108.1,7181.95,924,73,1,0.22,1,True,False,True,False,False,False,0.0,0.0,0.0085745016645466,Yes,Fiber optic,No,Yes,Yes,Yes,Yes,Yes,One year,Yes,Credit card (automatic),장애,1036055943,김예준,"고객이 인터넷 문제로 상담사에게 도움을 요청했고, 상담사가 지역 장애로 인한 복구 작업 중임을 알려주며 안내를 약속했다."
6633-SYEUS,23,83.2,2032.3,363,9,3,0.596,0,True,False,True,False,False,False,0.0,1.0,0.5102294242484896,No phone service,Fiber optic,No,Yes,Yes,Yes,No,No,Month-to-month,Yes,Electronic check,해지,1018180130,황시우,고객이 요금 인상으로 해지를 고려하자 상담사가 대안과 혜택을 제안하며 문제 해결을 도와주기로 했다.
2586-CWXVV,54,30.4,1621.35,0,0,0,0.0,1,True,False,True,False,False,False,0.0,0.0,0.0838701806432872,No phone service,DSL,No,Yes,No,No,No,No,Month-to-month,Yes,Electronic check,해당 없음,1067201721,정서현,요약할 대화 내용이 없습니다.
2982-IHMFT,1,74.45,74.45,1202,230,2,0.82,0,True,False,True,False,False,False,1.0,1.0,0.9899247595754048,Yes,Fiber optic,No,Yes,No,No,No,No,Month-to-month,Yes,Mailed check,해지,1095772721,정하린,고객이 서비스 해지를 원했으나 상담사가 개선 방안을 제안하자 검토해보기로 결정했다.
7384-GHBPI,3,35.15,99.75,383,13,4,0.317,0,True,False,True,False,False,False,1.0,1.0,0.9043503287069716,No phone service,DSL,No,Yes,No,No,No,Yes,Month-to-month,Yes,Electronic check,장애,1007685605,신서연,"고객이 인터넷 장애로 인한 원인과 해결 일정을 문의하였고, 상담사는 지역 장애를 확인하여 임시 LTE 연결을 제공하고 사용 요금제를 재검토하겠다고 안내하였다."
0265-PSUAE,16,100.7,1522.7,960,220,2,0.67,0,True,False,True,False,False,False,0.0,0.0,0.0179496159221067,No phone service,Fiber optic,Yes,Yes,Yes,No,Yes,Yes,Month-to-month,Yes,Electronic check,품질,1047319252,장시우,"고객이 저녁 시간 회선 속도 저하 문제를 상담사에게 말하고, 상담사는 채널 변경 및 모뎀 재설정을 진행하며 기사 방문 점검 예약을 도와준다."
4445-KWOKW,42,60.15,2421.6,0,0,0,0.5,1,True,False,True,False,False,False,0.0,0.0,0.0197271268658906,Yes,DSL,Yes,Yes,No,No,No,No,One year,Yes,Electronic check,해당 없음,1089636604,오지민,대화 내용이 없음을 요약합니다.
8316-BBQAY,65,59.95,3921.1,424,62,3,0.36,1,True,False,True,False,False,False,0.0,0.0,0.0018202095241478,No phone service,DSL,Yes,Yes,Yes,Yes,Yes,Yes,Two year,Yes,Credit card (automatic),품질,1022513490,정지민,"고객이 저녁시간에 인터넷 속도 저하를 호소하자 상담사가 채널 변경과 모뎀 재설정을 제안하고, 필요 시 기사 방문 점검을 예약하기로 했다."
3544-FBCAS,72,83.6,5959.3,431,21,2,0.517,0,True,False,True,False,False,False,0.0,0.0,0.0099285776317188,Yes,DSL,Yes,Yes,Yes,No,Yes,Yes,Two year,Yes,Credit card (automatic),해지,1060464278,오하윤,"고객이 요금 인상 문제로 상담을 요청하였고, 상담사는 해지와 대안 검토를 제안하며 위약금 정보를 안내했다."
1333-PBMXB,54,24.75,1342.15,654,109,2,0.37,0,True,False,True,False,False,False,0.0,0.0,0.1529111752211523,Yes,No,No internet service,No internet service,No internet service,No internet service,No internet service,No internet service,One year,Yes,Electronic check,해지,1002604721,신하린,고객은 해지를 원했지만 상담사가 개선 방안을 제안하자 재고해보겠다고 답했다.
0825-CPPQH,71,19.1,1372.45,397,99,2,0.27,1,True,False,True,False,False,False,0.0,0.0,0.0029456957791784,No phone service,No,No internet service,No internet service,No internet service,No internet service,No internet service,No internet service,Two year,Yes,Credit card (automatic),장애,1007120768,장서준,"고객은 인터넷 연결 문제로 상담사에게 도움을 요청했으며, 상담사는 지역 장애로 인한 복구 작업 중임을 설명하고 문자로 안내하겠다고 답했습니다."
6695-FRVEC,67,60.4,3953.7,0,0,0,0.5,1,True,False,True,False,False,False,0.0,0.0,0.0078649335281384,No phone service,DSL,Yes,Yes,Yes,Yes,No,No,Two year,Yes,Electronic check,해당 없음,1024675438,한시우,"""해당 없음""이라는 내용이 무슨 의미인지 요약할 수 없습니다."
5562-BETPV,1,19.65,19.65,204,17,1,0.496,0,True,False,True,False,False,False,0.0,0.0,0.0218004774579658,No phone service,No,No internet service,No internet service,No internet service,No internet service,No internet service,No internet service,One year,Yes,Mailed check,해지,1023812745,최예준,고객이 서비스 품질 문제로 해지를 고민하자 상담사가 해지 전 대안과 혜택을 안내하며 문제 해결을 도와주기로 했다.
8519-QJGJD,14,75.35,1025.95,380,110,2,0.0,0,True,False,True,False,False,False,1.0,1.0,0.96760541767385,No phone service,Fiber optic,No,Yes,Yes,No,No,No,Month-to-month,Yes,Electronic check,해지,1065673297,서주원,고객이 인터넷 속도에 불만을 품고 해지를 요청하자 상담사가 이를 수긍했다.
9391-DXGGG,44,89.15,3990.75,160,215,7,0.5,1,True,False,True,False,False,False,0.0,0.0,0.107052004069205,No phone service,Fiber optic,No,Yes,Yes,No,No,Yes,One year,Yes,Credit card (automatic),요금,1099926837,한서연,고객이 청구 금액의 변동에 대해 문의하자 상담사가 문제를 확인하고 요금제 변경을 제안하며 오늘 중으로 처리를 약속했다.
0379-DJQHR,67,81.35,5398.6,382,42,2,0.824,0,True,False,True,False,False,False,0.0,0.0,0.0467707276603461,No phone service,DSL,Yes,Yes,Yes,No,Yes,Yes,Two year,Yes,Credit card (automatic),해지,1041737025,정서현,고객이 요금 인상으로 해지를 고민하자 상담사가 해결책과 혜택을 제안하며 진행 상황을 문자로 안내하기로 했다.
4657-FWVFY,40,96.35,3915.4,171,22,2,0.634,0,True,False,True,False,False,False,0.0,0.0,0.4974934785190895,Yes,Fiber optic,No,Yes,Yes,No,Yes,No,Month-to-month,Yes,Credit card (automatic),요금,1072507344,안민준,"고객이 UHD 셋톱의 지나치게 높은 청구액에 대해 상담을 요청하였고, 상담사는 요금제와 부가서비스를 확인한 후 조정 가능성을 안내하였습니다."
1657-DYMBM,53,19.9,1110.05,150,25,1,0.5,1,True,False,True,False,False,False,0.0,0.0,0.0047367474322938,No phone service,No,No internet service,No internet service,No internet service,No internet service,No internet service,No internet service,Two year,Yes,Credit card (automatic),품질,1072283330,이하준,"고객이 DSL 인터넷 속도가 느리다며 상담사에게 문의하였고, 상담사는 요금을 확인하고 신호 점검을 했습니다."
3481-JHUZH,41,80.25,3439.0,933,149,2,1.0,0,True,False,True,False,False,False,0.0,1.0,0.8754933279716824,Yes,Fiber optic,No,Yes,No,No,No,No,Month-to-month,Yes,Electronic check,요금,1050148851,한예준,고객이 이중 청구를 의심하자 상담사가 문제를 확인하고 요금제 변경을 제안했다.
4505-EXZHB,6,74.4,434.1,513,165,3,0.0,0,True,False,True,False,False,False,1.0,1.0,0.8979840831441714,No phone service,Fiber optic,No,Yes,Yes,No,No,No,Month-to-month,Yes,Electronic check,장애,1022271540,조주원,고객이 인터넷 오류 신고를 하자 상담사가 문제 원인을 확인하고 방문 기사 예약 또는 기술 지원 연결을 제안했다.
6463-HHXJR,71,100.5,7030.65,0,0,0,1.0,1,True,False,True,False,False,False,0.0,0.0,0.030465876592093,Yes,Fiber optic,Yes,Yes,Yes,No,Yes,No,Two year,Yes,Electronic check,해당 없음,1036175047,황지우,대화 내용이 없으므로 요약할 내용이 없습니다.
8207-VVMYB,70,26.0,2006.95,637,84,1,0.21,1,True,False,True,False,False,False,0.0,0.0,0.0016734532507823,Yes,No,No internet service,No internet service,No internet service,No internet service,No internet service,No internet service,Two year,Yes,Electronic check,장애,1047730193,박서연,"고객이 인터넷 문제를 상담사에게 문의하며, 상담사는 지역 장애로 인해 복구 중이라고 안내하고 ETA 및 임시 조치를 문자로 제공하겠다고 했습니다."
5349-AZPEW,5,25.05,125.5,0,0,0,0.5,1,True,False,True,False,False,False,0.0,0.0,0.078329015224742,No phone service,DSL,No,Yes,No,No,No,No,Month-to-month,Yes,Mailed check,해당 없음,1078575640,한서현,요약할 내용이 없습니다.
4676-WLUHT,54,46.2,2431.95,1178,65,2,0.5,0,True,False,True,False,False,False,0.0,0.0,0.0399567701489665,No phone service,DSL,Yes,Yes,No,No,No,Yes,Two year,Yes,Electronic check,요금,1018985798,서주원,고객이 요금 인상에 대해 문의하자 상담사가 원인을 분석하고 요금제 변경 및 청구 검토 요청 등을 안내하였다.
3988-RQIXO,1,91.3,91.3,390,110,3,1.0,0,True,False,True,False,False,False,1.0,1.0,0.9825100744576184,No phone service,Fiber optic,No,Yes,No,No,Yes,Yes,Month-to-month,Yes,Electronic check,해지,1000538203,김하은,고객이 가입 후 1주일 만에 인터넷 설치 지연에 불만을 표하며 계약 해지를 요청함.
7903-CMPEY,1,80.3,80.3,946,163,4,0.91,1,True,False,True,False,False,False,1.0,1.0,0.986708391193324,Yes,Fiber optic,Yes,Yes,No,No,No,No,Month-to-month,Yes,Electronic check,요금,1014969704,서주원,고객이 요금 인상을 확인하고 취소 및 조정을 요청하자 상담사가 해제 처리와 환불을 약속했다.
0576-WNXXC,27,95.55,2510.2,518,82,4,1.0,0,True,False,True,False,False,False,1.0,1.0,0.910353828814397,Yes,Fiber optic,No,Yes,Yes,No,No,Yes,Month-to-month,Yes,Electronic check,해지,1006684373,최하린,고객이 약정 만료로 해지를 원하자 상담사가 혜택과 문제 해결을 제안하며 후속 조치를 약속한 대화.
4897-QSUYC,1,20.15,20.15,290,130,2,0.0,0,True,False,True,False,False,False,1.0,1.0,0.9729233259702572,No phone service,No,No internet service,No internet service,No internet service,No internet service,No internet service,No internet service,Month-to-month,Yes,Mailed check,해지,1021087704,조지우,고객이 통화 품질 불만으로 해지를 원하고 상담사가 사과하는 대화.
3090-QFUVD,1,20.3,20.3,201,32,0,0.198,0,True,False,True,False,False,False,0.0,1.0,0.9101677225546092,No phone service,No,No internet service,No internet service,No internet service,No internet service,No internet service,No internet service,Month-to-month,Yes,Credit card (automatic),해지,1001760083,조지민,"고객이 품질 문제로 해지를 고려하며 약정과 위약금 정보를 문의하자, 상담사가 대안과 혜택을 제안하며 문제 해결을 위한 절차를 안내했다."
4664-NJCMS,33,59.55,2016.3,692,224,4,0.53,1,True,False,True,False,False,False,0.0,0.0,0.0308930267154586,No phone service,DSL,Yes,Yes,Yes,Yes,Yes,Yes,Two year,Yes,Electronic check,요금,1001112445,한하은,"고객은 요금 인상에 대한 확인과 조정을 요청하며, 상담사는 요금제 변경 사항을 확인하고 환불 가능성을 안내하기로 했다."
3675-YDUPJ,10,19.85,193.05,163,27,2,0.428,1,True,False,True,False,False,False,0.0,0.0,0.0425920776012684,No phone service,No,No internet service,No internet service,No internet service,No internet service,No internet service,No internet service,Month-to-month,Yes,Mailed check,요금,1096343570,임지유,"고객이 청구 금액이 평소보다 높아 상담을 요청하였고, 상담사가 사용 내역과 부가서비스를 검토하여 조정을 약속함."
4484-CGXFK,3,55.3,196.15,263,234,3,0.0,0,True,False,True,False,False,False,1.0,1.0,0.7468795803219365,No phone service,DSL,No,Yes,No,No,No,Yes,Month-to-month,Yes,Electronic check,장애,1000723618,김하은,"고객이 인터넷 문제를 상담사에게 문의하였고, 상담사는 재부팅 및 기술 지원 옵션을 제안하며 필요한 조치를 안내했습니다."
4443-EMBNA,71,24.75,1836.9,314,76,0,0.461,1,True,False,True,False,False,False,0.0,0.0,0.0109519719864961,Yes,No,No internet service,No internet service,No internet service,No internet service,No internet service,No internet service,Two year,Yes,Electronic check,요금,1056130686,박민준,고객이 청구 요금이 평소보다 많아 확인 요청을 하자 상담사가 요금 내역과 부가서비스를 점검하고 조정 가능성을 안내했다.
0916-QOFDP,14,95.8,1346.3,215,71,4,1.0,1,True,False,True,False,False,False,0.0,0.0,0.3707510909428923,Yes,Fiber optic,No,Yes,No,No,Yes,Yes,Month-to-month,Yes,Electronic check,해지,1050977517,조지호,고객이 서비스 해지를 고려하고 있으며 상담사는 문제 해결을 위한 대안을 제시하고 해지 절차에 대해 안내하고 있다.
6137-NICCO,6,94.05,518.75,353,105,2,0.5,1,True,False,True,False,False,False,0.0,0.0,0.3765687466774116,Yes,Fiber optic,No,Yes,Yes,No,Yes,No,Month-to-month,Yes,Mailed check,해지,1048551897,윤서현,고객이 번호이동 문의를 하자 상담사가 문제를 점검하고 해지 보류 혜택을 안내하며 처리 진행을 도와주기로 했다.
5066-GFJMM,3,19.9,45.75,154,5,0,0.264,0,True,False,True,False,False,False,0.0,0.0,0.289816654487937,No phone service,No,No internet service,No internet service,No internet service,No internet service,No internet service,No internet service,Month-to-month,Yes,Mailed check,요금,1013552193,박예준,"고객은 기가라이트 500M 사용 중 이번 달 청구금액이 비정상적으로 높아 상담을 요청했고, 상담사는 청구 내역과 부가서비스 확인 후 조정을 약속했다."
9050-IKDZA,2,81.5,162.55,0,0,0,0.0,1,True,False,True,False,False,False,0.0,1.0,0.5743766353909378,No phone service,Fiber optic,No,Yes,No,No,Yes,No,Month-to-month,Yes,Mailed check,해당 없음,1059825347,황지민,대화 내용이 없다는 이야기입니다.
6475-VHUIZ,23,54.25,1221.55,281,21,0,0.385,1,True,False,True,False,False,False,0.0,0.0,0.3366312109791798,No phone service,DSL,No,Yes,Yes,Yes,No,No,Month-to-month,Yes,Electronic check,요금,1072631143,최하윤,"고객이 모바일세이브 5G의 청구금액 증가에 대해 문의하자, 상담사가 부가서비스 해지와 요금제 재검토를 약속하며 진행 상황을 문자로 안내하겠다고 말했다."
1579-KLYDT,7,90.45,593.45,261,7,4,0.518,1,True,False,True,False,False,False,1.0,1.0,0.8979926791135678,Yes,Fiber optic,No,Yes,Yes,No,Yes,No,Month-to-month,Yes,Electronic check,요금,1079649088,오하린,고객이 청구서 문제로 문의하자 상담사가 원인 확인 및 조정을 약속하며 진행 사항을 문자로 안내하겠다고 설명했다.
4803-AXVYP,38,99.55,3734.25,808,27,2,1.0,0,True,False,True,False,False,False,1.0,1.0,0.8014801679901613,Yes,Fiber optic,No,Yes,No,Yes,Yes,Yes,Month-to-month,Yes,Electronic check,요금,1083474287,장서현,고객이 요금 인상에 대해 문의하자 상담사가 문제를 확인하고 요금제 변경을 제안했다.
5424-RLQLC,10,59.65,638.95,328,57,3,0.21,0,True,False,True,False,False,False,0.0,0.0,0.0072300798203542,No phone service,DSL,No,Yes,No,No,Yes,No,Month-to-month,Yes,Mailed check,품질,1002419062,정주원,"고객이 저녁마다 인터넷 속도 저하를 호소하자 상담사가 채널 변경과 모뎀 재설정을 제안하고, 방문 점검 예약을 요청받았다."
3992-YWPKO,6,109.9,669.45,370,35,0,0.69,0,True,False,True,False,False,False,1.0,1.0,0.8655563380480258,Yes,Fiber optic,No,Yes,Yes,Yes,Yes,Yes,Month-to-month,Yes,Credit card (automatic),해지,1089937104,황서준,고객이 요금 인상으로 해지를 고려하고 상담사가 대안 제시와 해지 절차를 안내한 대화 내용.
8042-JVNFH,1,71.35,71.35,358,15,4,0.289,0,True,False,True,False,False,False,1.0,1.0,0.9456978813778472,No phone service,Fiber optic,No,Yes,No,No,No,No,Month-to-month,Yes,Mailed check,장애,1074780524,황하린,"고객이 인터넷 장애로 상담사에게 연락했으며, 상담사는 장애 상황 점검과 임시 조치, 보상 및 요금제 재계산을 안내했다."
0562-KBDVM,70,44.6,3058.15,304,12,0,0.46,0,True,False,True,False,False,False,0.0,0.0,0.0145407654298507,No phone service,DSL,Yes,Yes,Yes,Yes,No,No,Two year,Yes,Electronic check,해지,1088174010,정시우,고객이 서비스 품질 문제로 해지를 고려하자 상담사가 대안을 제시하며 요금 인하 및 품질 점검을 안내했다.
1409-PHXTF,54,110.45,6077.75,843,44,2,0.49,0,True,False,True,False,False,False,0.0,0.0,0.009238479953357,Yes,Fiber optic,No,Yes,Yes,Yes,Yes,Yes,Two year,Yes,Electronic check,품질,1076038718,안지우,고객은 속도 저하 문제로 상담사에게 기사 방문 점검을 요청했다.
4459-BBGHE,30,44.5,1307.8,433,24,2,0.644,0,True,False,True,False,False,False,0.0,1.0,0.5147225208018761,No phone service,DSL,No,Yes,No,No,Yes,Yes,Month-to-month,Yes,Electronic check,장애,1088615377,임연우,"고객이 인터넷 문제가 발생해 상담 요청을 했고, 상담사는 장애 여부를 확인하고 임시 LTE 백업 연결을 제공하며 요금제 재검토와 진행 상황 안내를 약속했다."
6158-HDPXZ,1,25.35,25.35,307,13,3,0.424,0,True,False,True,False,False,False,0.0,1.0,0.5313615003079286,No phone service,DSL,No,Yes,No,No,No,No,Month-to-month,Yes,Mailed check,품질,1004930409,박서현,"고객이 DSL 끊김 문제를 상담사에게 문의하였고, 상담사는 점검 후 기사 방문 예약과 요금제 재계산을 안내했다."
6683-VLCTZ,20,98.55,1842.8,351,27,1,0.812,0,True,False,True,False,False,False,1.0,1.0,0.6857053627394936,Yes,Fiber optic,No,Yes,Yes,No,Yes,Yes,Month-to-month,Yes,Electronic check,품질,1010683429,이주원,"고객이 광인터넷 연결 문제로 상담을 요청하고, 상담사가 진단 후 기사 방문을 예약하며 요금제 재검토를 안내했다."
3727-OWVYD,35,61.2,2021.2,225,22,1,0.537,1,True,False,True,False,False,False,0.0,0.0,0.0134808708830704,No phone service,DSL,Yes,Yes,Yes,No,No,No,One year,Yes,Mailed check,요금,1036137693,한서연,고객이 청구금액 증가에 대해 문의하자 상담사가 원인 분석 및 조정을 약속하며 진행 상황을 문자로 안내하겠다고 말했다.
6838-HVLXG,12,20.3,246.7,1063,114,7,0.0,1,True,False,True,False,False,False,0.0,0.0,0.013866519805353,No phone service,No,No internet service,No internet service,No internet service,No internet service,No internet service,No internet service,Month-to-month,Yes,Mailed check,장애,1078702303,최하은,"고객이 와이파이 문제를 상담사에게 설명하고, 상담사는 임시 데이터 제공 및 현장 점검을 제안하며 앱에서 직접 처리할 수 있도록 도와주기로 했다."
7136-IHZJA,40,71.35,2847.2,822,237,2,0.59,1,True,False,True,False,False,False,0.0,0.0,0.1299759034831851,No phone service,DSL,Yes,Yes,No,Yes,No,Yes,Month-to-month,Yes,Mailed check,요금,1074213954,장도윤,"고객이 이번 달 요금 인상에 대해 확인 요청하며, 요금제 변경의 취소와 조정을 상담사에게 요청했다."
0956-SYCWG,13,19.65,244.8,283,14,1,0.392,1,True,False,True,False,False,False,0.0,0.0,0.0477868756165798,No phone service,No,No internet service,No internet service,No internet service,No internet service,No internet service,No internet service,One year,Yes,Electronic check,장애,1035848838,임하은,고객이 인터넷 문제로 상담을 요청하자 상담사가 지역 장애를 확인하고 임시로 LTE 백업 연결을 제공하며 요금제 적합성을 점검하겠다고 안내했다.
2812-REYAT,49,20.05,923.1,0,0,0,0.0,1,True,False,True,False,False,False,0.0,0.0,0.0099682116956899,No phone service,No,No internet service,No internet service,No internet service,No internet service,No internet service,No internet service,One year,Yes,Electronic check,해당 없음,1096324766,김도윤,요약할 대화 내용이 없습니다.
9602-WCXPI,50,20.15,989.05,250,68,1,0.5,0,True,False,True,False,False,False,0.0,0.0,0.0607140147807456,No phone service,No,No internet service,No internet service,No internet service,No internet service,No internet service,No internet service,One year,Yes,Credit card (automatic),요금,1053115166,황하은,고객이 청구 금액의 변동에 대해 문의하자 상담사가 문제를 확인하고 요금제 변경을 제안하며 후속 연락을 약속했다.
9412-ARGBX,48,95.5,4627.85,323,40,0,0.523,0,True,False,True,False,False,False,1.0,0.0,0.1309377997464669,No phone service,Fiber optic,No,Yes,Yes,Yes,Yes,No,Two year,Yes,Mailed check,품질,1077593831,서지호,"고객이 회의 중 끊김 문제로 상담을 요청하였고, 상담사가 점검 후 기사 방문 예약과 요금제 적합성 재조사를 안내했다."
4797-MIWUM,7,20.25,174.7,619,61,7,0.5,0,True,False,True,False,False,False,0.0,0.0,0.3229764914482787,No phone service,No,No internet service,No internet service,No internet service,No internet service,No internet service,No internet service,Month-to-month,Yes,Electronic check,품질,1027838960,오서연,"고객은 지하철역에서 통화 끊김 문제를 상담사에게 문의했고, 상담사는 신호 불안정성을 확인하고 문제 해결을 위한 조치를 안내했다."
4513-CXYIX,71,80.7,5676.0,307,24,0,0.728,0,True,False,True,False,False,False,0.0,0.0,0.0099327899538263,Yes,Fiber optic,Yes,Yes,No,No,No,No,Two year,Yes,Credit card (automatic),품질,1032360951,이지유,"고객이 회의 중 끊김 문제로 상담을 요청하자, 상담사는 문제를 확인하고 기사 방문 예약 및 요금제 조정을 안내했다."
7596-IIWYC,27,20.25,538.2,306,7,0,0.288,0,True,False,True,False,False,False,0.0,0.0,0.0268760116101132,No phone service,No,No internet service,No internet service,No internet service,No internet service,No internet service,No internet service,Two year,Yes,Electronic check,품질,1086672458,박서연,"고객이 회의 중 끊김 문제를 상담사에게 문의하였고, 상담사는 문제 해결을 위해 장비 상태와 지역 서비스 품질을 확인하며 요금제 적합성도 평가하기로 했다."
4458-KVRBJ,59,25.0,1510.5,246,18,0,0.335,0,True,False,True,False,False,False,0.0,0.0,0.0209069823538259,Yes,No,No internet service,No internet service,No internet service,No internet service,No internet service,No internet service,Two year,Yes,Mailed check,요금,1075600315,장민준,"고객이 요금 문제를 문의하자 상담사가 청구 내역과 요금제 적합성을 확인하고, 더 적합한 요금제로 변경할 경우 절감 가능성을 안내했다."
0011-IGKFF,13,98.0,1237.85,212,16,3,0.918,0,True,False,True,False,False,False,1.0,0.0,0.3628356543503964,No phone service,Fiber optic,No,Yes,Yes,No,Yes,Yes,Month-to-month,Yes,Electronic check,요금,1017437708,오서현,"고객이 기가라이트 500M 요금이 예고 없이 높아져 상담 요청을 하였고, 상담사가 문제 확인 및 조정을 약속했다."
5515-IDEJJ,1,19.9,19.9,1167,217,2,0.9,0,True,False,True,False,False,False,1.0,1.0,0.8947368857767435,No phone service,No,No internet service,No internet service,No internet service,No internet service,No internet service,No internet service,Month-to-month,Yes,Mailed check,해지,1078715359,권하윤,"고객은 서비스 해지를 원하지만, 상담사가 개선 방안을 제안하자 검토 후 결정하겠다고 응답했다."
5975-BAICR,36,63.7,2188.5,388,5,1,0.546,0,True,False,True,False,False,False,0.0,0.0,0.0532454674545423,No phone service,DSL,Yes,Yes,Yes,No,No,Yes,One year,Yes,Credit card (automatic),품질,1041678444,신시우,"고객이 DSL 끊김 문제로 상담에 문의하자, 상담사는 문제 해결을 위한 점검 후 기사 방문을 예약하고 요금제 검토 약속을 하며 접수번호를 안내했다."
9332-GYWLO,6,54.85,355.1,232,60,2,0.581,0,True,False,True,False,False,False,0.0,1.0,0.512680021102637,No phone service,DSL,No,Yes,No,No,Yes,No,Month-to-month,Yes,Electronic check,요금,1056793326,장하은,고객이 기업용 프리미엄 요금제 청구에 불만을 제기하자 상담사가 청구 내역과 부가서비스를 확인하고 조정 가능성을 안내하며 접수번호를 발급했다.
3276-HDUEG,1,75.05,75.05,429,12,3,0.576,0,True,False,True,False,False,False,1.0,1.0,0.9042973586951596,Yes,Fiber optic,No,Yes,No,No,No,No,Month-to-month,Yes,Mailed check,품질,1064677145,권서준,"고객이 Fiber optic 회선의 끊김 문제를 상담사에게 문의하고, 상담사는 원인 점검과 해결책을 제시하며 접수번호를 안내했다."
8868-WOZGU,28,105.7,2979.5,604,61,6,0.5,0,True,False,True,False,False,False,1.0,1.0,0.64657593811168,Yes,Fiber optic,No,Yes,Yes,No,Yes,Yes,Month-to-month,Yes,Electronic check,장애,1039190702,황예준,"고객이 와이파이 문제를 상담사에게 문의하자, 상담사는 지역 장애를 확인하고 임시로 데이터를 제공할 수 있다고 안내했다."
4329-YPDDQ,20,108.2,2203.7,925,165,2,0.87,0,True,False,True,False,False,False,0.0,0.0,0.0065462436561089,No phone service,Fiber optic,Yes,Yes,Yes,Yes,Yes,Yes,Month-to-month,Yes,Electronic check,품질,1066260880,이하은,"고객이 저녁 시간대 인터넷 속도 저하 문제를 상담하며, 상담사는 채널 변경, 모뎀 재설정, 기사 방문 점검 예약을 제안하였다."
7105-MXJLL,26,60.7,1597.4,170,30,1,0.5,1,True,False,True,False,False,False,0.0,0.0,0.0431430984055016,No phone service,DSL,No,Yes,Yes,No,No,Yes,One year,Yes,Mailed check,품질,1097843556,이지민,"고객이 인터넷 속도 문제로 상담을 요청했으며, 상담사의 점검 후 상황이 개선되었다."
7794-JASDG,1,50.75,50.75,895,224,2,0.9,1,True,False,True,False,False,False,0.0,0.0,0.4024334958112915,No phone service,DSL,Yes,Yes,No,No,No,No,Month-to-month,Yes,Mailed check,요금,1056057080,권하준,"고객이 요금 상승에 대해 문의하자 상담사가 요금제 변경 내역을 확인하고, 해제와 환불 가능성을 검토하기로 했다."
1492-KGETH,70,78.35,5445.95,661,20,3,0.45,0,True,False,True,False,False,False,0.0,0.0,0.0030488356342289,Yes,DSL,Yes,Yes,Yes,Yes,No,Yes,One year,Yes,Electronic check,품질,1002547154,정지민,고객은 저녁에 인터넷 속도 저하 문제를 위해 상담사에게 모뎀 재설정과 기사 방문 점검을 요청했다.
2892-GESUL,18,19.35,309.25,1017,200,2,0.55,1,True,False,True,False,False,False,0.0,0.0,0.0095215512706963,No phone service,No,No internet service,No internet service,No internet service,No internet service,No internet service,No internet service,Two year,Yes,Mailed check,요금,1055948370,최지우,고객이 요금이 높아진 이유를 문의하자 상담사가 요금제 변경을 확인하고 환불 가능성을 검토하기로 했다.
7026-YMSBE,30,19.7,625.05,110,15,1,0.0,1,True,False,True,False,False,False,0.0,0.0,0.0136551766526779,No phone service,No,No internet service,No internet service,No internet service,No internet service,No internet service,No internet service,One year,Yes,Mailed check,요금,1072089135,김연우,고객이 요금 확인을 요청했으나 미납된 요금은 없다는 상담사의 답변을 들었다.
9286-BHDQG,72,45.25,3139.8,325,9,1,0.335,0,True,False,True,False,False,False,0.0,0.0,0.0079958151272446,No phone service,DSL,Yes,Yes,Yes,Yes,No,No,Two year,Yes,Credit card (automatic),해지,1075508078,권도윤,고객이 서비스 품질 문제로 해지를 고려하며 약정과 위약금을 문의하자 상담사가 대안 제시와 정보를 제공하며 진행하기로 했다.
5655-JSMZM,49,96.2,4718.25,834,14,5,0.5,0,True,False,True,False,False,False,1.0,1.0,0.9164622636635033,Yes,Fiber optic,No,Yes,No,No,Yes,Yes,Month-to-month,Yes,Electronic check,해지,1071777116,김하은,고객이 약정 만료로 해지를 원했으나 상담사는 해지 대신 요금제 변경과 할인 적용을 제안하며 문자로 안내하겠다고 말했다.
5605-IYGFG,7,69.85,515.45,364,12,2,0.678,1,True,False,True,False,False,False,0.0,1.0,0.6150541470325012,No phone service,Fiber optic,No,Yes,No,No,No,No,Month-to-month,Yes,Electronic check,장애,1098632583,정지호,"고객이 인터넷 장애로 상담사에게 도움을 요청하고, 상담사는 지역 장애를 확인하여 LTE 백업 연결과 요금제 적합성을 제안하며 진행 사항을 문자로 안내하기로 했다."
9633-XQABV,3,70.25,229.7,143,61,2,0.498,0,True,False,True,False,False,False,0.0,1.0,0.6489396769190338,No phone service,Fiber optic,No,Yes,No,No,No,No,Month-to-month,Yes,Electronic check,요금,1000343379,신서현,"고객이 청구 금액 증가에 대해 상담 요청을 하고, 상담사는 원인 확인 및 조정을 약속하며 진행 사항을 문자로 안내하겠다고 함."
0722-TROQR,4,74.9,321.75,1097,142,2,0.72,1,True,False,True,False,False,False,1.0,1.0,0.9810184942758392,Yes,Fiber optic,No,Yes,No,No,No,No,Month-to-month,Yes,Electronic check,요금,1009994491,이지유,고객이 요금 인상이 동의 없이 이루어진 것에 대해 문의하자 상담사가 해제와 환불 가능성을 확인하겠다고 답하며 다음 달 안정된 요금제를 요청했다.
9209-NWPGU,44,65.4,2774.55,349,43,4,0.5,1,True,False,True,False,False,False,0.0,0.0,0.0320463087430104,No phone service,DSL,Yes,Yes,No,Yes,Yes,No,One year,Yes,Electronic check,해지,1040607781,이하린,"고객이 약정 만료로 해지하려고 하자, 상담사가 추가 혜택을 제안하고 문제의 원인을 확인하기 위해 조사를 약속했다."
8981-FJGLA,11,78.0,851.8,223,73,0,0.571,1,True,False,True,False,False,False,0.0,1.0,0.8208648570740177,Yes,Fiber optic,No,Yes,Yes,No,No,No,Month-to-month,Yes,Mailed check,요금,1038996882,안민준,"고객이 와이파이플러스 요금 청구액 증가에 대해 문의하자, 상담사가 요금제 적합성을 검토하고 요금제 변경 시 절감을 안내하며 진행 사항을 문자로 전달하기로 했다."
3585-YNADK,57,74.6,4368.95,453,30,0,0.598,1,True,False,True,False,False,False,0.0,0.0,0.0370768227948425,Yes,DSL,No,Yes,Yes,Yes,Yes,No,One year,Yes,Electronic check,품질,1057242746,임지우,"고객이 DSL 끊김 문제로 상담 요청 후, 상담사가 원인 확인 및 해결책을 제시하며 진행 사항을 문자로 안내하기로 했다."
0436-TWFFZ,67,85.25,5714.2,629,23,4,0.0,0,True,False,True,False,False,False,0.0,0.0,0.045188526100619,Yes,DSL,Yes,Yes,Yes,Yes,Yes,Yes,Two year,Yes,Mailed check,장애,1020482556,안지민,고객이 인터넷 불편을 신고하자 상담사가 문제를 확인하고 방문 기사 예약 및 청구 검토를 제안했다.
9281-PKKZE,46,43.95,2007.85,0,0,0,0.5,1,True,False,True,False,False,False,0.0,0.0,0.1055977048369326,No phone service,DSL,No,Yes,No,No,Yes,Yes,Month-to-month,Yes,Electronic check,해당 없음,1036828758,서하은,이 대화는 특정 내용이 없음을 나타냅니다.
0426-TIRNE,1,20.9,20.9,740,148,3,0.5,0,True,False,True,False,False,False,1.0,1.0,0.5843341624178762,No phone service,No,No internet service,No internet service,No internet service,No internet service,No internet service,No internet service,Month-to-month,Yes,Mailed check,해지,1089201385,안서연,"고객이 번호이동 문제를 상담사에게 문의하자, 상담사가 문제를 확인하고 필요한 조치를 안내하는 대화 내용."
3428-XZMAZ,1,69.35,69.35,977,230,4,0.99,1,True,False,True,False,False,False,1.0,1.0,0.9865899146083636,No phone service,Fiber optic,No,Yes,No,No,No,No,Month-to-month,Yes,Electronic check,요금,1074521736,한지호,"고객이 요금 상승에 대한 확인과 조정을 요청하였고, 상담사는 해제 및 환불 가능성을 확인하겠다고 답했다."
1618-CFHME,2,75.9,143.35,334,9,1,0.451,0,True,False,True,False,False,False,1.0,1.0,0.9245157224231368,Yes,Fiber optic,No,Yes,No,No,No,No,Month-to-month,Yes,Electronic check,해지,1070033469,장주원,고객이 품질 문제로 해지를 고려하고 상담사가 대안을 제시하며 해지 절차와 위약금을 안내하는 대화.
1660-HSOOQ,1,49.65,49.65,1193,274,2,0.99,0,True,False,True,False,False,False,1.0,1.0,0.9688218578901872,No phone service,DSL,No,Yes,Yes,No,No,No,Month-to-month,Yes,Mailed check,해지,1064346120,윤하준,고객이 서비스 해지를 고려하자 상담사가 개선 방안을 제시하고 제안서를 보내기로 합의했다.
1555-DJEQW,70,114.2,7723.9,425,63,1,0.703,0,True,False,True,False,False,False,1.0,0.0,0.1823134430611709,Yes,Fiber optic,Yes,Yes,Yes,Yes,Yes,Yes,Two year,Yes,Electronic check,장애,1049701914,오지우,고객이 인터넷 장애로 도움을 요청하자 상담사가 지역 장애를 확인하고 LTE 백업 연결 및 요금제 적합성 검토를 안내하며 진행 사항을 문자로 전달하겠다고 밝혔다.
8399-YNDCH,21,60.05,1236.15,396,14,6,0.351,0,True,False,True,False,False,False,1.0,0.0,0.4428422183121133,No phone service,DSL,No,Yes,Yes,No,Yes,No,Month-to-month,Yes,Electronic check,품질,1040021776,오지우,"고객이 DSL 사용 중 회의 끊김 문제로 상담을 요청하였고, 상담사는 문제 원인을 확인 후 기사 방문 예약과 요금제 재검토를 안내했습니다."
3938-YFPXD,72,84.3,5997.1,445,36,0,0.688,1,True,False,True,False,False,False,0.0,0.0,0.0208265482946918,Yes,DSL,Yes,Yes,Yes,Yes,Yes,Yes,Two year,Yes,Credit card (automatic),품질,1057653540,박지호,"고객이 DSL 끊김 문제를 상담사에게 신고하고, 상담사가 환경 및 장비 상태를 확인한 후 최적화 방법과 요금제 재조정을 제안했다."
4282-YMKNA,9,74.75,706.6,997,53,4,1.0,0,True,False,True,False,False,False,1.0,1.0,0.7138678278299944,Yes,Fiber optic,No,Yes,No,No,No,No,Month-to-month,Yes,Electronic check,품질,1094634648,장서현,"고객이 영상 버퍼링 문제를 상담사에게 보고하고, 상담사는 원인 파악과 해결 방안을 제시하고 있다."
8966-SNIZF,70,19.45,1303.5,144,16,0,0.345,1,True,False,True,False,False,False,0.0,0.0,0.010483668843288,No phone service,No,No internet service,No internet service,No internet service,No internet service,No internet service,No internet service,Two year,Yes,Electronic check,요금,1020091738,한지민,"고객이 와이파이플러스 요금 청구 문제를 상담사에게 문의하자, 상담사가 부가서비스 해지 및 요금제 적합성 검토를 약속하며 진행 상황을 문자로 알리겠다고 했다."
0601-WZHJF,14,46.35,667.7,177,43,2,0.502,0,True,False,True,False,False,False,1.0,1.0,0.7583215013341504,No phone service,DSL,No,Yes,No,No,Yes,Yes,Month-to-month,Yes,Electronic check,요금,1037883938,신지우,고객이 청구 요금이 평소보다 많다고 문의하자 상담사가 요금제 적합성을 분석하고 변경 시 절감 가능성을 안내했다.
0122-OAHPZ,7,73.85,511.25,334,26,4,0.496,0,True,False,True,False,False,False,1.0,1.0,0.8851709835558091,Yes,Fiber optic,No,Yes,No,No,No,No,Month-to-month,Yes,Electronic check,해지,1021468160,오하윤,고객이 서비스 품질 문제로 해지를 고려하자 상담사가 대안과 약정 없는 요금 인하 옵션을 안내하며 문제 해결을 도와주기로 했다.
1852-XEMDW,22,65.05,1427.55,663,105,4,0.37,0,True,False,True,False,False,False,0.0,0.0,0.0044456177775611,Yes,DSL,Yes,Yes,Yes,No,No,No,Month-to-month,Yes,Mailed check,품질,1046537782,조서준,"고객이 저녁 시간에 인터넷 속도 저하 문제를 보고하자 상담사가 채널 변경과 모뎀 재설정을 제안하고, 필요 시 기사 방문 점검을 예약해주기로 했다."
7159-NOKYQ,67,93.15,6368.2,754,64,1,0.35,1,True,False,True,False,False,False,0.0,0.0,0.0056641998080765,Yes,Fiber optic,No,Yes,Yes,No,No,Yes,Two year,Yes,Electronic check,장애,1086008381,최도윤,고객이 인터넷 장애를 문의하자 상담사가 복구 중이라고 알리고 안내를 약속했다.
8901-UPRHR,72,109.2,7711.45,327,10,1,0.854,1,True,False,True,False,False,False,0.0,0.0,0.0987236694277348,Yes,Fiber optic,No,Yes,Yes,Yes,Yes,Yes,Two year,Yes,Electronic check,요금,1089548056,황하은,"고객이 와이파이플러스 청구금액 증가에 대해 문의하자 상담사가 요금제 및 사용량을 확인하고, 더 적합한 요금제로 변경 시 절감 가능성을 안내했다."
2300-RQGOI,38,20.05,741.5,607,106,4,0.23,0,True,False,True,False,False,False,0.0,0.0,0.001996857489052,No phone service,No,No internet service,No internet service,No internet service,No internet service,No internet service,No internet service,Two year,Yes,Mailed check,품질,1051712802,권예준,"고객이 저녁마다 인터넷 속도 저하 문제를 상담사에게 설명하자, 상담사는 채널 변경과 모뎀 재설정을 제안하며 기사 방문 점검을 예약해 주기로 했다."
3205-MXZRA,26,59.45,1507.0,300,18,0,0.317,0,True,False,True,False,False,False,0.0,0.0,0.1745084889382228,No phone service,DSL,No,Yes,No,Yes,Yes,No,One year,Yes,Credit card (automatic),품질,1087247851,신하준,"고객이 DSL 사용 중 회의 끊김 문제로 상담을 요청하였고, 상담사가 문제 해결을 위해 장비 점검 및 요금제 적합성을 확인하기로 했다."
3259-QMXUN,58,86.1,4890.5,455,8,3,1.0,1,True,False,True,False,False,False,0.0,0.0,0.0172509002748418,Yes,DSL,Yes,Yes,Yes,No,Yes,Yes,Two year,Yes,Electronic check,요금,1077788610,임서준,고객이 청구 금액 불일치에 대해 문의하자 상담사가 문제를 확인하고 요금제 변경을 제안하며 후속 안내를 약속했다.
7240-ETPTR,9,48.75,442.2,172,26,0,0.356,0,True,False,True,False,False,False,1.0,1.0,0.7743830863564455,No phone service,DSL,No,Yes,Yes,No,Yes,Yes,Month-to-month,Yes,Electronic check,요금,1015816263,권하은,"고객이 청구 금액 증가에 대해 상담 요청하자, 상담사가 문제를 확인하고 부가서비스 해지 및 요금 조정 가능성을 안내하였다."
6919-ELBGL,72,114.95,8196.4,234,45,1,0.836,1,True,False,True,False,False,False,0.0,0.0,0.0389895883969884,Yes,Fiber optic,Yes,Yes,Yes,Yes,Yes,Yes,Two year,Yes,Electronic check,요금,1004469398,권하준,"고객이 기업용 베이직 요금 청구액이 평소보다 많아 불만을 제기하자, 상담사가 부가서비스 해지 및 요금제 재검토를 진행하기로 했다."
9546-KDTRB,19,24.7,465.85,257,17,1,0.555,0,True,False,True,False,False,False,0.0,0.0,0.1353658380642953,Yes,No,No internet service,No internet service,No internet service,No internet service,No internet service,No internet service,Month-to-month,Yes,Electronic check,장애,1095040370,서서현,고객이 인터넷 불편으로 상담을 요청하자 상담사가 문제를 점검하고 장애 복구 예상 시간을 안내하며 진행 사항을 문자로 알리기로 했다.
1219-NNDDO,9,76.85,663.55,220,50,1,1.0,1,True,False,True,False,False,False,0.0,0.0,0.3677017186379128,Yes,Fiber optic,No,Yes,No,No,No,No,Month-to-month,Yes,Electronic check,장애,1024224581,황연우,고객이 셋톱박스 문제로 상담했으나 전원 케이블이 제대로 꽂혀있지 않아 해결됨.
1496-GGSUK,1,25.7,25.7,149,9,4,0.326,0,True,False,True,False,False,False,1.0,1.0,0.6811482190401836,No phone service,DSL,No,Yes,No,No,No,No,Month-to-month,Yes,Mailed check,해지,1070323342,조지유,"고객이 품질 문제로 해지를 고려하며 약정과 위약금에 대해 문의하자, 상담사가 대안을 제공하고 해지 접수를 안내했다."
8887-IPQNC,7,44.25,313.45,100,15,1,0.5,1,True,False,True,False,False,False,0.0,0.0,0.0256497957259698,No phone service,DSL,No,Yes,No,No,No,No,Month-to-month,Yes,Mailed check,요금,1022090610,장도윤,고객이 요금 입금 확인을 문의하자 상담사가 확인해 주었다.
3489-HHPFY,2,84.05,134.05,148,113,3,1.0,1,True,False,True,False,False,False,0.0,0.0,0.324009141862591,Yes,Fiber optic,No,Yes,No,No,Yes,No,Month-to-month,Yes,Electronic check,해지,1001570702,임지호,"고객이 번호이동 관련 문의를 하였고, 상담사는 문제 확인과 처리를 약속하며 필요한 안내를 제공했다."
1323-OOEPC,53,98.4,5149.5,380,110,2,1.0,0,True,False,True,False,False,False,1.0,1.0,0.9525628568755604,Yes,Fiber optic,No,Yes,No,No,Yes,Yes,Month-to-month,Yes,Credit card (automatic),해지,1062513457,조하준,고객이 인터넷 서비스의 혜택 부족과 잦은 끊김 때문에 해지를 요청했다.
6072-NUQCB,22,20.25,488.25,290,81,3,0.31,0,True,False,True,False,False,False,0.0,0.0,0.0023141527005146,No phone service,No,No internet service,No internet service,No internet service,No internet service,No internet service,No internet service,One year,Yes,Electronic check,품질,1038148642,서지우,"고객이 저녁마다 인터넷 속도 저하 문제를 상담사에게 문의하자, 상담사는 채널 변경과 모뎀 재설정을 제안하고 방문 점검 예약을 도와주기로 했다."
5046-NUHWD,29,45.0,1228.65,300,17,1,0.444,1,True,False,True,False,False,False,0.0,0.0,0.2917080822686095,No phone service,DSL,Yes,Yes,Yes,No,No,Yes,Month-to-month,Yes,Electronic check,요금,1001192106,장주원,고객이 청구 금액이 평소보다 높아 불만을 제기하자 상담사가 요금제 적합성을 분석하고 적절한 변경을 제안하며 진행 상황을 안내하기로 했다.
5193-QLVZB,63,104.75,6536.5,0,0,0,1.0,1,True,False,True,False,False,False,0.0,0.0,0.0649470700017569,Yes,Fiber optic,No,Yes,Yes,No,Yes,Yes,Two year,Yes,Electronic check,해당 없음,1006840844,윤하윤,"""해당 없음""이라는 내용은 요약할 내용이 없음을 의미합니다."
7365-BVCJH,1,24.4,24.4,1112,8,1,0.0,0,True,False,True,False,False,False,0.0,1.0,0.852333174636566,No phone service,DSL,No,Yes,No,No,No,No,Month-to-month,Yes,Electronic check,장애,1060222714,한지우,고객의 인터넷 문제에 대해 상담사가 장애 상황을 설명하고 임시 데이터 제공을 검토하겠다고 안내함.
2823-LKABH,18,95.05,1679.4,231,24,0,0.687,1,True,False,True,False,False,False,0.0,1.0,0.697199866855451,Yes,Fiber optic,No,Yes,Yes,Yes,No,Yes,Month-to-month,Yes,Electronic check,요금,1051752474,안하린,"고객이 자동이체 청구금액이 평소보다 높아 확인 요청하자, 상담사가 요금제 적합성을 분석해 월 15% 절감 가능성을 안내하고 진행 사항을 문자로 전달하기로 했다."
1208-DNHLN,23,48.35,1067.15,812,60,7,0.5,0,True,False,True,False,False,False,1.0,0.0,0.3123954106775355,Yes,DSL,No,Yes,No,No,No,No,One year,Yes,Credit card (automatic),해지,1034751857,최서준,고객이 약정 만료로 해지하려고 하자 상담사가 해지 보류 조건과 혜택을 안내하며 문제 해결을 위한 조치를 제안했다.
8695-WDYEA,1,51.25,51.25,110,20,1,0.5,1,True,False,True,False,False,False,0.0,0.0,0.0659730695395976,No phone service,DSL,Yes,Yes,No,No,No,No,Month-to-month,Yes,Mailed check,요금,1002752473,이하은,고객이 지난달 가입한 DSL 인터넷 요금 51.25달러가 맞는지 문의하자 상담사가 확인해주었다.
0374-FIUCA,65,20.4,1414.45,239,10,0,0.173,0,True,False,True,False,False,False,0.0,0.0,0.1229434387638758,No phone service,No,No internet service,No internet service,No internet service,No internet service,No internet service,No internet service,Two year,Yes,Credit card (automatic),품질,1084361833,조시우,"고객이 IPTV 리모컨 사용 중 끊김 문제로 상담 요청하였고, 상담사는 문제 해결을 위한 점검과 조치를 안내하며 접수번호를 전달했다."
3714-NTNFO,49,84.5,3906.7,273,8,1,0.932,0,True,False,True,False,False,False,0.0,1.0,0.5705698755482597,Yes,Fiber optic,No,Yes,No,No,No,Yes,Month-to-month,Yes,Electronic check,해지,1053414057,신주원,"고객이 요금 상승으로 해지를 고려하며 약정/위약금에 대해 문의했고, 상담사는 대안과 해지 절차를 안내하며 이용 기간과 요금제를 재검토하겠다고 응답했다."
7465-ZZRVX,1,70.35,70.35,945,174,3,0.78,1,True,False,True,False,False,False,0.0,0.0,0.0903108140234822,No phone service,Fiber optic,No,Yes,No,No,No,No,Month-to-month,Yes,Electronic check,장애,1006487211,황하은,"고객이 인터넷 장애로 상담사에게 문의하자, 상담사가 복구 작업 중임을 안내하고 ETA를 문자로 전달할 것이라고 답했다."
0396-UKGAI,23,55.3,1284.2,237,68,1,0.5,0,True,False,True,False,False,False,0.0,0.0,0.1080338484992263,No phone service,DSL,No,Yes,No,Yes,No,No,Month-to-month,Yes,Electronic check,품질,1086832712,오시우,"고객이 영상 버퍼링 문제를 상담사에게 문의하자, 상담사는 신호 세기를 확인하고 네트워크 재등록을 제안했다."
9648-BCHKM,18,24.65,471.35,401,16,1,0.398,0,True,False,True,False,False,False,0.0,0.0,0.0271961825974012,Yes,No,No internet service,No internet service,No internet service,No internet service,No internet service,No internet service,Two year,Yes,Credit card (automatic),품질,1092074505,안민준,"고객이 인터넷 회의 중 끊김 문제로 상담하였고, 상담사는 장비 점검 후 기사 방문 예약과 요금제 재검토를 안내했다."
7558-IMLMT,67,20.8,1411.9,273,16,2,0.412,0,True,False,True,False,False,False,0.0,0.0,0.0172441039731244,No phone service,No,No internet service,No internet service,No internet service,No internet service,No internet service,No internet service,Two year,Yes,Mailed check,품질,1052216528,김연우,"고객이 회의 중 끊김 문제로 상담을 요청했고, 상담사는 문제 원인 확인 및 기사 방문 예약, 요금제 재검토를 안내했다."
4307-KWMXE,10,35.75,389.8,110,15,1,0.5,1,True,False,True,False,False,False,0.0,0.0,0.0215623209879905,No phone service,DSL,No,Yes,No,Yes,No,No,Month-to-month,Yes,Electronic check,요금,1050767312,박지유,고객이 DSL 인터넷 요금 35.75달러가 맞는지 확인하자 상담사가 맞다고 답했다.
6859-RKMZJ,11,55.05,608.15,223,8,1,0.642,0,True,False,True,False,False,False,0.0,0.0,0.2916658109932092,No phone service,DSL,No,Yes,No,No,Yes,No,Month-to-month,Yes,Electronic check,해지,1007291459,임예준,"고객이 월 정액 요금제의 품질 문제로 해지를 고려하고, 상담사가 대안과 혜택을 제시하며 도움을 제공하는 대화 내용입니다."
7762-URZQH,66,106.05,6981.35,1072,94,4,0.88,1,True,False,True,False,False,False,1.0,1.0,0.9845433912529564,Yes,Fiber optic,Yes,Yes,Yes,No,Yes,Yes,Two year,Yes,Credit card (automatic),요금,1075379375,장도윤,고객이 요금 증가에 대해 문의하자 상담사가 부가서비스 자동 갱신을 확인하고 해제 및 환불 가능성을 안내했다.
8550-XSXUQ,48,70.55,3420.5,730,45,2,0.5,1,True,False,True,False,False,False,0.0,0.0,0.0242950434099612,Yes,DSL,No,Yes,Yes,No,No,Yes,One year,Yes,Credit card (automatic),해지,1011366625,오하은,고객이 해지를 고려하자 상담사가 혜택 안내와 현장 점검 일정을 제안하며 추가 정보를 문자로 보내기로 하였다.
3298-QEICA,23,34.6,813.45,100,15,1,0.5,1,True,False,True,False,False,False,0.0,0.0,0.0069796189365775,No phone service,DSL,Yes,Yes,No,Yes,No,No,Two year,Yes,Mailed check,요금,1074048248,서예준,고객이 보낸 요금이 확인되었다는 상담사의 답변 후 고객이 인사하며 대화를 마무리했다.
6258-PVZWJ,68,90.8,6302.85,366,28,0,0.607,0,True,False,True,False,False,False,0.0,0.0,0.0289272471728942,Yes,DSL,Yes,Yes,Yes,Yes,Yes,Yes,Two year,Yes,Credit card (automatic),품질,1076685915,조도윤,"고객이 DSL 연결 문제로 상담을 요청하였고, 상담사가 원인 분석 후 기사 방문 예약과 요금제 재검토를 안내했다."
2806-MLNTI,52,105.1,5376.4,183,10,1,0.827,1,True,False,True,False,False,False,0.0,0.0,0.33534876563733,Yes,Fiber optic,No,Yes,Yes,No,Yes,Yes,One year,Yes,Electronic check,요금,1007066993,정민준,고객이 UHD 셋톱의 청구 금액이 평소보다 많아 문의하자 상담사가 요금 내역과 부가서비스를 확인하고 조정을 약속했다.
9108-EJFJP,1,53.55,53.55,301,40,2,0.046,0,True,False,True,False,False,False,0.0,1.0,0.950681925061194,No phone service,DSL,Yes,Yes,No,No,No,No,Month-to-month,Yes,Mailed check,품질,1008241591,안지우,"고객이 DSL 회선의 끊김 문제에 대한 원인과 해결 일정을 요청하자, 상담사는 신호 약화를 확인하고 기사 방문을 예약하며 요금제 재검토를 안내했다."
9926-PJHDQ,72,76.8,5468.45,256,9,0,0.645,1,True,False,True,False,False,False,0.0,0.0,0.0244363741498786,Yes,DSL,No,Yes,Yes,No,Yes,Yes,Two year,Yes,Electronic check,요금,1011526632,김하은,"고객이 청구금액 문의를 하자 상담사가 문제 해결을 위해 청구 내역과 서비스 확인 후 조정 가능성을 안내하고, 진행 상황을 문자로 전달하기로 했다."
0334-GDDSO,3,81.35,233.7,503,24,2,0.566,0,True,False,True,False,False,False,1.0,1.0,0.8738851359609049,Yes,Fiber optic,No,Yes,No,No,No,No,Month-to-month,Yes,Electronic check,품질,1020579513,장하윤,"고객이 Fiber optic 회의 중 끊김 문제를 상담하였고, 상담사는 원인 점검과 해결 방안을 안내하며 접수번호를 제공했다."
3320-VEOYC,14,95.6,1273.3,700,203,3,0.79,0,True,False,True,False,False,False,0.0,0.0,0.0262153589111806,Yes,Fiber optic,No,Yes,No,No,Yes,Yes,Month-to-month,Yes,Electronic check,품질,1054379712,서하윤,"고객은 저녁마다 인터넷 속도 저하 문제를 상담사에게 알리고, 상담사는 채널 변경과 모뎀 재설정을 제안한 후 방문 점검 예약을 진행하기로 했다."
6506-EYCNH,28,19.55,543.8,1065,66,2,0.0,0,True,False,True,False,False,False,0.0,0.0,0.3616092871091317,No phone service,No,No internet service,No internet service,No internet service,No internet service,No internet service,No internet service,Month-to-month,Yes,Electronic check,품질,1072850482,이하윤,고객의 영상 버퍼링 문제에 대한 상담사 안내와 해결책 제안 대화.
5886-VLQVU,35,89.85,3161.2,182,45,1,0.861,1,True,False,True,False,False,False,0.0,0.0,0.1524648472582489,Yes,Fiber optic,No,Yes,No,Yes,No,Yes,Month-to-month,Yes,Electronic check,요금,1004898305,이지호,고객이 와이파이플러스 청구액 증가 문제로 상담 요청하며 상담사가 요금제 변경을 제안하고 진행 사항을 안내하기로 함.
4674-HGNUA,71,89.9,6457.15,1033,230,4,0.5,1,True,False,True,False,False,False,0.0,0.0,0.0066101739716137,Yes,DSL,Yes,Yes,Yes,Yes,Yes,Yes,Two year,Yes,Credit card (automatic),장애,1018984352,조서준,고객의 인터넷 문제 해결을 위한 상담에서 상담사가 데이터 제공과 기술 지원 연결을 제안하고 요금제 변경 시 할인 혜택도 안내하는 내용입니다.
6048-NJXHX,41,19.75,899.45,110,35,0,0.506,1,True,False,True,False,False,False,0.0,0.0,0.0483865087403954,No phone service,No,No internet service,No internet service,No internet service,No internet service,No internet service,No internet service,Two year,Yes,Electronic check,요금,1038654095,조서준,고객이 청구 내역 확인을 요청하자 상담사는 요금제와 사용 패턴 검토 후 적합한 요금제로 변경하면 절감 가능성을 안내했다.
2057-ZBLPD,21,86.5,1808.7,1200,189,4,0.96,1,True,False,True,False,False,False,1.0,1.0,0.9849871364642144,Yes,Fiber optic,No,Yes,No,No,No,Yes,Month-to-month,Yes,Electronic check,요금,1078236215,신서연,고객이 요금 상승에 대해 문의하자 상담사가 요금제 변경을 확인하고 즉시 해제 및 환불 여부를 확인하겠다고 응답했다.
6762-QVYJO,58,59.75,3624.35,717,64,3,1.0,0,True,False,True,False,False,False,0.0,0.0,0.0888232384653069,No phone service,DSL,Yes,Yes,Yes,Yes,Yes,Yes,Two year,Yes,Mailed check,장애,1024505729,장지민,"고객이 인터넷 문제를 상담사에게 문의하고, 상담사가 문제 해결을 위한 점검 및 지원 방안을 제공하는 대화입니다."
2135-DQWAQ,5,85.3,420.45,100,15,1,1.0,1,True,False,True,False,False,False,0.0,0.0,0.151704734690937,No phone service,Fiber optic,No,Yes,No,No,Yes,No,Month-to-month,Yes,Mailed check,요금,1009766947,안지우,고객이 5개월 차 요금 85.3달러 입금 확인을 문의하자 상담사가 확인해주었다.
0260-ZDLGK,9,72.9,651.4,949,75,6,0.0,0,True,False,True,False,False,False,1.0,1.0,0.7670713715652259,No phone service,DSL,No,Yes,Yes,Yes,Yes,Yes,Month-to-month,Yes,Mailed check,요금,1062722803,신예준,고객이 이중 청구를 의심하고 상담사가 확인 후 소액결제 차단 설정을 제안하며 처리 결과를 문자로 안내하겠다고 설명했다.
2801-NISEI,24,54.95,1348.5,0,0,0,0.5,1,True,False,True,False,False,False,0.0,0.0,0.0606945109022017,No phone service,DSL,Yes,Yes,No,Yes,No,No,Month-to-month,Yes,Electronic check,해당 없음,1038051039,임서준,"""해당 없음""이라는 말은 특별한 내용이나 주제가 없음을 나타냅니다."
8259-NFJTV,7,34.65,246.6,90,15,1,0.5,1,True,False,True,False,False,False,0.0,0.0,0.021468862422561,No phone service,DSL,Yes,Yes,No,Yes,No,No,Month-to-month,Yes,Mailed check,요금,1072924613,박하은,"고객이 요금 입금 확인을 요청했고, 상담사가 입금이 확인되었다고 응답했다."
3569-VLDHH,66,75.1,5013.0,620,34,2,0.44,0,True,False,True,False,False,False,0.0,0.0,0.0038970601014123,No phone service,DSL,Yes,Yes,Yes,Yes,Yes,No,One year,Yes,Electronic check,품질,1006029865,윤서준,"고객이 저녁 속도 저하에 대해 상담사에게 문제를 알려주고, 기사 방문 점검을 예약했다."
8949-JTMAY,29,98.6,2933.2,370,90,3,1.0,0,True,False,True,False,False,False,1.0,1.0,0.966416608009592,Yes,Fiber optic,No,Yes,Yes,No,Yes,Yes,Month-to-month,Yes,Credit card (automatic),해지,1044722270,김지민,고객이 인터넷 불량으로 불만을 토로하며 해지를 요청하는 대화입니다.
8329-IBCTI,1,19.65,19.65,184,8,2,0.334,1,True,False,True,False,False,False,1.0,0.0,0.101602981804957,No phone service,No,No internet service,No internet service,No internet service,No internet service,No internet service,No internet service,Month-to-month,Yes,Mailed check,요금,1068166095,황서준,"고객이 청구 금액 증가에 대해 상담사와 확인 후 요금제 변경을 통해 절감 가능성을 논의하고, 진행 상황을 문자로 받기로 함."
5016-IBERQ,23,84.25,1968.1,302,24,2,0.815,0,True,False,True,False,False,False,0.0,1.0,0.5403424858793757,Yes,Fiber optic,No,Yes,Yes,No,No,No,Month-to-month,Yes,Electronic check,해지,1049240865,조하준,고객이 요금 상승으로 해지를 고려하고 상담사가 대안 검토 및 해지 절차를 안내하는 대화.
0220-EBGCE,2,85.85,167.3,330,13,2,0.537,0,True,False,True,False,False,False,1.0,1.0,0.9335125988173556,No phone service,Fiber optic,No,Yes,Yes,No,No,Yes,Month-to-month,Yes,Electronic check,요금,1084019764,안서준,"고객이 UHD 셋톱의 높은 청구금액에 대한 상담을 요청하자, 상담사가 청구 내역을 확인하고 부가서비스 해지 및 요금 조정 가능성을 안내했다."
7841-TZDMQ,2,46.0,84.5,286,12,0,0.397,1,True,False,True,False,False,False,1.0,1.0,0.550449760952508,No phone service,DSL,No,Yes,No,No,No,No,Month-to-month,Yes,Credit card (automatic),장애,1026514464,조하은,"고객이 인터넷 장애로 문의했으며, 상담사는 문제를 확인하고 복구 예상 시간과 보상 정보를 안내했다."
6257-RJOHI,4,50.8,202.3,234,227,4,0.5,1,True,False,True,False,False,False,0.0,0.0,0.080793522088319,No phone service,DSL,No,Yes,No,Yes,No,No,Month-to-month,Yes,Mailed check,해지,1073274193,임도윤,고객이 약정 만료로 해지하려고 하자 상담사가 혜택과 문제 해결 방법을 안내하고 추가 정보를 조회하겠다고 답변함.
9921-QFQUL,23,90.15,2044.95,282,34,2,0.699,0,True,False,True,False,False,False,0.0,1.0,0.5768831274017622,Yes,Fiber optic,No,Yes,Yes,No,No,Yes,Month-to-month,Yes,Mailed check,품질,1083094502,한도윤,"고객이 Fiber optic 인터넷 끊김 문제로 상담했으며, 상담사는 문제 해결을 위한 점검 및 조치를 안내했다."
0409-WTMPL,58,110.65,6526.65,0,0,0,1.0,1,True,False,True,False,False,False,0.0,0.0,0.187706692809078,Yes,Fiber optic,Yes,Yes,Yes,No,Yes,Yes,One year,Yes,Credit card (automatic),해당 없음,1014133469,이시우,주어진 대화 내용이 없어서 요약할 수 없습니다.
9420-LOJKX,15,99.1,1426.4,398,24,1,0.684,0,True,False,True,False,False,False,1.0,1.0,0.8103486453946465,No phone service,Fiber optic,Yes,Yes,No,No,Yes,Yes,Month-to-month,Yes,Credit card (automatic),품질,1055964577,서연우,고객이 회의 중 끊김 문제를 상담하자 상담사는 점검 후 기사 방문 예약과 요금제 재검토를 안내했다.
3391-JSQEW,40,50.15,2058.5,275,8,3,0.449,1,True,False,True,False,False,False,0.0,0.0,0.1004327785338369,No phone service,DSL,No,Yes,No,No,No,No,Month-to-month,Yes,Mailed check,요금,1015208978,안시우,고객이 청구 금액이 평소보다 높아진 이유를 문의하자 상담사가 요금제 변경과 절감 가능성을 안내하고 접수번호를 제공했다.
3214-IYUUQ,61,93.7,5860.7,324,40,0,0.675,0,True,False,True,False,False,False,0.0,0.0,0.3000685320100653,No phone service,Fiber optic,Yes,Yes,No,Yes,No,Yes,One year,Yes,Electronic check,해지,1013533260,한하윤,"고객이 요금 상승으로 해지를 고려하며 약정과 위약금에 대해 문의하자, 상담사가 해지 전 대안을 제시하고 위약금 정보를 안내했다."
8445-DNBAE,1,50.05,50.05,140,25,1,0.5,1,True,False,True,False,False,False,0.0,0.0,0.1056058679736792,Yes,DSL,No,Yes,No,No,No,No,Month-to-month,Yes,Electronic check,장애,1049362639,김하윤,고객이 인터넷 설치 확인을 요청하자 상담사가 신호가 정상이라고 답하였다.
7945-PRBVF,35,21.45,705.45,165,30,0,0.341,0,True,False,True,False,False,False,0.0,0.0,0.0270076171856695,No phone service,No,No internet service,No internet service,No internet service,No internet service,No internet service,No internet service,Two year,Yes,Electronic check,요금,1049800189,윤지유,"고객이 청구금액 증가로 상담을 요청하였고, 상담사가 요금제 적합성을 조정하면 절감이 가능하다고 안내했다."
5071-FBJFS,4,50.3,217.1,210,40,1,0.5,0,True,False,True,False,False,False,0.0,0.0,0.4599679151436496,No phone service,DSL,Yes,Yes,No,No,No,No,Month-to-month,Yes,Electronic check,품질,1059160221,박주원,"고객이 느린 인터넷 문제를 상담사에게 문의하고, 상담사는 신호 점검 및 회선 재설정을 진행한다."
1399-OUPJN,57,19.75,1272.05,640,101,4,0.37,0,True,False,True,False,False,False,0.0,0.0,0.0016056178889983,No phone service,No,No internet service,No internet service,No internet service,No internet service,No internet service,No internet service,Two year,Yes,Electronic check,품질,1014772363,정서현,고객이 저녁 시간 인터넷 속도 저하를 호소하자 상담사가 채널 변경과 모뎀 재설정 후 기사 방문 점검을 예약해 주기로 했다.
4636-OLWOE,54,61.0,3283.05,263,26,0,0.361,0,True,False,True,False,False,False,0.0,0.0,0.1186626708652887,No phone service,DSL,No,Yes,Yes,Yes,No,No,One year,Yes,Electronic check,해지,1001737511,최연우,고객이 서비스 품질 문제로 해지를 고려하며 약정과 위약금에 대해 문의하자 상담사가 대안과 정보를 제공하며 해지 접수를 안내하는 대화.
8577-QSOCG,38,20.2,746.05,235,12,0,0.537,0,True,False,True,False,False,False,0.0,0.0,0.0575141394644758,No phone service,No,No internet service,No internet service,No internet service,No internet service,No internet service,No internet service,Two year,Yes,Mailed check,해지,1022732552,장하윤,"고객이 서비스 품질 불만으로 해지를 고려하며 상담을 요청하였고, 상담사는 고객 혜택과 대안을 제안하며 진행 상황을 문자로 안내하겠다고 통보했다."
4690-PKDQG,42,95.55,3930.6,441,22,3,0.751,0,True,False,True,False,False,False,0.0,1.0,0.6983730760612525,Yes,Fiber optic,No,Yes,Yes,No,Yes,No,Month-to-month,Yes,Electronic check,장애,1015827710,권지우,"고객이 인터넷 장애로 상담사에게 도움을 요청하였고, 상담사는 지역 장애를 확인하고 임시 LTE 백업 연결을 제공하며 요금제 재검토를 약속했다."
7228-OMTPN,4,88.45,370.65,832,244,2,0.98,1,True,False,True,False,False,False,1.0,1.0,0.9857992479340054,No phone service,Fiber optic,No,Yes,No,No,Yes,Yes,Month-to-month,Yes,Electronic check,요금,1039689273,장민준,고객이 요금 인상에 대해 문의하며 취소와 조정을 요청하자 상담사가 이를 확인하고 처리하겠다고 응답했다.
1930-QPBVZ,68,95.1,6683.4,980,192,2,0.5,1,True,False,True,False,False,False,0.0,0.0,0.0197134157178408,No phone service,Fiber optic,Yes,Yes,No,Yes,No,Yes,Two year,Yes,Electronic check,장애,1089031674,안서준,고객이 인터넷 오류 신고를 요청하자 상담사는 문제를 확인하고 필요한 조치를 안내하며 방문 기사 예약과 요금제 변경 할인 정보를 제공합니다.
7666-WKRON,39,80.45,3201.55,1174,196,4,0.92,1,True,False,True,False,False,False,1.0,1.0,0.91868380847002,No phone service,Fiber optic,No,Yes,Yes,Yes,No,No,Two year,Yes,Electronic check,요금,1045326328,이하윤,"고객이 요금 인상에 대해 문의하자 상담사가 요금제 변경을 확인하고, 해제 및 환불 가능성을 검토하겠다고 답변했다."
6670-MFRPK,69,79.2,5420.65,0,0,0,1.0,1,True,False,True,False,False,False,0.0,0.0,0.020298947529879,Yes,Fiber optic,No,Yes,Yes,No,No,No,Two year,Yes,Credit card (automatic),해당 없음,1094606175,이지호,해당 내용은 특정 정보나 주제가 없음을 나타냅니다.
3834-XUIFC,7,85.2,602.55,150,200,6,1.0,0,True,False,True,False,False,False,1.0,1.0,0.8530565426347184,Yes,Fiber optic,No,Yes,No,No,No,Yes,Month-to-month,Yes,Mailed check,해지,1069953567,이지민,고객이 번호 이동 문제를 문의하자 상담사가 해결책을 제안하고 요금제 변경 옵션을 권유하며 확인 후 재연락하겠다고 안내했다.
1221-GHZEP,62,65.1,3846.75,532,33,4,0.33,0,True,False,True,False,False,False,0.0,0.0,0.0017442282785811,No phone service,DSL,Yes,Yes,No,Yes,No,Yes,Two year,Yes,Mailed check,품질,1056621547,안도윤,"고객이 저녁에 인터넷 속도 저하를 신고하자, 상담사가 채널 변경과 모뎀 재설정을 제안하고, 방문 점검을 예약하기로 함."
2203-GHNWN,24,79.65,1928.7,638,159,4,0.0,0,True,False,True,False,False,False,0.0,0.0,0.4649490627041249,Yes,Fiber optic,No,Yes,Yes,No,No,No,Month-to-month,Yes,Mailed check,장애,1059970469,조하윤,"고객의 Wi-Fi 문제에 대해 상담사가 확인 후 재부팅과 네트워크 초기화를 제안하고, 필요 시 방문 기사 예약 및 청구 확인 요청을 안내함."
8356-WUAOJ,1,45.0,45.0,110,15,1,0.5,1,True,False,True,False,False,False,0.0,0.0,0.0586757799386862,No phone service,DSL,No,Yes,No,No,No,No,Month-to-month,Yes,Electronic check,요금,1041901861,임예준,"고객이 요금 확인을 위해 전화했으며, 상담사에게 1개월 차 DSL 요금 45달러가 맞다는 확인을 받았다."
7901-IIDQV,24,54.6,1242.25,1185,209,4,0.37,1,True,False,True,False,False,False,0.0,0.0,0.0213826323082121,Yes,DSL,No,Yes,No,Yes,No,No,One year,Yes,Electronic check,요금,1094243512,서연우,고객이 요금 인상에 대한 확인과 조정을 요청하자 상담사가 해제 및 환불 가능성을 검토하겠다고 답했다.
7254-IQWOZ,1,69.65,69.65,376,44,2,0.481,0,True,False,True,False,False,False,1.0,1.0,0.9421606517639558,No phone service,Fiber optic,No,Yes,No,No,No,No,Month-to-month,Yes,Electronic check,품질,1061232995,황서준,"고객이 회의 중 끊김 현상 문제로 상담을 요청하였고, 상담사는 문제 해결을 위해 점검 후 기사 방문을 예약하고 요금제 적합성을 재검토하겠다고 안내했다."
4143-HHPMK,52,85.35,4338.6,350,70,1,1.0,0,True,False,True,False,False,False,1.0,1.0,0.910324126475554,No phone service,Fiber optic,No,Yes,No,No,No,Yes,Month-to-month,Yes,Electronic check,해지,1097139422,서지민,고객이 요금과 서비스에 불만을 제기하며 해지를 요청했다.
7133-VBDCG,25,79.85,2015.35,284,10,1,0.387,0,True,False,True,False,False,False,1.0,1.0,0.551779881230774,No phone service,Fiber optic,Yes,Yes,No,No,No,No,Month-to-month,Yes,Electronic check,해지,1022684021,최하린,"고객이 서비스 해지를 고려하며 문의하자 상담사는 해지 사유를 확인하고, 요금 인하 및 품질 점검 등의 대안을 제시하며 진행 사항을 문자로 안내하겠다고 설명했다."
0052-DCKON,66,115.8,7942.15,849,35,2,0.4,0,True,False,True,False,False,False,0.0,0.0,0.0071022900323264,Yes,Fiber optic,Yes,Yes,Yes,Yes,Yes,Yes,One year,Yes,Electronic check,품질,1030892170,한예준,"고객이 저녁에 인터넷 속도 저하 문제를 상담사에게 알리자, 상담사는 채널 변경과 모뎀 재설정을 제안하고 방문 점검 예약을 도와주기로 했다."
1074-AMIOH,53,108.25,5935.1,350,70,1,1.0,0,True,False,True,False,False,False,0.0,1.0,0.9188068330939032,No phone service,Fiber optic,No,Yes,Yes,Yes,Yes,Yes,Month-to-month,Yes,Electronic check,해지,1084103579,황지우,고객이 요금과 서비스에 불만을 토로하며 계약 해지를 요구했다.
7377-DMMRI,2,47.8,92.45,360,90,3,0.5,0,True,False,True,False,False,False,1.0,1.0,0.8436468517479264,No phone service,DSL,Yes,Yes,No,No,No,No,Month-to-month,Yes,Electronic check,해지,1093335961,정연우,고객이 느린 인터넷 속도에 불만을 털어놓고 해지를 요청하는 대화입니다.
1740-CSDJP,1,35.25,35.25,400,140,4,0.5,0,True,False,True,False,False,False,1.0,1.0,0.9614707216322104,No phone service,DSL,No,Yes,No,No,No,Yes,Month-to-month,Yes,Electronic check,해지,1008369456,윤도윤,고객이 인터넷 성능에 불만을 품고 환불 및 해지를 요청하고 있다.
5614-DNZCE,58,64.9,3795.45,237,32,0,0.291,1,True,False,True,False,False,False,0.0,0.0,0.0590359338313579,No phone service,DSL,Yes,Yes,Yes,Yes,No,No,Two year,Yes,Credit card (automatic),요금,1073504670,정지우,"고객이 모바일세이브 5G 청구금액 증가에 대해 문의하자, 상담사가 요금제 적합성을 분석한 후 더 적합한 요금제로 변경 시 절감 가능성을 안내했다."
3571-DPYUH,58,94.7,5430.35,365,114,1,0.895,0,True,False,True,False,False,False,0.0,0.0,0.2105069126507523,Yes,Fiber optic,No,Yes,No,Yes,Yes,No,One year,Yes,Credit card (automatic),품질,1052493081,신하은,"고객이 Fiber optic 서비스의 끊김 문제를 상담하며, 상담사가 연결 상태와 장비 점검, 최적화 방법을 제안하고 진행 상황을 문자로 안내하기로 했다."
4685-TFLLS,18,19.8,342.3,955,228,5,0.5,0,True,False,True,False,False,False,0.0,0.0,0.070596670778791,No phone service,No,No internet service,No internet service,No internet service,No internet service,No internet service,No internet service,One year,Yes,Electronic check,요금,1039862819,안하준,"고객은 요금 인상에 대한 문제를 상담하며, 상담사는 해결 방안을 제시하고 기술지원팀 연결을 제안했다."
5846-NEQVZ,71,70.85,4973.4,298,81,1,0.633,0,True,False,True,False,False,False,0.0,0.0,0.011071999933387,No phone service,DSL,Yes,Yes,Yes,Yes,No,Yes,Two year,Yes,Credit card (automatic),해지,1021756732,임예준,"고객이 품질 불만으로 해지를 고려하며 상담을 요청하였고, 상담사는 해지 사유 확인 및 대안 제시를 안내하면서 위약금을 설명했다."
6518-PPLMZ,53,19.4,1110.35,0,0,0,0.0,1,True,False,True,False,False,False,0.0,0.0,0.010760130383469,No phone service,No,No internet service,No internet service,No internet service,No internet service,No internet service,No internet service,Two year,Yes,Mailed check,해당 없음,1038558400,박지호,대화 내용이 없음을 알리는 요약.
5732-IKGQH,52,104.45,5481.25,0,0,0,1.0,1,True,False,True,False,False,False,0.0,0.0,0.1656629487367141,No phone service,Fiber optic,Yes,Yes,Yes,Yes,Yes,Yes,One year,Yes,Electronic check,해당 없음,1005495541,안지우,대화 내용이 없거나 관련 정보가 제공되지 않았습니다.
9574-BOSMD,68,25.4,1620.2,396,5,0,0.36,0,True,False,True,False,False,False,0.0,0.0,0.0134561196118818,Yes,No,No internet service,No internet service,No internet service,No internet service,No internet service,No internet service,Two year,Yes,Electronic check,해지,1023067780,오지민,"고객이 서비스 품질 문제로 해지를 고려하며 상담 요청, 상담사는 해지 절차와 대안을 제시하고 진행하기로 함."
2608-BHKFN,4,70.05,266.9,360,90,3,1.0,0,True,False,True,False,False,False,1.0,1.0,0.947982910230068,No phone service,Fiber optic,No,Yes,No,No,No,No,Month-to-month,Yes,Credit card (automatic),해지,1016551881,권민준,고객은 인터넷 속도 저하로 불만을 표하며 해지를 요구했습니다.
6439-GTPCA,45,87.25,3941.7,227,35,0,0.341,0,True,False,True,False,False,False,1.0,1.0,0.8498088836351785,Yes,Fiber optic,No,Yes,Yes,Yes,No,No,Month-to-month,Yes,Electronic check,품질,1041843656,이하린,"고객이 Fiber optic 끊김 문제로 상담을 요청하고, 상담사는 문제 해결을 위한 단계별 점검 및 최적화 방법을 제안했다."
0328-GRPMV,1,70.1,70.1,314,42,2,0.329,0,True,False,True,False,False,False,1.0,1.0,0.9595046298309896,No phone service,Fiber optic,No,Yes,No,No,No,No,Month-to-month,Yes,Electronic check,해지,1058085360,박하윤,고객이 품질 문제로 해지를 고려하자 상담사가 대안과 혜택을 안내하며 문제 해결을 도와주겠다고 약속했다.
8671-KKKOS,46,45.55,2062.15,596,20,4,0.25,0,True,False,True,False,False,False,0.0,0.0,0.0057113896398847,No phone service,DSL,Yes,Yes,No,No,Yes,No,Month-to-month,Yes,Electronic check,품질,1069484928,안민준,고객이 저녁마다 인터넷 속도가 저하된다며 상담사에게 방문 점검을 요청했다.
4983-CLMLV,52,102.7,5138.1,319,56,2,0.723,0,True,False,True,False,False,False,0.0,1.0,0.6023890454765359,Yes,Fiber optic,No,Yes,No,Yes,Yes,Yes,Month-to-month,Yes,Credit card (automatic),품질,1043083824,박지우,"고객이 Fiber optic 회의 중 끊김 문제로 상담 요청하였고, 상담사는 신호 약화를 확인 후 기사 방문 예약 및 요금제 재계산을 안내했다."
3751-KTZEL,1,35.05,35.05,422,31,4,0.455,0,True,False,True,False,False,False,1.0,1.0,0.6681972999357061,No phone service,DSL,No,Yes,No,No,No,Yes,Month-to-month,Yes,Mailed check,장애,1069956184,황서현,"고객이 인터넷 장애로 상담을 요청하였고, 상담사는 문제를 확인하고 복구 예상 시간과 보상 절차를 안내했다."
7534-BFESC,24,76.1,1712.7,124,33,2,0.193,1,True,False,True,False,False,False,1.0,1.0,0.7418395333091984,Yes,Fiber optic,No,Yes,No,No,No,No,Month-to-month,Yes,Electronic check,요금,1089166736,정연우,고객이 기업용 베이직 요금 청구가 예상보다 높아진 문제를 문의하자 상담사가 확인 후 조치를 약속했다.
8129-GMVGI,56,20.05,1090.1,0,0,0,0.0,1,True,False,True,False,False,False,0.0,0.0,0.0085585880389868,No phone service,No,No internet service,No internet service,No internet service,No internet service,No internet service,No internet service,Two year,Yes,Mailed check,해당 없음,1092172119,최지호,"주어진 대화 내용은 ""해당 없음""으로 요약됩니다."
3948-KXDUF,66,68.75,4447.55,150,25,1,0.5,1,True,False,True,False,False,False,0.0,0.0,0.006699411863821,Yes,DSL,Yes,Yes,Yes,Yes,No,No,Two year,Yes,Electronic check,요금,1041008254,서하윤,고객이 서비스 작동 확인을 요청하자 상담사가 요금과 서비스 상태가 양호하다고 답했다.
6692-YQHXC,16,69.95,1205.5,783,107,6,0.0,1,True,False,True,False,False,False,0.0,0.0,0.1163941327025366,No phone service,Fiber optic,No,Yes,No,No,No,No,Month-to-month,Yes,Credit card (automatic),요금,1000404807,안하준,고객이 요금 인상에 불만을 제기하자 상담사는 원인을 확인하고 해결 방안을 제시하기로 했다.
9560-ARGQJ,16,81.0,1312.15,505,216,3,0.8,1,True,False,True,False,False,False,1.0,1.0,0.9823820250839652,No phone service,Fiber optic,No,Yes,No,No,Yes,No,Month-to-month,Yes,Electronic check,요금,1004151538,신서연,"고객이 요금이 높아진 것에 대해 문의하자, 상담사가 요금제 변경 내역을 확인하고 해제 및 환불 가능성을 안내하기로 약속했다."
1853-UDXBW,1,70.0,70.0,762,104,4,0.88,1,True,False,True,False,False,False,1.0,1.0,0.9872705552671236,No phone service,Fiber optic,No,Yes,No,No,No,No,Month-to-month,Yes,Electronic check,요금,1097129591,신지우,고객이 요금 인상에 대해 이의를 제기하자 상담사가 요금제 변경을 확인하고 해제 및 환불 가능성을 안내하기로 했다.
4890-VMUAV,63,71.5,4576.3,0,0,0,0.5,1,True,False,True,False,False,False,0.0,0.0,0.0428134266232511,Yes,DSL,Yes,Yes,Yes,Yes,No,No,One year,Yes,Electronic check,해당 없음,1048533333,오하은,해당 내용을 요약할 수 없습니다.
7758-XKCBS,15,29.7,438.25,166,45,1,0.306,0,True,False,True,False,False,False,1.0,0.0,0.4264035447838207,No phone service,DSL,No,Yes,No,Yes,No,No,Month-to-month,Yes,Electronic check,요금,1009717380,오도윤,"고객이 기가라이트 500M 요금청구가 평소보다 많아 문의했고, 상담사는 부가서비스 확인 및 요금 조정 가능성을 안내했다."
7632-YUTXB,25,20.05,520.1,973,244,3,0.3,0,True,False,True,False,False,False,0.0,0.0,0.1456966903162284,No phone service,No,No internet service,No internet service,No internet service,No internet service,No internet service,No internet service,One year,Yes,Mailed check,해지,1005582095,조하준,고객이 서비스 해지를 원했지만 상담사가 개선 방안을 제안하며 reconsideration을 요청했다.
4124-MMETB,22,94.65,2104.55,352,33,1,0.577,0,True,False,True,False,False,False,1.0,1.0,0.8363243137338778,Yes,Fiber optic,No,Yes,No,No,Yes,Yes,Month-to-month,Yes,Credit card (automatic),품질,1049719587,한지민,"고객이 Fiber optic 서비스의 끊김 문제로 상담에 연락했으며, 상담사는 문제 해결을 위한 단계별 점검과 요금제 적합성 재계산을 안내했다."
1468-DEFNC,64,24.4,1548.65,358,27,0,0.339,0,True,False,True,False,False,False,0.0,0.0,0.0374244649950486,Yes,No,No internet service,No internet service,No internet service,No internet service,No internet service,No internet service,Two year,Yes,Electronic check,요금,1021916943,권서준,고객이 안심요금 청구액 증가에 대해 문의하자 상담사가 요금제 적합성을 확인하고 요금제 변경을 제안하며 진행 사항을 문자로 안내하기로 했다.
2957-JIRMN,62,84.45,4959.15,223,13,1,0.769,0,True,False,True,False,False,False,0.0,0.0,0.0384479949843841,Yes,Fiber optic,No,Yes,No,No,Yes,No,One year,Yes,Electronic check,품질,1075690011,권시우,"고객이 광모뎀 사용 중 회의 중 끊김 문제를 상담사에게 문의하였고, 상담사는 문제 해결을 위해 여러 점검을 계획하며 진행 상황을 문자로 안내하겠다고 전했다."
3230-IUALN,45,81.0,3533.6,165,14,0,0.822,1,True,False,True,False,False,False,0.0,0.0,0.0283322070070175,No phone service,DSL,Yes,Yes,Yes,Yes,Yes,Yes,Two year,Yes,Mailed check,요금,1090680104,신하윤,"고객이 청구액 증가에 대한 문의를 하자 상담사가 요금제 적합성을 검토하고, 더 적합한 요금제로 변경 시 절감 가능성을 안내했다."
2105-PHWON,33,95.0,3008.15,893,108,3,0.82,1,True,False,True,False,False,False,0.0,0.0,0.0139442275637489,Yes,Fiber optic,No,Yes,Yes,Yes,No,Yes,Month-to-month,Yes,Credit card (automatic),장애,1049662868,한지민,"고객이 인터넷 문제를 문의하자 상담사가 지역 장애로 인한 복구 작업 중임을 알리고, ETA 및 임시 조치를 문자로 안내하겠다고 밝혔다."
9788-HNGUT,72,116.95,8594.4,802,50,3,0.38,0,True,False,True,False,False,False,0.0,0.0,0.0010245067485332,Yes,Fiber optic,Yes,Yes,Yes,Yes,Yes,Yes,Two year,Yes,Credit card (automatic),품질,1082325010,한하린,고객이 저녁 시간대 인터넷 속도 저하 문제로 상담사에게 방문 점검을 요청했다.
7634-HLQJR,47,20.05,1016.7,147,8,0,0.282,0,True,False,True,False,False,False,0.0,0.0,0.0343646246396454,No phone service,No,No internet service,No internet service,No internet service,No internet service,No internet service,No internet service,Two year,Yes,Credit card (automatic),요금,1089065294,장지우,고객이 예상보다 높은 청구금액에 대해 상담 요청하자 상담사가 요금제 변경을 제안하고 진행 사항을 문자로 안내하겠다고 응답했다.
0259-GBZSH,2,85.65,181.5,405,23,3,0.7,0,True,False,True,False,False,False,1.0,1.0,0.7170643691847197,Yes,Fiber optic,No,Yes,No,No,Yes,No,Month-to-month,Yes,Electronic check,품질,1024738516,김서현,"고객이 Fiber optic 사용 중 끊김 문제로 상담을 요청하였고, 상담사는 신호 약화를 확인 후 기사 방문을 예약하며 요금제 재검토와 접수번호를 안내했다."
6734-JDTTV,65,19.85,1267.05,977,182,2,0.5,0,True,False,True,False,False,False,0.0,0.0,0.0297696348289959,No phone service,No,No internet service,No internet service,No internet service,No internet service,No internet service,No internet service,Two year,Yes,Credit card (automatic),장애,1061022387,정지유,"고객이 인터넷 문제를 상담사에게 문의하였고, 상담사는 네트워크 점검 및 임시 데이터 제공을 검토하겠다고 답했다."
3639-XJHKQ,19,60.6,1297.8,1064,176,3,0.53,1,True,False,True,False,False,False,0.0,1.0,0.5443807021626823,No phone service,DSL,Yes,Yes,Yes,No,No,No,Month-to-month,Yes,Electronic check,요금,1064295426,서서준,고객이 요금 증가에 대한 확인과 취소를 요청하자 상담사가 조치 여부를 확인하겠다고 답했다.
2800-QQUSO,42,100.3,4222.95,365,7,6,0.5,1,True,False,True,False,False,False,0.0,0.0,0.1043815191468807,Yes,Fiber optic,No,Yes,No,Yes,Yes,Yes,Month-to-month,Yes,Electronic check,장애,1041388143,정하린,"고객이 TV 끊김 문제를 상담하며, 상담사는 원격 점검과 요금제 변경 시 할인 가능성을 안내했다."
0637-YLETY,16,95.6,1555.65,310,90,2,0.0,0,True,False,True,False,False,False,1.0,1.0,0.9728190761382054,Yes,Fiber optic,No,Yes,Yes,No,No,Yes,Month-to-month,Yes,Credit card (automatic),해지,1086867204,장주원,고객이 요금의 비쌈과 서비스 불만으로 상담사에게 해지를 요청했다.
9003-CPATH,42,79.9,3313.4,369,5,2,0.684,0,True,False,True,False,False,False,0.0,1.0,0.7551725344677648,Yes,Fiber optic,No,Yes,Yes,No,No,No,Month-to-month,Yes,Electronic check,요금,1095305725,임지우,고객이 청구금액 증가에 대해 문의하자 상담사가 문제를 확인하고 조정 가능성을 안내하며 처리 사항을 문자로 전달하기로 했다.
5371-VYLSX,50,83.4,4113.7,1067,53,3,0.58,0,True,False,True,False,False,False,0.0,0.0,0.0091283512369973,Yes,Fiber optic,Yes,Yes,No,No,No,No,Month-to-month,Yes,Electronic check,품질,1002305712,장민준,"고객이 저녁 시간대 인터넷 속도 저하 문제를 제기하고, 상담사가 채널 변경과 모뎀 재설정을 제안하며 기사 방문 점검을 예약하기로 함."
6833-JMZYP,15,94.0,1505.45,1036,246,3,0.59,1,True,False,True,False,False,False,0.0,0.0,0.0249785241927638,No phone service,Fiber optic,No,Yes,Yes,No,Yes,Yes,Month-to-month,Yes,Credit card (automatic),장애,1066376590,오서현,고객이 인터넷 장애를 문의하자 상담사가 지역 장애로 인한 복구 작업 중임을 알리고 예상 복구 시간을 문자로 안내하기로 했다.
5376-PCKNB,72,104.45,7459.0,985,103,2,0.43,1,True,False,True,False,False,False,0.0,0.0,0.0054313314541754,Yes,Fiber optic,No,Yes,Yes,No,Yes,Yes,One year,Yes,Credit card (automatic),장애,1049602375,김하은,고객이 인터넷 장애를 신고하자 상담사가 복구 작업 중이며 ETA와 가이드를 문자로 제공하겠다고 응답했다.
4720-VSTSI,44,84.8,3862.55,380,110,2,1.0,0,True,False,True,False,False,False,1.0,1.0,0.9427398444625044,Yes,Fiber optic,No,Yes,Yes,No,No,No,Month-to-month,Yes,Electronic check,해지,1013322697,박하윤,고객이 장기 이용에도 불구하고 혜택이 없고 인터넷이 자주 끊겨 해지를 요청함.
6810-VCAEX,47,39.65,1798.65,167,64,0,0.363,0,True,False,True,False,False,False,0.0,0.0,0.1009991060989601,No phone service,DSL,Yes,Yes,No,Yes,No,No,One year,Yes,Credit card (automatic),요금,1034893565,이도윤,"고객이 패밀리 결합 요금 청구가 평소보다 높아 문의하였고, 상담사는 청구 내역과 부가서비스를 확인한 후 조정 가능성을 안내했다."
3162-KKZXO,55,100.15,5409.75,340,17,2,0.726,0,True,False,True,False,False,False,0.0,1.0,0.5807358651365313,Yes,Fiber optic,No,Yes,Yes,No,Yes,Yes,One year,Yes,Electronic check,품질,1060382198,김연우,고객이 Fiber optic 회의 중 끊김 문제를 문의하자 상담사가 문제를 확인하고 기사 방문 및 요금제 재계산을 제안하며 진행 사항을 문자로 안내하기로 했다.
2834-SPCJV,52,84.1,4348.65,593,38,7,0.0,0,True,False,True,False,False,False,1.0,1.0,0.7861620110641734,No phone service,Fiber optic,Yes,Yes,No,No,Yes,No,Month-to-month,Yes,Electronic check,요금,1055860967,장하준,고객이 문자로 청구서를 받고 싶어하자 상담사가 문제를 조사하고 소액결제 차단 설정과 데이터 리필 혜택을 제안했다.
9894-EZEWG,1,74.3,74.3,250,25,3,0.563,0,True,False,True,False,False,False,1.0,1.0,0.8672236144567848,No phone service,Fiber optic,No,Yes,No,No,No,No,Month-to-month,Yes,Credit card (automatic),해지,1051635057,신서연,고객이 품질 문제로 해지를 고려하며 상담사와 대안 및 위약금에 대해 논의하는 대화.
0222-CNVPT,52,48.8,2555.05,0,0,0,0.5,1,True,False,True,False,False,False,0.0,0.0,0.0428749375921094,No phone service,DSL,Yes,Yes,No,No,Yes,Yes,Month-to-month,Yes,Credit card (automatic),해당 없음,1001807785,장지민,"""해당 없음""이라는 표현이 사용된 대화 내용은 특정한 주제나 내용이 없음을 나타냅니다."
9300-RENDD,1,79.95,79.95,360,90,3,1.0,1,True,False,True,False,False,False,1.0,1.0,0.9093360815592828,No phone service,Fiber optic,No,Yes,No,No,Yes,No,Month-to-month,Yes,Electronic check,해지,1059409390,박서연,고객이 인터넷 연결 문제로 불만을 토로하며 서비스 해지를 결정했다.
0404-SWRVG,3,74.4,229.55,298,22,2,0.505,1,True,False,True,False,False,False,1.0,1.0,0.8938386978924717,Yes,Fiber optic,No,Yes,No,No,No,No,Month-to-month,Yes,Electronic check,요금,1070895673,안하은,"고객이 청구된 요금이 높아진 이유와 해결 일정을 문의하였고, 상담사가 부가서비스 해지와 요금제 적합성 확인을 약속했다."
6227-HWPWX,15,69.0,994.8,144,17,0,0.143,1,True,False,True,False,False,False,1.0,1.0,0.7384229205391509,No phone service,Fiber optic,No,Yes,No,No,No,No,Month-to-month,Yes,Electronic check,요금,1096889130,최하린,"고객이 패밀리 결합 청구금액이 평소보다 높아 문의하였고, 상담사가 부가서비스 확인 후 조정 가능 여부를 안내하며 진행하기로 함."
1415-YFWLT,1,89.3,89.3,366,47,2,0.357,1,True,False,True,False,False,False,1.0,1.0,0.9821595676768656,No phone service,Fiber optic,No,Yes,No,No,Yes,Yes,Month-to-month,Yes,Electronic check,품질,1036639076,최지호,"고객이 울산 남구 센터에 Fiber optic 연결 끊김 문제를 문의하였고, 상담사는 문제 해결을 위한 점검과 조치를 안내했다."
5651-CPDND,10,46.0,492.1,254,110,3,0.36,0,True,False,True,False,False,False,0.0,0.0,0.0065408822939362,No phone service,DSL,No,Yes,No,No,No,No,Month-to-month,Yes,Mailed check,품질,1044633600,정지민,고객이 저녁 시간대 인터넷 속도 저하 문제를 상담사에게 알리며 방문 점검을 요청했다.
1784-EZDKJ,51,106.8,5498.8,350,80,3,1.0,0,True,False,True,False,False,False,0.0,1.0,0.9368533650810472,Yes,Fiber optic,No,Yes,Yes,No,Yes,Yes,One year,Yes,Electronic check,해지,1064465936,최하윤,고객이 인터넷 불량 문제로 불만을 표하며 해지를 원한다고 이야기합니다.
4804-NCPET,19,20.2,387.4,1088,212,3,0.56,1,True,False,True,False,False,False,0.0,0.0,0.0163276243816004,No phone service,No,No internet service,No internet service,No internet service,No internet service,No internet service,No internet service,Two year,Yes,Mailed check,요금,1078879611,한서현,"고객이 이번 달 높은 요금을 문의하자 상담사는 요금제 변경 내역을 확인하고 해제 및 환불 가능성을 안내하며, 고객은 다음 달 안정적인 요금을 요청했다."
1386-ZIKUV,7,18.95,130.55,839,198,2,0.61,0,True,False,True,False,False,False,0.0,1.0,0.5454079068367399,No phone service,No,No internet service,No internet service,No internet service,No internet service,No internet service,No internet service,Month-to-month,Yes,Mailed check,해지,1071521527,서도윤,고객이 해지를 원하지만 상담사가 개선 방안을 제시하며 고객이 다시 고민해보겠다고 결정했다.
0835-DUUIQ,24,21.05,531.55,140,5,0,0.299,0,True,False,True,False,False,False,0.0,0.0,0.0799634625785277,No phone service,No,No internet service,No internet service,No internet service,No internet service,No internet service,No internet service,One year,Yes,Electronic check,품질,1010179122,안민준,고객이 회의 중 끊김 현상에 대해 상담 요청하자 상담사가 문제 해결을 위해 점검하고 기사 방문을 예약했다.
3511-BFTJW,72,38.5,2763.0,516,249,2,0.49,1,True,False,True,False,False,False,0.0,0.0,0.0048230693128331,No phone service,DSL,Yes,Yes,Yes,No,No,No,Two year,Yes,Credit card (automatic),요금,1056827839,황서연,고객이 요금 급증에 대해 문의하자 상담사가 요금제 변경 내역을 확인하고 해제 및 환불 여부를 안내하기로 했다.
3797-FKOGQ,11,86.2,893.2,930,217,2,0.47,1,True,False,True,False,False,False,0.0,0.0,0.031942999633955,Yes,Fiber optic,No,Yes,No,No,No,Yes,Month-to-month,Yes,Electronic check,장애,1034949749,정지호,고객은 인터넷 장애로 상담사에게 복구 시간과 안내를 요청했습니다.
3577-AMVUX,1,55.05,55.05,408,7,3,0.362,0,True,False,True,False,False,False,0.0,1.0,0.856787837779966,No phone service,DSL,No,Yes,Yes,Yes,No,No,Month-to-month,Yes,Mailed check,품질,1056278205,이하윤,고객이 DSL 연결 문제로 상담을 요청하자 상담사가 원인 확인 후 기사 방문 예약과 요금제 적합성 재검토를 안내하였다.
2316-ESMLS,12,33.15,444.75,209,32,0,0.327,1,True,False,True,False,False,False,0.0,0.0,0.086936458114696,No phone service,DSL,Yes,Yes,No,Yes,No,No,One year,Yes,Credit card (automatic),요금,1093014783,장지민,"고객이 청구 금액 증가를 문의하자, 상담사는 청구 내역과 서비스 확인 후 부가서비스 해지와 요금 조정을 약속하며 진행 상황을 문자로 알려주겠다고 응답했다."
2885-HIJDH,69,86.9,6194.1,679,78,4,0.35,0,True,False,True,False,False,False,0.0,0.0,0.0020600533400868,Yes,DSL,Yes,Yes,Yes,Yes,Yes,Yes,Two year,Yes,Electronic check,품질,1057735774,한연우,"고객이 저녁 시간대 인터넷 속도 저하 문제를 상담사에게 알리고, 기사 방문 점검 예약을 요청했다."
0141-YEAYS,27,86.45,2401.05,0,0,0,1.0,1,True,False,True,False,False,False,0.0,0.0,0.1143970157049099,Yes,Fiber optic,No,Yes,Yes,No,No,No,Month-to-month,Yes,Electronic check,해당 없음,1050651662,박시우,대화 내용이 없음을 알리는 메시지입니다.
2115-BFTIW,25,70.95,1767.35,215,230,1,1.0,0,True,False,True,False,False,False,1.0,0.0,0.3630101619690367,No phone service,Fiber optic,No,Yes,No,No,No,No,Month-to-month,Yes,Mailed check,품질,1077526458,박서현,고객이 데이터 속도 문제로 상담사와 대화하며 네트워크 점검과 초기화를 제안받았다.
2141-RRYGO,4,68.65,261.25,555,103,5,0.0,0,True,False,True,False,False,False,1.0,1.0,0.9407804192124236,No phone service,DSL,No,Yes,No,No,Yes,Yes,Month-to-month,Yes,Electronic check,요금,1062221321,황서준,고객이 이중 청구를 의심하자 상담사는 문제 확인과 문자 청구서 전환을 제안하며 해지 보류 혜택도 안내하겠다고 말했다.
0107-WESLM,1,19.85,19.85,400,5,0,0.319,1,True,False,True,False,False,False,1.0,0.0,0.2555689830707142,No phone service,No,No internet service,No internet service,No internet service,No internet service,No internet service,No internet service,Month-to-month,Yes,Electronic check,요금,1096593742,한하린,"고객이 기가라이트 500M 요금으로 청구서가 부풀려진 것에 대해 문의하자, 상담사가 요금제와 사용 패턴을 분석해 적합한 요금제로 변경 시 절감을 안내하고 진행 사항을 문자로 알려주기로 했다."
3213-VVOLG,0,25.35,0.0,1113,96,2,0.0,1,True,False,True,False,False,False,0.0,0.0,0.009581651907092,Yes,No,No internet service,No internet service,No internet service,No internet service,No internet service,No internet service,Two year,Yes,Mailed check,해지,1048763577,황도윤,고객이 약정 만료로 해지를 원하자 상담사가 문제 해결을 위한 대안을 제시하고 요금제 변경을 제안했다.
3714-XPXBW,37,78.9,2976.95,260,115,2,0.44,0,True,False,True,False,False,False,0.0,0.0,0.0046404963508391,Yes,DSL,Yes,Yes,Yes,Yes,Yes,No,Month-to-month,Yes,Credit card (automatic),품질,1067641511,서서연,고객이 저녁에 인터넷 속도 문제를 제기하자 상담사가 채널 변경과 모뎀 재설정을 제안하고 방문 점검 예약을 요청받았다.
4822-YCXMX,25,84.8,2043.45,843,180,1,0.5,0,True,False,True,False,False,False,1.0,1.0,0.884874987543084,Yes,Fiber optic,No,Yes,No,No,No,Yes,Month-to-month,Yes,Electronic check,요금,1066360850,서예준,"고객이 청구 금액의 변동에 대해 문의하자 상담사는 데이터 초과와 부가서비스 요금이 원인으로 보인다며, 요금제 변경과 앱을 통한 처리 방법을 안내하였다."
2609-IAICY,1,77.15,77.15,390,110,3,1.0,0,True,False,True,False,False,False,1.0,1.0,0.9722439230103328,Yes,Fiber optic,No,Yes,No,No,No,No,Month-to-month,Yes,Electronic check,해지,1007178579,황지민,"고객은 1주일 동안 인터넷 설치 문제로 불만을 제기하며, 상담사가 설명하기 전에 계약 해지를 요구했다."
4480-QQRHC,8,74.05,600.15,936,73,1,0.3,1,True,False,True,False,False,False,0.0,0.0,0.0238506698760789,No phone service,Fiber optic,No,Yes,Yes,No,No,No,Month-to-month,Yes,Electronic check,장애,1015813110,서하린,"고객이 인터넷 연결 문제를 상담사에게 문의하자, 상담사는 지역 장애로 인한 복구 작업 중이며 ETA를 문자로 안내하겠다고 답했다."
2882-DDZPG,12,19.45,227.45,0,0,0,0.0,1,True,False,True,False,False,False,0.0,0.0,0.0189233493373661,No phone service,No,No internet service,No internet service,No internet service,No internet service,No internet service,No internet service,Month-to-month,Yes,Electronic check,해당 없음,1041055768,한지민,대화 내용이 없음을 나타냅니다.
3688-FTHLT,16,63.05,1067.05,727,142,2,0.32,1,True,False,True,False,False,False,0.0,0.0,0.1420206463717826,Yes,DSL,No,Yes,No,No,No,Yes,Month-to-month,Yes,Electronic check,요금,1080227533,정하윤,"고객이 높은 요금에 대해 문의하자 상담사가 요금제 변경 내역을 확인하고, 취소와 환불 가능성을 검토하기로 했다."
4130-MZLCC,5,50.55,244.75,265,32,2,0.347,0,True,False,True,False,False,False,0.0,1.0,0.6560882482567718,No phone service,DSL,No,Yes,No,No,No,No,Month-to-month,Yes,Electronic check,해지,1041998453,신서현,고객이 품질 문제로 해지를 고려하고 상담사는 해결 방안을 제안하며 진행 사항을 문자로 안내하겠다고 말함.
8532-UEFWH,52,25.75,1345.85,0,0,0,0.0,1,True,False,True,False,False,False,0.0,0.0,0.0108209211124695,Yes,No,No internet service,No internet service,No internet service,No internet service,No internet service,No internet service,Two year,Yes,Mailed check,해당 없음,1029533304,오하윤,"""해당 없음""이라는 표현은 특정 상황이나 항목이 적용되지 않음을 의미합니다."
1628-BIZYP,1,85.0,85.0,432,19,6,0.532,0,True,False,True,False,False,False,0.0,1.0,0.95401373953046,No phone service,Fiber optic,No,Yes,No,No,No,Yes,Month-to-month,Yes,Electronic check,해지,1099061008,권하린,"고객이 요금 인상으로 해지를 고민하며 약정과 위약금을 문의하자, 상담사는 대안을 제시하고 해지 접수를 도와주기로 했다."
7096-UCLNH,1,20.05,20.05,249,16,1,0.0,1,True,False,True,False,False,False,0.0,0.0,0.0384228083975774,No phone service,No,No internet service,No internet service,No internet service,No internet service,No internet service,No internet service,Month-to-month,Yes,Mailed check,해지,1060463193,안하준,"고객이 약정 만료로 해지를 원하자, 상담사가 요금과 혜택 안내 및 위약금 조회를 도와주겠다고 응답했다."
4024-CSNBY,72,94.25,6849.75,448,30,0,0.756,0,True,False,True,False,False,False,0.0,0.0,0.0022775813498268,Yes,Fiber optic,Yes,Yes,Yes,Yes,No,No,Two year,Yes,Electronic check,품질,1037194459,장주원,"고객이 회의 중 끊김 문제로 상담사에게 도움을 요청하고, 상담사는 연결 환경과 장비 상태를 점검하며 해결 방안을 안내했다."
8757-TFHHJ,1,49.8,49.8,278,24,0,0.526,0,True,False,True,False,False,False,0.0,0.0,0.4471992976875949,No phone service,DSL,Yes,Yes,No,No,No,No,Month-to-month,Yes,Credit card (automatic),해지,1025376261,서시우,고객이 품질 문제로 해지를 고려하자 상담사가 혜택과 대안을 제시하며 해결을 도와주기로 했다.
5884-FBCTL,72,25.1,1857.85,442,221,6,0.5,1,True,False,True,False,False,False,0.0,0.0,0.0055804263713511,Yes,No,No internet service,No internet service,No internet service,No internet service,No internet service,No internet service,Two year,Yes,Electronic check,해지,1027511212,김하준,고객이 해지를 고려하자 상담사가 요금제 변경 및 할인 적용을 제안하며 필요한 정보를 요청하고 문자 안내를 약속했다.
2190-PHBHR,72,94.45,6921.7,553,73,4,1.0,1,True,False,True,False,False,False,0.0,0.0,0.0359011222942191,Yes,Fiber optic,Yes,Yes,No,No,No,Yes,Two year,Yes,Credit card (automatic),장애,1014770708,서서현,고객이 지하철역에서 와이파이 문제를 신고하자 상담사가 원격 점검과 현장 점검을 제안하며 임시 보상과 속도 제한 해제를 검토하겠다고 응답했다.
1564-HJUVY,4,63.75,226.2,164,221,7,0.0,1,True,False,True,False,False,False,0.0,0.0,0.059311880938511,No phone service,DSL,No,Yes,No,Yes,Yes,No,Month-to-month,Yes,Electronic check,품질,1019950196,이지우,"고객이 지하철역에서 통화 끊김 문제를 상담사에게 문의하자, 상담사가 확인 후 해결 방안을 안내하고 문자로 결과를 알려주기로 했다."
4712-UYOOI,20,20.0,417.65,237,23,0,0.575,1,True,False,True,False,False,False,0.0,0.0,0.1879977153398038,No phone service,No,No internet service,No internet service,No internet service,No internet service,No internet service,No internet service,Month-to-month,Yes,Electronic check,요금,1061999439,정지우,고객이 기가프리미엄 1G 요금 청구액이 평소보다 많아 확인 요청을 하자 상담사가 요금제 적합성을 검토하고 요금제 변경 시 절감 가능성을 안내했다.
8456-QDAVC,19,78.7,1495.1,398,25,0,0.847,0,True,False,True,False,False,False,0.0,0.0,0.1928879723222901,No phone service,Fiber optic,No,Yes,No,No,Yes,No,Month-to-month,Yes,Electronic check,품질,1032656697,최하윤,"고객이 광모뎀의 끊김 문제를 상담하자, 상담사가 점검 후 기사 방문 예약과 요금제 확인을 안내했다."
3946-MHCZW,1,50.9,50.9,310,150,4,0.5,0,True,False,True,False,False,False,1.0,1.0,0.9576685083361745,No phone service,DSL,No,Yes,Yes,No,No,No,Month-to-month,Yes,Mailed check,해지,1019210178,오시우,고객이 인터넷 속도 문제로 불만을 제기하며 환불과 해지를 요청했다.
0208-BPQEJ,12,19.4,198.1,841,10,4,0.0,1,True,False,True,False,False,False,0.0,0.0,0.0112943009685804,No phone service,No,No internet service,No internet service,No internet service,No internet service,No internet service,No internet service,Month-to-month,Yes,Electronic check,해지,1029834301,안서연,"고객의 번호이동 문의에 대해 상담사가 문제 확인 및 해결 방안을 안내하고, 추가 혜택과 현장 점검 가능성을 제시했다."
8270-RKSAP,9,70.5,597.9,294,31,2,0.662,0,True,False,True,False,False,False,0.0,1.0,0.810559839414375,No phone service,Fiber optic,No,Yes,No,No,No,No,Month-to-month,Yes,Electronic check,해지,1028927133,한도윤,고객이 품질 문제로 해지를 고려하고 상담사는 대안을 제시하며 도움을 제공하기로 함.
5954-BDFSG,72,107.5,7853.7,428,38,1,0.895,0,True,False,True,False,False,False,0.0,0.0,0.0320062769805852,Yes,Fiber optic,No,Yes,Yes,Yes,Yes,Yes,Two year,Yes,Credit card (automatic),해지,1063829611,이하은,고객이 요금 인상으로 해지를 고려하자 상담사가 해지 가능성과 대안을 안내하며 위약금을 설명했다.
2607-DHDAK,72,19.8,1414.65,560,209,1,0.0,0,True,False,True,False,False,False,0.0,0.0,0.0105900703993539,No phone service,No,No internet service,No internet service,No internet service,No internet service,No internet service,No internet service,Two year,Yes,Credit card (automatic),요금,1078030111,이민준,고객이 청구 금액의 차이에 대해 문의하자 상담사가 원인을 파악하고 요금제 변경을 제안했다.
2202-OUTMO,34,60.85,2003.6,351,14,4,0.302,0,True,False,True,False,False,False,0.0,0.0,0.3341372215767567,Yes,DSL,Yes,Yes,No,Yes,No,No,Month-to-month,Yes,Electronic check,품질,1058066529,황하준,고객이 DSL 회의 중 끊김 문제로 상담 요청을 하여 상담사가 문제 해결을 위한 조치를 제안하고 진행 사항을 문자로 알리기로 함.
1197-BVMVG,4,74.45,294.45,330,80,2,1.0,0,True,False,True,False,False,False,0.0,1.0,0.948557863527523,Yes,Fiber optic,No,Yes,No,No,No,No,Month-to-month,Yes,Electronic check,해지,1015124700,윤주원,고객이 요금 문제로 불만을 토로하며 해지를 요청하였다.
9801-GDWGV,39,103.45,3994.45,399,32,3,0.582,0,True,False,True,False,False,False,1.0,1.0,0.8263138382452991,Yes,Fiber optic,No,Yes,Yes,No,Yes,Yes,Month-to-month,Yes,Electronic check,품질,1037964652,김주원,"고객이 광인터넷 연결 불안정 문제를 상담 요청하였고, 상담사는 원인 파악 후 기사 방문과 요금제 재평가를 제안하였다."
8652-YHIYU,16,79.5,1264.2,1108,110,4,0.54,0,True,False,True,False,False,False,0.0,0.0,0.0267815832600769,Yes,Fiber optic,No,Yes,No,Yes,No,No,One year,Yes,Credit card (automatic),품질,1029834060,최지민,"고객이 저녁 시간대 인터넷 속도 저하 문제를 신고하자 상담사가 채널 변경과 모뎀 재설정을 제안하고, 방문 점검 예약을 요청받았다."
7103-IPXPJ,50,99.4,5059.75,365,26,0,0.88,0,True,False,True,False,False,False,0.0,0.0,0.3347236796502231,Yes,Fiber optic,No,Yes,No,Yes,Yes,Yes,One year,Yes,Electronic check,품질,1025036825,박서연,"고객이 광모뎀 사용 중 회의 중 끊김 문제를 상담사에게 문의하였고, 상담사는 문제 해결을 위해 장비 상태와 서비스 품질을 점검하기로 했다."
6917-YACBP,59,89.75,5496.9,670,99,3,0.5,1,True,False,True,False,False,False,0.0,0.0,0.1587350462521657,Yes,Fiber optic,Yes,Yes,Yes,No,No,No,Month-to-month,Yes,Electronic check,해지,1054107466,장서현,고객이 번호 이동 문의를 하자 상담사가 문제 확인 후 대안을 제시하며 필요한 도움을 제공하겠다고 답변했다.
0524-IAVZO,30,85.0,2624.25,350,70,3,1.0,0,True,False,True,False,False,False,1.0,1.0,0.9747808649545362,Yes,Fiber optic,No,Yes,No,No,No,Yes,Month-to-month,Yes,Electronic check,해지,1050288486,윤서준,고객이 인터넷 속도에 불만을 제기하며 해지 의사를 밝히는 대화.
0887-WBJVH,53,93.45,4872.2,332,44,0,0.858,0,True,False,True,False,False,False,0.0,0.0,0.380122147097291,No phone service,Fiber optic,No,Yes,No,Yes,Yes,Yes,One year,Yes,Electronic check,해지,1015300942,정하준,"고객이 요금 인상으로 해지를 고려하며 상담을 요청했고, 상담사는 대안과 해지 절차를 안내하였다."
6322-PJJDJ,49,94.8,4690.65,786,184,6,0.5,0,True,False,True,False,False,False,0.0,0.0,0.3173481026133296,No phone service,Fiber optic,No,Yes,No,No,Yes,Yes,Two year,Yes,Electronic check,품질,1065767860,신서현,"고객이 영상 버퍼링 문제에 대해 상담사에게 문의하자, 상담사는 현황을 확인하고 최적화 작업과 문자 안내를 설명하면서 기술 지원 옵션을 제안했다."
8413-VONUO,2,95.65,167.3,462,22,2,0.572,0,True,False,True,False,False,False,1.0,1.0,0.9525175852632212,No phone service,Fiber optic,No,Yes,No,No,Yes,Yes,Month-to-month,Yes,Electronic check,품질,1014559624,장하린,"고객이 회의 중 끊김 문제로 상담을 요청하였고, 상담사는 문제를 확인한 뒤 기사 방문과 요금제 재검토를 약속했다."
0133-BMFZO,2,86.25,181.65,155,105,4,0.5,0,True,False,True,False,False,False,1.0,1.0,0.9151773252214253,No phone service,Fiber optic,Yes,Yes,No,Yes,No,No,Month-to-month,Yes,Electronic check,품질,1061935978,장예준,"고객이 터미널에서 통화가 끊기는 문제를 상담사에게 이야기하고, 상담사는 기록 조회 및 해결 방안을 제시한다."
6202-JVYEU,9,19.9,164.6,690,92,4,0.22,0,True,False,True,False,False,False,0.0,0.0,0.0052586168955269,No phone service,No,No internet service,No internet service,No internet service,No internet service,No internet service,No internet service,One year,Yes,Electronic check,품질,1096035733,박하윤,"고객이 저녁마다 인터넷 속도 저하를 호소하자 상담사가 문제 해결을 위해 채널 변경, 모뎀 재설정, 및 기사 방문 점검 예약을 제안하며 고객이 방문 예약을 요청했다."
3566-HJGPK,1,45.55,45.55,110,15,1,0.5,1,True,False,True,False,False,False,0.0,0.0,0.045547363416681,No phone service,DSL,No,Yes,No,No,No,No,Month-to-month,Yes,Mailed check,요금,1043049216,장연우,고객이 지난주 가입 후 요금 확인을 요청하자 상담사가 1개월 차 DSL 요금이 맞다고 확인했다.
2324-EFHVG,64,104.4,6692.65,335,39,0,0.733,0,True,False,True,False,False,False,0.0,0.0,0.229188947918535,Yes,Fiber optic,No,Yes,Yes,No,Yes,Yes,Two year,Yes,Electronic check,해지,1015790872,조서준,"고객이 요금 인상으로 해지를 고민하며 상담 요청을 하자, 상담사가 혜택과 대안을 안내하고 고객은 진행에 동의했다."
1918-ZBFQJ,13,79.25,1111.65,174,46,2,0.391,1,True,False,True,False,False,False,1.0,1.0,0.8521457327070093,No phone service,Fiber optic,No,Yes,Yes,No,No,No,Month-to-month,Yes,Electronic check,요금,1018483235,최시우,고객이 기업용 프리미엄 요금 청구액 증가에 대해 문의하자 상담사가 원인을 파악하고 적합한 요금제 변경을 제안하며 진행 사항을 문자로 안내하겠다고 응답했다.
1157-BQCUW,1,74.95,74.95,270,140,3,0.0,0,True,False,True,False,False,False,1.0,1.0,0.9618474265250524,Yes,Fiber optic,No,Yes,No,No,No,No,Month-to-month,Yes,Electronic check,해지,1067754006,신지유,고객이 인터넷 문제로 화가 나 상담사에게 해지를 요청하며 환불을 요구했다.
6481-OGDOO,67,90.6,6056.15,0,0,0,1.0,1,True,False,True,False,False,False,1.0,0.0,0.0793073301479447,No phone service,Fiber optic,Yes,Yes,No,No,No,Yes,One year,Yes,Credit card (automatic),해당 없음,1020365047,윤연우,내용이 없으므로 요약할 수 없습니다.
2233-FAGXV,5,24.3,132.25,236,11,1,0.515,0,True,False,True,False,False,False,0.0,0.0,0.1162497450419367,Yes,No,No internet service,No internet service,No internet service,No internet service,No internet service,No internet service,Month-to-month,Yes,Mailed check,해지,1051672665,윤서연,"고객이 서비스 해지와 관련해 상담사에게 문의했으며, 상담사는 해지 전 대안을 제시하고 위약금 정보를 안내했다."
3720-DBRWL,51,83.85,4307.1,863,102,2,0.35,1,True,False,True,False,False,False,0.0,0.0,0.0186151829955776,No phone service,DSL,Yes,Yes,Yes,Yes,Yes,Yes,Two year,Yes,Credit card (automatic),요금,1098965888,황연우,"고객이 예상보다 높은 요금에 대해 확인 요청하고, 상담사가 요금제 변경을 안내하며 해제와 환불 가능성을 확인하기로 함."
1982-FEBTD,23,25.6,514.75,364,11,0,0.327,0,True,False,True,False,False,False,0.0,0.0,0.0348142713016668,Yes,No,No internet service,No internet service,No internet service,No internet service,No internet service,No internet service,Two year,Yes,Credit card (automatic),품질,1094335288,신지우,"고객이 회의 중 끊김 문제로 상담을 요청하였고, 상담사는 문제 원인 파악 및 기사 방문 예약과 요금제 재검토를 안내하며 진행 상황을 문자로 알리겠다고 했습니다."
8104-OSKWT,12,79.8,1001.2,435,227,3,1.0,1,True,False,True,False,False,False,0.0,0.0,0.2721931714325266,Yes,Fiber optic,Yes,Yes,No,No,No,No,Month-to-month,Yes,Electronic check,품질,1048264354,장하준,"고객이 느린 데이터 속도 문제를 상담사에게 문의하자, 상담사가 문제 해결을 위한 조치를 약속하며 연락을 드리겠다고 했다."
3719-TDVQB,54,18.95,1031.1,205,20,0,0.469,1,True,False,True,False,False,False,0.0,0.0,0.0272981929957398,No phone service,No,No internet service,No internet service,No internet service,No internet service,No internet service,No internet service,Two year,Yes,Mailed check,요금,1092936981,한지민,고객이 기업용 프리미엄 요금 청구액 증가에 대해 문의하자 상담사가 요금제 변경을 통해 절감 가능성을 안내하고 진행 사항을 문자로 알려주겠다고 했다.
5047-LHVLY,1,50.15,50.15,290,130,3,0.5,0,True,False,True,False,False,False,1.0,1.0,0.8799875026416086,No phone service,DSL,No,Yes,Yes,No,No,No,Month-to-month,Yes,Mailed check,해지,1010271142,최예준,고객이 인터넷 속도에 불만을 표하며 해지와 환불을 요청했다.
8218-FFJDS,72,86.4,6058.95,429,29,2,0.24,0,True,False,True,False,False,False,0.0,0.0,0.0007856213999983,Yes,DSL,Yes,Yes,No,Yes,Yes,Yes,Two year,Yes,Electronic check,품질,1031321539,조지민,"고객이 저녁마다 인터넷 속도 저하 문제를 상담사에게 알리자, 상담사는 채널 변경과 모뎀 재설정을 제안하고 방문 점검을 예약하기로 했다."
2937-FTHUR,18,64.8,1166.7,309,17,3,0.363,0,True,False,True,False,False,False,0.0,1.0,0.64889856104147,Yes,DSL,Yes,Yes,No,No,No,Yes,Month-to-month,Yes,Electronic check,품질,1034360552,이도윤,"고객이 DSL 연결 문제로 상담 요청을 했고, 상담사가 해결책을 제안하며 진행 상황을 문자로 안내하기로 했다."
2323-ARSVR,67,111.05,7321.05,140,20,1,1.0,1,True,False,True,False,False,False,0.0,0.0,0.0579499998129135,No phone service,Fiber optic,Yes,Yes,Yes,Yes,Yes,Yes,Two year,Yes,Electronic check,요금,1009886824,안하준,"VIP 고객이 모바일 결합 할인 적용 여부를 확인하였고, 상담사가 정상 적용되었다고 답변했습니다."
9500-WBGRP,69,19.1,1268.85,241,46,1,0.364,0,True,False,True,False,False,False,0.0,0.0,0.0693477549042228,No phone service,No,No internet service,No internet service,No internet service,No internet service,No internet service,No internet service,Two year,Yes,Mailed check,품질,1005243350,박하은,"고객이 IPTV 끊김 문제로 상담에 문의하였고, 상담사는 신호 약화를 확인 후 기사 방문 예약과 요금제 재검토를 안내했다."
4476-OSWTN,69,110.55,7610.1,374,28,3,0.945,0,True,False,True,False,False,False,0.0,0.0,0.1291199952153006,Yes,Fiber optic,Yes,Yes,Yes,Yes,Yes,Yes,One year,Yes,Mailed check,품질,1070473392,윤하린,"고객이 광모뎀 사용 중 회의 중 끊김 문제를 상담사에게 문의하고, 상담사는 문제 해결을 위한 단계별 점검과 요금제 재검토를 안내함."
2511-MORQY,50,54.9,2614.1,0,0,0,0.5,1,True,False,True,False,False,False,0.0,0.0,0.0193094218093638,Yes,DSL,No,Yes,Yes,No,No,No,One year,Yes,Electronic check,해당 없음,1095252507,김지호,대화 내용이 없음을 나타냅니다.
5127-BZENZ,56,65.2,3512.15,0,0,0,0.5,1,True,False,True,False,False,False,0.0,0.0,0.0208138736792771,Yes,DSL,Yes,Yes,No,No,Yes,No,One year,Yes,Electronic check,해당 없음,1082765504,안하린,대화 내용이 없음을 나타냅니다.
8990-ZXLSU,9,69.05,651.5,931,96,0,0.29,1,True,False,True,False,False,False,0.0,0.0,0.0222486949968722,No phone service,Fiber optic,No,Yes,No,No,No,No,Month-to-month,Yes,Electronic check,장애,1061750760,안지호,고객이 인터넷 장애에 대해 문의하자 상담사가 복구 작업 중이며 안내를 제공하겠다고 답했습니다.
3049-NDXFL,1,85.8,85.8,390,110,3,1.0,0,True,False,True,False,False,False,1.0,1.0,0.9678494359272722,Yes,Fiber optic,No,Yes,No,No,No,Yes,Month-to-month,Yes,Mailed check,해지,1084013410,오하은,고객이 인터넷 설치 문제로 화를 내며 서비스 해지를 요청한다.
6582-OIVSP,1,45.3,45.3,353,5,1,0.319,0,True,False,True,False,False,False,0.0,0.0,0.4561561689639268,No phone service,DSL,No,Yes,No,No,No,No,Month-to-month,Yes,Mailed check,품질,1026884287,오서준,"고객이 DSL 인터넷 끊김 문제로 상담을 요청했으며, 상담사는 문제 해결을 위한 단계별 점검과 요금제 적합성을 검토하기로 했다."
2568-OIADY,37,99.5,3762.0,774,197,4,0.67,1,True,False,True,False,False,False,1.0,1.0,0.9926423546570262,Yes,Fiber optic,No,Yes,Yes,No,Yes,Yes,Month-to-month,Yes,Electronic check,요금,1077324802,정예준,"고객이 요금 인상에 대해 상담사에게 확인 요청하고, 부가서비스 자동 갱신 취소 및 환불 가능성을 문의함."
4257-GAESD,6,45.0,298.7,382,6,2,0.51,0,True,False,True,False,False,False,0.0,0.0,0.3760025026732781,No phone service,DSL,No,Yes,No,No,Yes,Yes,Month-to-month,Yes,Credit card (automatic),품질,1053449015,신민준,"고객이 DSL 인터넷 끊김 문제로 상담을 요청하고, 상담사가 문제 해결을 위한 확인과 조치를 안내했다."
9919-KNPOO,21,94.3,1948.35,663,48,5,1.0,1,True,False,True,False,False,False,0.0,0.0,0.2175216163681757,Yes,Fiber optic,No,Yes,No,No,Yes,Yes,Month-to-month,Yes,Electronic check,요금,1024033717,김하린,고객이 이중 청구를 의심하자 상담사는 네트워크 점검과 소액결제 차단을 제안하고 처리 결과를 문자로 안내하겠다고 답했다.
3096-WPXBT,61,100.7,6018.65,544,206,2,1.0,0,True,False,True,False,False,False,0.0,0.0,0.4319142579630501,Yes,Fiber optic,Yes,Yes,Yes,No,No,Yes,One year,Yes,Credit card (automatic),요금,1028117642,권하윤,고객이 이중 청구를 의심하며 상담사는 문제 확인과 문자 청구서 수신 전환을 제안했다.
0529-ONKER,15,75.65,1146.65,280,120,3,0.0,1,True,False,True,False,False,False,1.0,1.0,0.8177758372861157,Yes,Fiber optic,No,Yes,No,No,No,No,Month-to-month,Yes,Electronic check,해지,1055983198,박하은,고객이 인터넷 속도 문제로 불만을 표하자 상담사가 점검을 제안하지만 고객은 해지를 요청한다.
0516-WJVXC,5,54.2,308.25,1015,138,3,0.0,0,True,False,True,False,False,False,1.0,1.0,0.8113095952562551,No phone service,DSL,Yes,Yes,No,Yes,No,No,Month-to-month,Yes,Electronic check,장애,1005311635,최연우,고객이 인터넷 오류를 신고하자 상담사가 문제를 확인하고 임시 데이터 제공을 검토하겠다고 응답했다.
8361-LTMKD,4,74.4,306.6,273,20,3,0.438,0,True,False,True,False,False,False,1.0,1.0,0.8636334646917717,Yes,Fiber optic,No,Yes,No,No,No,No,Month-to-month,Yes,Mailed check,해지,1032571501,서지유,고객이 이용 중 품질 불만으로 해지를 고려하고 상담사가 대안을 제안하며 해지 접수 및 위약금 안내를 하는 대화.
2761-OCIAX,2,74.7,165.4,290,130,3,0.0,0,True,False,True,False,False,False,1.0,1.0,0.9728177564789592,No phone service,Fiber optic,No,Yes,No,No,No,No,Month-to-month,Yes,Electronic check,해지,1000164986,최연우,고객이 인터넷 문제로 화가 나 해지를 요청하고 환불을 요구하고 있다.
8258-GSTJK,3,77.0,237.75,1169,187,3,0.79,1,True,False,True,False,False,False,1.0,1.0,0.9810184942758392,Yes,Fiber optic,No,Yes,No,No,No,No,Month-to-month,Yes,Electronic check,요금,1069724487,안지민,고객이 요금 인상에 불만을 제기하자 상담사가 요금제 변경을 확인하고 환불 가능성을 안내했다.
0506-YLVKJ,46,20.2,917.45,389,43,2,0.319,0,True,False,True,False,False,False,0.0,0.0,0.0347357236303878,No phone service,No,No internet service,No internet service,No internet service,No internet service,No internet service,No internet service,Two year,Yes,Mailed check,장애,1092440026,신지유,"고객이 인터넷 장애로 상담에 문의하였고, 상담사는 장애 점검과 복구 시간 안내 및 보상 정책을 설명하며 요금제 적합성도 검토하기로 했다."
2172-EJXVF,71,105.9,7521.95,437,119,5,0.5,0,True,False,True,False,False,False,0.0,1.0,0.5697753439147202,Yes,Fiber optic,No,Yes,Yes,No,Yes,Yes,One year,Yes,Electronic check,장애,1017497602,정지민,"고객이 TV 끊김 문제를 상담사에게 문의하자, 상담사가 문제를 확인하고 방문 기사 예약 및 청구 검토 요청을 제안했다."
0475-RIJEP,43,77.85,3365.85,355,40,1,0.804,0,True,False,True,False,False,False,1.0,0.0,0.2203605328117012,Yes,Fiber optic,No,Yes,No,No,No,No,Month-to-month,Yes,Electronic check,품질,1040065435,안주원,"고객이 광모뎀 사용 중 회의 끊김 문제를 상담 요청하자, 상담사는 장비 상태 확인 후 기사 방문 예약과 요금제 재조정을 안내했다."
8067-NIOYM,24,21.1,490.65,200,13,1,0.506,0,True,False,True,False,False,False,0.0,0.0,0.0189548459429562,No phone service,No,No internet service,No internet service,No internet service,No internet service,No internet service,No internet service,Two year,Yes,Credit card (automatic),품질,1094143360,박서연,"고객이 집에서 UHD 셋톱박스 이용 중 끊김 문제를 상담사에게 문의하였고, 상담사는 문제 확인 후 기사 방문을 예약하고 요금제를 재계산하기로 하였다."
5696-CEIQJ,67,103.15,6895.5,1095,21,2,0.56,0,True,False,True,False,False,False,0.0,0.0,0.0052376404197549,No phone service,Fiber optic,No,Yes,Yes,Yes,Yes,Yes,Two year,Yes,Electronic check,품질,1065400251,한예준,"고객은 저녁에 인터넷 속도 저하를 신고하고, 상담사는 문제 해결을 위한 채널 변경 및 모뎀 재설정 후 기사 방문 점검을 예약하기로 했습니다."
1029-QFBEN,1,19.55,19.55,199,28,2,0.417,1,True,False,True,False,False,False,1.0,0.0,0.0394650379689502,No phone service,No,No internet service,No internet service,No internet service,No internet service,No internet service,No internet service,Month-to-month,Yes,Mailed check,요금,1085110559,황서준,"고객이 기업용 베이직 요금청구가 정상보다 높아 상담을 요청했고, 상담사는 요금제 변경을 통해 절감 가능성을 제안하며 진행 사항을 문자로 안내하기로 했다."
8785-CJSHH,60,99.8,5985.75,0,0,0,0.5,1,True,False,True,False,False,False,0.0,0.0,0.3297046177900882,Yes,Fiber optic,No,Yes,No,No,Yes,Yes,Month-to-month,Yes,Electronic check,해당 없음,1017125905,조시우,대화 내용이 없음을 나타냅니다.
0895-UADGO,8,44.55,343.45,90,15,1,0.5,1,True,False,True,False,False,False,0.0,0.0,0.0135863221235897,No phone service,DSL,Yes,Yes,No,Yes,No,Yes,Two year,Yes,Mailed check,요금,1076679414,권지호,고객이 요금을 확인하자 상담사가 44.55달러라고 답했다.
2501-XWWTZ,11,70.2,760.05,231,5,2,0.613,1,True,False,True,False,False,False,0.0,1.0,0.7265566203864634,No phone service,Fiber optic,No,Yes,No,No,No,No,Month-to-month,Yes,Electronic check,요금,1024842589,한지호,"고객이 기가프리미엄 1G 요금 청구가 평소보다 많이 나왔다고 문의했으며, 상담사가 부가서비스 해지 및 요금제 적합성을 재조정하겠다고 안내했다."
6080-LNESI,51,24.75,1234.6,119,11,0,0.272,0,True,False,True,False,False,False,0.0,0.0,0.0471786094435482,Yes,No,No internet service,No internet service,No internet service,No internet service,No internet service,No internet service,Two year,Yes,Mailed check,요금,1045688464,오지유,고객이 이번 달 청구금액이 평소보다 많아 문의하자 상담사가 요금제와 부가서비스를 확인하고 조정 여부를 안내하기로 했다.
8402-EIVQS,67,100.9,6733.15,0,0,0,1.0,1,True,False,True,False,False,False,0.0,0.0,0.11565111175549,No phone service,Fiber optic,Yes,Yes,No,No,Yes,Yes,One year,Yes,Credit card (automatic),해당 없음,1043380578,신연우,대화 내용이 없음을 알리는 요약입니다.
6567-HOOPW,1,79.2,79.2,322,5,2,0.503,0,True,False,True,False,False,False,1.0,1.0,0.93377468749153,No phone service,Fiber optic,No,Yes,No,No,Yes,No,Month-to-month,Yes,Electronic check,해지,1065872831,황지우,고객이 품질 문제로 해지를 고려하고 상담사가 대안과 위약금 정보를 제공하며 해지 접수를 안내한 대화입니다.
9318-NKNFC,1,18.85,18.85,374,16,1,0.348,0,True,False,True,False,False,False,1.0,0.0,0.2118155159623186,No phone service,No,No internet service,No internet service,No internet service,No internet service,No internet service,No internet service,Month-to-month,Yes,Mailed check,품질,1030421062,오지호,"고객이 회의 중 끊김 문제로 상담을 요청하고, 상담사는 장비 및 환경 점검 후 기사 방문 예약과 요금제 재조정을 안내했다."
6437-UDQJM,72,84.1,6129.65,327,85,3,0.63,0,True,False,True,False,False,False,0.0,0.0,0.1299765167575148,Yes,DSL,Yes,Yes,Yes,No,Yes,Yes,Two year,Yes,Credit card (automatic),요금,1046974248,오지민,"고객이 기업용 프리미엄 청구 금액이 평소보다 높다고 문의하자, 상담사가 원인 확인 및 조정 절차를 안내하고 진행 상황을 문자로 알리겠다고 설명했다."
0297-RBCSG,19,65.35,1231.85,392,27,2,0.524,0,True,False,True,False,False,False,0.0,0.0,0.0610860959505442,No phone service,DSL,No,Yes,No,Yes,No,Yes,One year,Yes,Electronic check,품질,1093133555,최하은,"고객이 DSL 끊김 문제를 상담하며, 상담사가 진단 후 기사 방문 예약과 요금제 적합성 재검토를 안내했다."
8938-UMKPI,47,106.4,5127.95,245,191,1,1.0,0,True,False,True,False,False,False,1.0,1.0,0.7634774346891141,Yes,Fiber optic,No,Yes,Yes,No,Yes,Yes,Month-to-month,Yes,Electronic check,장애,1008244688,신서현,고객이 인터넷 오류를 신고하면 상담사가 문제를 확인하고 원격 점검을 진행하겠다고 답변했다.
0354-VXMJC,23,19.6,426.65,0,0,0,0.0,1,True,False,True,False,False,False,0.0,0.0,0.0107641129367747,No phone service,No,No internet service,No internet service,No internet service,No internet service,No internet service,No internet service,Two year,Yes,Credit card (automatic),해당 없음,1011496810,한지민,대화 내용이 없으므로 요약할 내용이 없습니다.
4853-OITSN,5,89.15,413.25,435,31,2,0.761,0,True,False,True,False,False,False,0.0,1.0,0.6582904307651303,Yes,Fiber optic,Yes,Yes,No,No,No,Yes,Month-to-month,Yes,Electronic check,장애,1097048763,박하윤,"고객이 인터넷 불량으로 상담에 연락하자, 상담사가 지역 장애를 확인하고 임시 LTE 연결을 제공하며 요금제 재검토와 진행 사항 안내를 약속했다."
5572-ZDXHY,22,84.3,1855.65,1119,249,2,0.67,0,True,False,True,False,False,False,1.0,1.0,0.98283318444441,No phone service,Fiber optic,No,Yes,No,No,No,Yes,Month-to-month,Yes,Mailed check,해지,1061679678,김서연,고객이 해지를 원했지만 상담사의 개선 제안으로 고민해보겠다고 결정했다.
3612-YVGSJ,71,24.45,1681.6,0,0,0,0.0,1,True,False,True,False,False,False,0.0,0.0,0.0071395184635308,Yes,No,No internet service,No internet service,No internet service,No internet service,No internet service,No internet service,Two year,Yes,Credit card (automatic),해당 없음,1090642720,이지호,대화 내용이 없어서 요약할 수 없습니다.
7359-PTSXY,1,45.75,45.75,182,117,2,0.0,0,True,False,True,False,False,False,1.0,1.0,0.967627878454169,No phone service,DSL,No,Yes,No,No,No,No,Month-to-month,Yes,Electronic check,해지,1028152218,권하린,고객이 약정 만료로 해지하려고 하자 상담사가 혜택과 대안으로 요금제 변경을 제안하면서 기술 지원 연결을 제안했다.
0923-PNFUB,3,83.75,247.25,360,90,3,1.0,0,True,False,True,False,False,False,1.0,1.0,0.928233855178974,No phone service,Fiber optic,No,Yes,No,No,Yes,No,Month-to-month,Yes,Electronic check,해지,1034315565,이서현,고객이 인터넷 끊김 문제로 불만을 제기하면서 해지를 원함.
9185-TQCVP,14,85.15,1139.2,270,8,2,0.529,0,True,False,True,False,False,False,1.0,1.0,0.9271972419906568,Yes,Fiber optic,No,Yes,No,No,No,Yes,Month-to-month,Yes,Electronic check,요금,1075692080,이서연,고객이 청구 금액 증가에 대해 문의하자 상담사가 사용 내역과 요금제 적합성을 확인하고 조정을 약속했다.
5821-MMEIL,57,19.9,1115.6,523,24,1,1.0,0,True,False,True,False,False,False,0.0,0.0,0.0289553404960076,No phone service,No,No internet service,No internet service,No internet service,No internet service,No internet service,No internet service,Two year,Yes,Electronic check,요금,1020381198,서주원,고객이 청구 금액의 변동에 대해 문의하자 상담사는 네트워크 상태 점검과 문자 청구서 수신 전환을 제안하며 후속 연락을 약속했다.
7074-IEVOJ,3,79.4,205.05,258,35,1,0.608,0,True,False,True,False,False,False,1.0,1.0,0.7931100643706847,Yes,Fiber optic,No,Yes,No,No,No,No,Month-to-month,Yes,Electronic check,해지,1066933574,박지호,고객이 월간 이용 중 품질 문제로 해지를 고려하고 상담자가 대안과 해지 절차를 안내한 대화.
1329-VHWNP,7,25.05,189.95,550,63,3,0.0,0,True,False,True,False,False,False,0.0,1.0,0.6015712265854949,No phone service,DSL,No,Yes,No,No,No,No,Month-to-month,Yes,Electronic check,품질,1071914700,박민준,고객이 데이터 속도의 느림에 대해 문의하자 상담사가 문제 해결을 위해 점검 및 재부팅을 제안하며 추가 안내를 약속했다.
7919-ZODZZ,10,65.9,660.05,605,157,2,0.42,1,True,False,True,False,False,False,0.0,0.0,0.0749426427745624,No phone service,DSL,No,Yes,Yes,No,No,Yes,One year,Yes,Mailed check,요금,1080436124,이주원,고객이 요금 인상에 불만을 제기하자 상담사가 요금제 변경을 확인하고 환불 가능성을 안내하기로 했다.
1265-HVPZB,59,66.4,3958.2,0,0,0,0.5,1,True,False,True,False,False,False,0.0,0.0,0.0153580861236122,No phone service,DSL,Yes,Yes,Yes,No,Yes,No,One year,Yes,Credit card (automatic),해당 없음,1004887103,최하은,대화 내용이 없음을 알리는 요약입니다.
3655-SNQYZ,69,113.25,7895.15,580,33,0,0.958,1,True,False,True,False,False,False,0.0,0.0,0.1490124256884059,Yes,Fiber optic,Yes,Yes,Yes,Yes,Yes,Yes,Two year,Yes,Credit card (automatic),장애,1083673588,임연우,"고객이 인터넷 장애로 상담을 요청하자, 상담사가 점검과 복구 절차를 안내하며 보상과 요금제 검토를 약속했다."
1113-IUJYX,14,105.95,1348.9,504,15,1,0.616,0,True,False,True,False,False,False,1.0,1.0,0.7718022049169043,No phone service,Fiber optic,Yes,Yes,No,Yes,Yes,Yes,One year,Yes,Mailed check,품질,1008733254,조하은,"고객이 Fiber optic 회의 중 끊김 문제를 상담사에게 문의하고, 상담사는 단계별 점검과 요금제 적합성 재검토를 약속하며 진행사항을 문자로 안내하겠다고 설명했다."
5027-YOCXN,51,110.05,5686.4,251,40,0,0.639,1,True,False,True,False,False,False,0.0,1.0,0.659148337392026,Yes,Fiber optic,Yes,Yes,No,Yes,Yes,Yes,One year,Yes,Credit card (automatic),요금,1047929307,서주원,"고객이 청구금액이 증가한 문제로 상담 요청을 하여, 상담사가 원인 및 조치를 안내했다."
5177-RVZNU,37,20.3,755.4,450,96,0,0.41,1,True,False,True,False,False,False,0.0,0.0,0.0031034568595165,No phone service,No,No internet service,No internet service,No internet service,No internet service,No internet service,No internet service,One year,Yes,Electronic check,장애,1026622154,안주원,"고객은 인터넷 문제를 보고했으며, 상담사는 지역 장애 상황을 설명하고 복구 정보와 가이드를 문자로 보낼 것이라고 했습니다."
8292-TYSPY,19,55.0,1046.5,877,135,4,0.62,0,True,False,True,False,False,False,1.0,1.0,0.9092520577554872,No phone service,DSL,No,Yes,Yes,Yes,No,No,Month-to-month,Yes,Credit card (automatic),해지,1083383778,안시우,"고객이 서비스 해지를 원하자 상담사가 개선 방안을 제시하고, 고객은 제안서를 받은 후 결정하겠다고 응답했다."
5868-CZJDR,1,31.35,31.35,273,20,2,0.11,1,True,False,True,False,False,False,1.0,1.0,0.808748120685373,No phone service,DSL,No,Yes,No,No,No,No,Month-to-month,Yes,Mailed check,요금,1016502273,오시우,"고객이 이상한 청구금액에 대해 문의하자 상담사는 요금제와 사용량 분석을 통해 더 적합한 요금제로 변경하면 절감이 가능하다고 안내하며, 진행 사항을 문자로 통지하겠다고 말했다."
1174-FGIFN,28,90.45,2509.25,160,30,1,1.0,1,True,False,True,False,False,False,0.0,0.0,0.2716473658329357,Yes,Fiber optic,No,Yes,No,Yes,No,Yes,One year,Yes,Electronic check,품질,1096815526,권지민,"고객이 인터넷 속도가 느려졌다고 상담사에게 문의하고, 상담사가 신호를 재설정해 주며 대화가 마무리됨."
5243-SAOTC,54,79.85,4308.25,146,43,0,0.621,1,True,False,True,False,False,False,0.0,0.0,0.3479567480506129,Yes,Fiber optic,No,Yes,No,No,No,No,Month-to-month,Yes,Electronic check,요금,1052801286,황주원,"고객이 안심요금 청구액이 증가한 이유를 문의하자 상담사가 요금제와 사용 패턴을 분석해 더 적합한 요금제로 변경 시 절감 가능성을 안내하고, 진행 사항을 문자로 알리기로 했다."
7180-PISOG,1,74.5,74.5,390,110,3,1.0,0,True,False,True,False,False,False,1.0,1.0,0.971154218580021,Yes,Fiber optic,No,Yes,No,No,No,No,Month-to-month,Yes,Electronic check,해지,1051819328,서하린,고객이 인터넷 설치 문제로 격앙되어 상담사에게 계약 해지를 요청했다.
